record_date,month_year,customer_id,region,plan_name,subscription_status,invoiced_amount,paid_amount,is_zombie_invoice,is_ghost_subscriber,leakage_amount,status_label
2024-01-01,2024-01,1001,East,Basic,Cancelled,10.00,10.00,0,0,0.00,"Clean Transaction"
2024-01-01,2024-01,1002,West,Basic,Active,10.00,10.00,0,0,0.00,"Clean Transaction"
2024-01-01,2024-01,1003,North,Enterprise,Cancelled,200.00,200.00,0,0,0.00,"Clean Transaction"
2024-01-01,2024-01,1004,East,Basic,Active,10.00,9.04,0,0,0.96,"Partial Payment"
2024-01-01,2024-01,1005,East,Pro,Cancelled,50.00,50.00,0,0,0.00,"Clean Transaction"
2024-01-01,2024-01,1006,West,Basic,Cancelled,10.00,10.00,0,0,0.00,"Clean Transaction"
2024-01-01,2024-01,1007,North,Enterprise,Active,200.00,200.00,0,0,0.00,"Clean Transaction"
2024-01-01,2024-01,1008,North,Pro,Active,50.00,50.00,0,0,0.00,"Clean Transaction"
2024-01-01,2024-01,1009,East,Enterprise,Active,200.00,200.00,0,0,0.00,"Clean Transaction"
2024-01-01,2024-01,1010,South,Pro,Active,50.00,50.00,0,0,0.00,"Clean Transaction"
2024-01-01,2024-01,1011,East,Basic,Active,10.00,10.00,0,0,0.00,"Clean Transaction"
2024-01-01,2024-01,1012,East,Basic,Cancelled,10.00,10.00,0,0,0.00,"Clean Transaction"
2024-01-01,2024-01,1013,East,Basic,Active,10.00,10.00,0,0,0.00,"Clean Transaction"
2024-01-01,2024-01,1014,East,Basic,Active,10.00,10.00,0,0,0.00,"Clean Transaction"
2024-01-01,2024-01,1015,West,Basic,Active,10.00,10.00,0,0,0.00,"Clean Transaction"
2024-01-01,2024-01,1016,North,Basic,Active,10.00,10.00,0,0,0.00,"Clean Transaction"
2024-01-01,2024-01,1017,West,Pro,Active,50.00,50.00,0,0,0.00,"Clean Transaction"
2024-01-01,2024-01,1018,West,Pro,Active,50.00,50.00,0,0,0.00,"Clean Transaction"
2024-01-01,2024-01,1019,West,Enterprise,Active,200.00,200.00,0,0,0.00,"Clean Transaction"
2024-01-01,2024-01,1020,East,Pro,Active,50.00,50.00,0,0,0.00,"Clean Transaction"
2024-01-01,2024-01,1021,South,Pro,Active,50.00,50.00,0,0,0.00,"Clean Transaction"
2024-01-01,2024-01,1022,North,Basic,Active,10.00,10.00,0,0,0.00,"Clean Transaction"
2024-01-01,2024-01,1023,South,Enterprise,Active,200.00,200.00,0,0,0.00,"Clean Transaction"
2024-01-01,2024-01,1024,West,Pro,Active,50.00,50.00,0,0,0.00,"Clean Transaction"
2024-01-01,2024-01,1025,West,Enterprise,Active,200.00,200.00,0,0,0.00,"Clean Transaction"
2024-01-01,2024-01,1026,South,Pro,Active,50.00,50.00,0,0,0.00,"Clean Transaction"
2024-01-01,2024-01,1027,South,Pro,Active,50.00,50.00,0,0,0.00,"Clean Transaction"
2024-01-01,2024-01,1028,South,Enterprise,Active,200.00,200.00,0,0,0.00,"Clean Transaction"
2024-01-01,2024-01,1029,West,Basic,Active,10.00,10.00,0,0,0.00,"Clean Transaction"
2024-01-01,2024-01,1030,West,Enterprise,Active,200.00,200.00,0,0,0.00,"Clean Transaction"
2024-01-01,2024-01,1031,North,Basic,Active,10.00,10.00,0,0,0.00,"Clean Transaction"
2024-01-01,2024-01,1032,North,Pro,Active,50.00,0.00,1,0,50.00,"Unpaid Invoice"
2024-01-01,2024-01,1033,West,Pro,Cancelled,50.00,50.00,0,0,0.00,"Clean Transaction"
2024-01-01,2024-01,1034,South,Pro,Active,50.00,50.00,0,0,0.00,"Clean Transaction"
2024-01-01,2024-01,1035,South,Enterprise,Active,200.00,200.00,0,0,0.00,"Clean Transaction"
2024-01-01,2024-01,1036,North,Enterprise,Active,200.00,200.00,0,0,0.00,"Clean Transaction"
2024-01-01,2024-01,1037,West,Basic,Active,10.00,10.00,0,0,0.00,"Clean Transaction"
2024-01-01,2024-01,1038,North,Enterprise,Active,200.00,200.00,0,0,0.00,"Clean Transaction"
2024-01-01,2024-01,1039,North,Basic,Active,10.00,10.00,0,0,0.00,"Clean Transaction"
2024-01-01,2024-01,1040,East,Basic,Active,10.00,0.00,1,0,10.00,"Unpaid Invoice"
2024-01-01,2024-01,1041,East,Pro,Active,50.00,50.00,0,0,0.00,"Clean Transaction"
2024-01-01,2024-01,1042,East,Basic,Cancelled,10.00,10.00,0,0,0.00,"Clean Transaction"
2024-01-01,2024-01,1043,South,Pro,Active,50.00,50.00,0,0,0.00,"Clean Transaction"
2024-01-01,2024-01,1044,West,Pro,Active,50.00,50.00,0,0,0.00,"Clean Transaction"
2024-01-01,2024-01,1045,West,Basic,Cancelled,10.00,10.00,0,0,0.00,"Clean Transaction"
2024-01-01,2024-01,1046,West,Enterprise,Cancelled,200.00,193.09,0,0,6.91,"Partial Payment"
2024-01-01,2024-01,1047,West,Basic,Cancelled,10.00,10.00,0,0,0.00,"Clean Transaction"
2024-01-01,2024-01,1048,East,Basic,Active,10.00,10.00,0,0,0.00,"Clean Transaction"
2024-01-01,2024-01,1049,South,Enterprise,Active,200.00,200.00,0,0,0.00,"Clean Transaction"
2024-01-01,2024-01,1050,South,Pro,Active,50.00,50.00,0,0,0.00,"Clean Transaction"
2024-01-01,2024-01,1051,East,Pro,Active,50.00,50.00,0,0,0.00,"Clean Transaction"
2024-01-01,2024-01,1052,South,Enterprise,Cancelled,200.00,200.00,0,0,0.00,"Clean Transaction"
2024-01-01,2024-01,1053,East,Enterprise,Active,200.00,200.00,0,0,0.00,"Clean Transaction"
2024-01-01,2024-01,1054,West,Basic,Active,10.00,10.00,0,0,0.00,"Clean Transaction"
2024-01-01,2024-01,1055,East,Enterprise,Active,200.00,200.00,0,0,0.00,"Clean Transaction"
2024-01-01,2024-01,1056,West,Enterprise,Active,200.00,200.00,0,0,0.00,"Clean Transaction"
2024-01-01,2024-01,1057,West,Enterprise,Active,200.00,200.00,0,0,0.00,"Clean Transaction"
2024-01-01,2024-01,1058,North,Pro,Active,50.00,50.00,0,0,0.00,"Clean Transaction"
2024-01-01,2024-01,1059,East,Basic,Active,10.00,10.00,0,0,0.00,"Clean Transaction"
2024-01-01,2024-01,1061,East,Pro,Active,50.00,50.00,0,0,0.00,"Clean Transaction"
2024-01-01,2024-01,1062,East,Pro,Active,50.00,50.00,0,0,0.00,"Clean Transaction"
2024-01-01,2024-01,1063,North,Basic,Active,10.00,10.00,0,0,0.00,"Clean Transaction"
2024-01-01,2024-01,1064,North,Basic,Active,10.00,10.00,0,0,0.00,"Clean Transaction"
2024-01-01,2024-01,1065,East,Pro,Active,50.00,50.00,0,0,0.00,"Clean Transaction"
2024-01-01,2024-01,1066,South,Basic,Active,10.00,10.00,0,0,0.00,"Clean Transaction"
2024-01-01,2024-01,1067,West,Pro,Active,50.00,50.00,0,0,0.00,"Clean Transaction"
2024-01-01,2024-01,1068,North,Enterprise,Active,200.00,200.00,0,0,0.00,"Clean Transaction"
2024-01-01,2024-01,1069,West,Enterprise,Active,200.00,200.00,0,0,0.00,"Clean Transaction"
2024-01-01,2024-01,1070,South,Enterprise,Active,200.00,200.00,0,0,0.00,"Clean Transaction"
2024-01-01,2024-01,1071,South,Enterprise,Active,200.00,200.00,0,0,0.00,"Clean Transaction"
2024-01-01,2024-01,1072,South,Enterprise,Cancelled,200.00,200.00,0,0,0.00,"Clean Transaction"
2024-01-01,2024-01,1073,North,Enterprise,Active,200.00,200.00,0,0,0.00,"Clean Transaction"
2024-01-01,2024-01,1074,South,Basic,Cancelled,10.00,10.00,0,0,0.00,"Clean Transaction"
2024-01-01,2024-01,1075,North,Enterprise,Active,200.00,200.00,0,0,0.00,"Clean Transaction"
2024-01-01,2024-01,1076,South,Enterprise,Active,200.00,185.27,0,0,14.73,"Partial Payment"
2024-01-01,2024-01,1077,West,Basic,Active,10.00,10.00,0,0,0.00,"Clean Transaction"
2024-01-01,2024-01,1078,West,Pro,Active,50.00,50.00,0,0,0.00,"Clean Transaction"
2024-01-01,2024-01,1079,East,Basic,Active,10.00,10.00,0,0,0.00,"Clean Transaction"
2024-01-01,2024-01,1080,West,Enterprise,Active,200.00,200.00,0,0,0.00,"Clean Transaction"
2024-01-01,2024-01,1081,East,Pro,Active,50.00,50.00,0,0,0.00,"Clean Transaction"
2024-01-01,2024-01,1082,West,Basic,Active,10.00,10.00,0,0,0.00,"Clean Transaction"
2024-01-01,2024-01,1083,North,Pro,Cancelled,50.00,50.00,0,0,0.00,"Clean Transaction"
2024-01-01,2024-01,1084,West,Pro,Cancelled,50.00,50.00,0,0,0.00,"Clean Transaction"
2024-01-01,2024-01,1085,East,Basic,Active,10.00,10.00,0,0,0.00,"Clean Transaction"
2024-01-01,2024-01,1086,East,Basic,Active,10.00,10.00,0,0,0.00,"Clean Transaction"
2024-01-01,2024-01,1087,South,Pro,Active,50.00,50.00,0,0,0.00,"Clean Transaction"
2024-01-01,2024-01,1088,North,Pro,Active,50.00,50.00,0,0,0.00,"Clean Transaction"
2024-01-01,2024-01,1089,West,Basic,Active,10.00,10.00,0,0,0.00,"Clean Transaction"
2024-01-01,2024-01,1090,South,Pro,Active,50.00,50.00,0,0,0.00,"Clean Transaction"
2024-01-01,2024-01,1091,West,Basic,Active,10.00,10.00,0,0,0.00,"Clean Transaction"
2024-01-01,2024-01,1092,West,Basic,Active,10.00,10.00,0,0,0.00,"Clean Transaction"
2024-01-01,2024-01,1093,South,Pro,Active,50.00,50.00,0,0,0.00,"Clean Transaction"
2024-01-01,2024-01,1094,South,Basic,Active,10.00,10.00,0,0,0.00,"Clean Transaction"
2024-01-01,2024-01,1095,South,Pro,Active,50.00,47.32,0,0,2.68,"Partial Payment"
2024-01-01,2024-01,1096,South,Pro,Active,50.00,50.00,0,0,0.00,"Clean Transaction"
2024-01-01,2024-01,1098,West,Enterprise,Active,200.00,200.00,0,0,0.00,"Clean Transaction"
2024-01-01,2024-01,1099,South,Enterprise,Active,200.00,200.00,0,0,0.00,"Clean Transaction"
2024-01-01,2024-01,1100,North,Basic,Active,10.00,10.00,0,0,0.00,"Clean Transaction"
2024-01-01,2024-01,1101,East,Enterprise,Active,200.00,200.00,0,0,0.00,"Clean Transaction"
2024-01-01,2024-01,1102,South,Enterprise,Active,200.00,200.00,0,0,0.00,"Clean Transaction"
2024-01-01,2024-01,1103,South,Enterprise,Active,200.00,200.00,0,0,0.00,"Clean Transaction"
2024-01-01,2024-01,1105,South,Pro,Active,50.00,50.00,0,0,0.00,"Clean Transaction"
2024-01-01,2024-01,1106,South,Basic,Active,10.00,9.65,0,0,0.35,"Partial Payment"
2024-01-01,2024-01,1107,South,Basic,Active,10.00,10.00,0,0,0.00,"Clean Transaction"
2024-01-01,2024-01,1108,West,Pro,Active,50.00,50.00,0,0,0.00,"Clean Transaction"
2024-01-01,2024-01,1109,South,Pro,Active,50.00,50.00,0,0,0.00,"Clean Transaction"
2024-01-01,2024-01,1110,East,Basic,Active,10.00,10.00,0,0,0.00,"Clean Transaction"
2024-01-01,2024-01,1111,West,Enterprise,Active,200.00,200.00,0,0,0.00,"Clean Transaction"
2024-01-01,2024-01,1112,East,Enterprise,Active,200.00,200.00,0,0,0.00,"Clean Transaction"
2024-01-01,2024-01,1113,West,Basic,Active,10.00,9.49,0,0,0.51,"Partial Payment"
2024-01-01,2024-01,1114,South,Basic,Active,10.00,10.00,0,0,0.00,"Clean Transaction"
2024-01-01,2024-01,1115,East,Enterprise,Cancelled,200.00,200.00,0,0,0.00,"Clean Transaction"
2024-01-01,2024-01,1116,West,Enterprise,Active,200.00,200.00,0,0,0.00,"Clean Transaction"
2024-01-01,2024-01,1117,North,Pro,Active,50.00,50.00,0,0,0.00,"Clean Transaction"
2024-01-01,2024-01,1118,South,Enterprise,Active,200.00,200.00,0,0,0.00,"Clean Transaction"
2024-01-01,2024-01,1119,West,Pro,Active,50.00,50.00,0,0,0.00,"Clean Transaction"
2024-01-01,2024-01,1120,North,Pro,Active,50.00,50.00,0,0,0.00,"Clean Transaction"
2024-01-01,2024-01,1121,West,Enterprise,Active,200.00,200.00,0,0,0.00,"Clean Transaction"
2024-01-01,2024-01,1122,North,Basic,Active,10.00,10.00,0,0,0.00,"Clean Transaction"
2024-01-01,2024-01,1123,South,Enterprise,Active,200.00,200.00,0,0,0.00,"Clean Transaction"
2024-01-01,2024-01,1124,East,Basic,Cancelled,10.00,10.00,0,0,0.00,"Clean Transaction"
2024-01-01,2024-01,1125,North,Pro,Active,50.00,50.00,0,0,0.00,"Clean Transaction"
2024-01-01,2024-01,1126,West,Basic,Active,10.00,10.00,0,0,0.00,"Clean Transaction"
2024-01-01,2024-01,1127,South,Pro,Active,50.00,50.00,0,0,0.00,"Clean Transaction"
2024-01-01,2024-01,1128,North,Enterprise,Active,200.00,200.00,0,0,0.00,"Clean Transaction"
2024-01-01,2024-01,1129,West,Basic,Active,10.00,10.00,0,0,0.00,"Clean Transaction"
2024-01-01,2024-01,1130,West,Pro,Cancelled,50.00,50.00,0,0,0.00,"Clean Transaction"
2024-01-01,2024-01,1131,West,Pro,Active,50.00,50.00,0,0,0.00,"Clean Transaction"
2024-01-01,2024-01,1132,North,Pro,Active,50.00,50.00,0,0,0.00,"Clean Transaction"
2024-01-01,2024-01,1133,North,Enterprise,Active,200.00,200.00,0,0,0.00,"Clean Transaction"
2024-01-01,2024-01,1134,North,Enterprise,Active,200.00,200.00,0,0,0.00,"Clean Transaction"
2024-01-01,2024-01,1135,East,Enterprise,Active,200.00,200.00,0,0,0.00,"Clean Transaction"
2024-01-01,2024-01,1136,North,Basic,Active,10.00,10.00,0,0,0.00,"Clean Transaction"
2024-01-01,2024-01,1137,North,Basic,Active,10.00,10.00,0,0,0.00,"Clean Transaction"
2024-01-01,2024-01,1138,North,Enterprise,Active,200.00,200.00,0,0,0.00,"Clean Transaction"
2024-01-01,2024-01,1139,East,Pro,Active,50.00,50.00,0,0,0.00,"Clean Transaction"
2024-01-01,2024-01,1140,North,Basic,Active,10.00,10.00,0,0,0.00,"Clean Transaction"
2024-01-01,2024-01,1141,West,Pro,Active,50.00,47.16,0,0,2.84,"Partial Payment"
2024-01-01,2024-01,1142,North,Basic,Cancelled,10.00,10.00,0,0,0.00,"Clean Transaction"
2024-01-01,2024-01,1143,West,Basic,Active,10.00,10.00,0,0,0.00,"Clean Transaction"
2024-01-01,2024-01,1144,West,Enterprise,Active,200.00,200.00,0,0,0.00,"Clean Transaction"
2024-01-01,2024-01,1145,West,Basic,Active,10.00,10.00,0,0,0.00,"Clean Transaction"
2024-01-01,2024-01,1146,East,Enterprise,Cancelled,200.00,200.00,0,0,0.00,"Clean Transaction"
2024-01-01,2024-01,1147,East,Enterprise,Active,200.00,200.00,0,0,0.00,"Clean Transaction"
2024-01-01,2024-01,1148,East,Pro,Active,50.00,50.00,0,0,0.00,"Clean Transaction"
2024-01-01,2024-01,1149,North,Pro,Active,50.00,50.00,0,0,0.00,"Clean Transaction"
2024-01-01,2024-01,1150,West,Basic,Active,10.00,10.00,0,0,0.00,"Clean Transaction"
2024-01-01,2024-01,1151,East,Pro,Active,50.00,50.00,0,0,0.00,"Clean Transaction"
2024-01-01,2024-01,1152,East,Pro,Active,50.00,50.00,0,0,0.00,"Clean Transaction"
2024-01-01,2024-01,1153,North,Enterprise,Active,200.00,200.00,0,0,0.00,"Clean Transaction"
2024-01-01,2024-01,1154,East,Enterprise,Active,200.00,200.00,0,0,0.00,"Clean Transaction"
2024-01-01,2024-01,1155,North,Basic,Active,10.00,10.00,0,0,0.00,"Clean Transaction"
2024-01-01,2024-01,1156,South,Pro,Active,50.00,0.00,1,0,50.00,"Unpaid Invoice"
2024-01-01,2024-01,1157,East,Enterprise,Active,200.00,200.00,0,0,0.00,"Clean Transaction"
2024-01-01,2024-01,1158,South,Pro,Active,50.00,50.00,0,0,0.00,"Clean Transaction"
2024-01-01,2024-01,1159,North,Pro,Active,50.00,50.00,0,0,0.00,"Clean Transaction"
2024-01-01,2024-01,1160,West,Basic,Active,10.00,10.00,0,0,0.00,"Clean Transaction"
2024-01-01,2024-01,1161,East,Enterprise,Active,200.00,200.00,0,0,0.00,"Clean Transaction"
2024-01-01,2024-01,1162,North,Basic,Active,10.00,10.00,0,0,0.00,"Clean Transaction"
2024-01-01,2024-01,1163,West,Basic,Active,10.00,10.00,0,0,0.00,"Clean Transaction"
2024-01-01,2024-01,1164,West,Pro,Active,50.00,50.00,0,0,0.00,"Clean Transaction"
2024-01-01,2024-01,1165,South,Basic,Active,10.00,10.00,0,0,0.00,"Clean Transaction"
2024-01-01,2024-01,1166,North,Pro,Active,50.00,50.00,0,0,0.00,"Clean Transaction"
2024-01-01,2024-01,1167,West,Basic,Cancelled,10.00,10.00,0,0,0.00,"Clean Transaction"
2024-01-01,2024-01,1168,East,Pro,Active,50.00,50.00,0,0,0.00,"Clean Transaction"
2024-01-01,2024-01,1169,East,Pro,Active,50.00,50.00,0,0,0.00,"Clean Transaction"
2024-01-01,2024-01,1170,South,Pro,Active,50.00,50.00,0,0,0.00,"Clean Transaction"
2024-01-01,2024-01,1171,West,Pro,Active,50.00,50.00,0,0,0.00,"Clean Transaction"
2024-01-01,2024-01,1172,North,Pro,Active,50.00,50.00,0,0,0.00,"Clean Transaction"
2024-01-01,2024-01,1173,East,Basic,Active,10.00,10.00,0,0,0.00,"Clean Transaction"
2024-01-01,2024-01,1174,West,Basic,Active,10.00,10.00,0,0,0.00,"Clean Transaction"
2024-01-01,2024-01,1175,West,Pro,Active,50.00,50.00,0,0,0.00,"Clean Transaction"
2024-01-01,2024-01,1176,South,Pro,Active,50.00,50.00,0,0,0.00,"Clean Transaction"
2024-01-01,2024-01,1177,East,Pro,Active,50.00,50.00,0,0,0.00,"Clean Transaction"
2024-01-01,2024-01,1178,East,Basic,Active,10.00,0.00,1,0,10.00,"Unpaid Invoice"
2024-01-01,2024-01,1179,North,Pro,Active,50.00,50.00,0,0,0.00,"Clean Transaction"
2024-01-01,2024-01,1180,East,Basic,Active,10.00,10.00,0,0,0.00,"Clean Transaction"
2024-01-01,2024-01,1181,North,Basic,Active,10.00,10.00,0,0,0.00,"Clean Transaction"
2024-01-01,2024-01,1182,East,Basic,Active,10.00,10.00,0,0,0.00,"Clean Transaction"
2024-01-01,2024-01,1183,South,Pro,Active,50.00,50.00,0,0,0.00,"Clean Transaction"
2024-01-01,2024-01,1184,East,Basic,Active,10.00,10.00,0,0,0.00,"Clean Transaction"
2024-01-01,2024-01,1185,North,Basic,Active,10.00,10.00,0,0,0.00,"Clean Transaction"
2024-01-01,2024-01,1186,North,Pro,Active,50.00,46.90,0,0,3.10,"Partial Payment"
2024-01-01,2024-01,1187,South,Pro,Active,50.00,50.00,0,0,0.00,"Clean Transaction"
2024-01-01,2024-01,1188,East,Basic,Active,10.00,10.00,0,0,0.00,"Clean Transaction"
2024-01-01,2024-01,1189,East,Basic,Active,10.00,10.00,0,0,0.00,"Clean Transaction"
2024-01-01,2024-01,1190,South,Enterprise,Active,200.00,200.00,0,0,0.00,"Clean Transaction"
2024-01-01,2024-01,1191,East,Enterprise,Active,200.00,200.00,0,0,0.00,"Clean Transaction"
2024-01-01,2024-01,1193,North,Pro,Active,50.00,50.00,0,0,0.00,"Clean Transaction"
2024-01-01,2024-01,1194,East,Pro,Active,50.00,50.00,0,0,0.00,"Clean Transaction"
2024-01-01,2024-01,1195,East,Enterprise,Active,200.00,200.00,0,0,0.00,"Clean Transaction"
2024-01-01,2024-01,1196,South,Pro,Cancelled,50.00,50.00,0,0,0.00,"Clean Transaction"
2024-01-01,2024-01,1197,South,Basic,Active,10.00,0.00,1,0,10.00,"Unpaid Invoice"
2024-01-01,2024-01,1198,West,Basic,Active,10.00,10.00,0,0,0.00,"Clean Transaction"
2024-01-01,2024-01,1199,North,Pro,Active,50.00,50.00,0,0,0.00,"Clean Transaction"
2024-01-01,2024-01,1200,East,Enterprise,Active,200.00,200.00,0,0,0.00,"Clean Transaction"
2024-01-01,2024-01,1201,East,Enterprise,Active,200.00,200.00,0,0,0.00,"Clean Transaction"
2024-01-01,2024-01,1202,West,Enterprise,Cancelled,200.00,200.00,0,0,0.00,"Clean Transaction"
2024-01-01,2024-01,1203,East,Basic,Cancelled,10.00,10.00,0,0,0.00,"Clean Transaction"
2024-01-01,2024-01,1205,West,Pro,Active,50.00,50.00,0,0,0.00,"Clean Transaction"
2024-01-01,2024-01,1206,North,Enterprise,Active,200.00,200.00,0,0,0.00,"Clean Transaction"
2024-01-01,2024-01,1207,West,Basic,Active,10.00,10.00,0,0,0.00,"Clean Transaction"
2024-01-01,2024-01,1208,West,Basic,Active,10.00,10.00,0,0,0.00,"Clean Transaction"
2024-01-01,2024-01,1209,South,Enterprise,Active,200.00,200.00,0,0,0.00,"Clean Transaction"
2024-01-01,2024-01,1210,North,Basic,Active,10.00,10.00,0,0,0.00,"Clean Transaction"
2024-01-01,2024-01,1211,East,Enterprise,Cancelled,200.00,200.00,0,0,0.00,"Clean Transaction"
2024-01-01,2024-01,1212,East,Basic,Active,10.00,10.00,0,0,0.00,"Clean Transaction"
2024-01-01,2024-01,1213,North,Pro,Active,50.00,50.00,0,0,0.00,"Clean Transaction"
2024-01-01,2024-01,1214,East,Basic,Active,10.00,10.00,0,0,0.00,"Clean Transaction"
2024-01-01,2024-01,1215,East,Enterprise,Active,200.00,200.00,0,0,0.00,"Clean Transaction"
2024-01-01,2024-01,1216,North,Pro,Active,50.00,50.00,0,0,0.00,"Clean Transaction"
2024-01-01,2024-01,1217,West,Pro,Active,50.00,50.00,0,0,0.00,"Clean Transaction"
2024-01-01,2024-01,1218,North,Basic,Active,10.00,10.00,0,0,0.00,"Clean Transaction"
2024-01-01,2024-01,1219,West,Enterprise,Active,200.00,200.00,0,0,0.00,"Clean Transaction"
2024-01-01,2024-01,1220,East,Pro,Active,50.00,50.00,0,0,0.00,"Clean Transaction"
2024-01-01,2024-01,1221,East,Pro,Active,50.00,50.00,0,0,0.00,"Clean Transaction"
2024-01-01,2024-01,1222,East,Enterprise,Active,200.00,200.00,0,0,0.00,"Clean Transaction"
2024-01-01,2024-01,1223,South,Basic,Active,10.00,10.00,0,0,0.00,"Clean Transaction"
2024-01-01,2024-01,1224,West,Basic,Active,10.00,10.00,0,0,0.00,"Clean Transaction"
2024-01-01,2024-01,1225,South,Pro,Active,50.00,50.00,0,0,0.00,"Clean Transaction"
2024-01-01,2024-01,1226,South,Pro,Active,50.00,50.00,0,0,0.00,"Clean Transaction"
2024-01-01,2024-01,1227,North,Basic,Cancelled,10.00,10.00,0,0,0.00,"Clean Transaction"
2024-01-01,2024-01,1228,South,Enterprise,Active,200.00,200.00,0,0,0.00,"Clean Transaction"
2024-01-01,2024-01,1229,North,Pro,Cancelled,50.00,50.00,0,0,0.00,"Clean Transaction"
2024-01-01,2024-01,1230,North,Basic,Cancelled,10.00,10.00,0,0,0.00,"Clean Transaction"
2024-01-01,2024-01,1232,West,Basic,Active,10.00,10.00,0,0,0.00,"Clean Transaction"
2024-01-01,2024-01,1233,West,Basic,Active,10.00,10.00,0,0,0.00,"Clean Transaction"
2024-01-01,2024-01,1234,West,Pro,Active,50.00,50.00,0,0,0.00,"Clean Transaction"
2024-01-01,2024-01,1235,West,Pro,Active,50.00,50.00,0,0,0.00,"Clean Transaction"
2024-01-01,2024-01,1236,West,Basic,Cancelled,10.00,10.00,0,0,0.00,"Clean Transaction"
2024-01-01,2024-01,1237,South,Basic,Active,10.00,10.00,0,0,0.00,"Clean Transaction"
2024-01-01,2024-01,1238,South,Enterprise,Active,200.00,200.00,0,0,0.00,"Clean Transaction"
2024-01-01,2024-01,1239,East,Pro,Active,50.00,50.00,0,0,0.00,"Clean Transaction"
2024-01-01,2024-01,1240,West,Enterprise,Active,200.00,200.00,0,0,0.00,"Clean Transaction"
2024-01-01,2024-01,1241,South,Basic,Active,10.00,10.00,0,0,0.00,"Clean Transaction"
2024-01-01,2024-01,1242,East,Basic,Cancelled,10.00,0.00,1,0,10.00,"Unpaid Invoice"
2024-01-01,2024-01,1243,West,Enterprise,Active,200.00,200.00,0,0,0.00,"Clean Transaction"
2024-01-01,2024-01,1244,North,Enterprise,Active,200.00,200.00,0,0,0.00,"Clean Transaction"
2024-01-01,2024-01,1245,East,Basic,Active,10.00,10.00,0,0,0.00,"Clean Transaction"
2024-01-01,2024-01,1246,South,Pro,Active,50.00,50.00,0,0,0.00,"Clean Transaction"
2024-01-01,2024-01,1247,North,Enterprise,Cancelled,200.00,200.00,0,0,0.00,"Clean Transaction"
2024-01-01,2024-01,1248,North,Pro,Active,50.00,50.00,0,0,0.00,"Clean Transaction"
2024-01-01,2024-01,1249,North,Enterprise,Active,200.00,200.00,0,0,0.00,"Clean Transaction"
2024-01-01,2024-01,1250,East,Basic,Active,10.00,10.00,0,0,0.00,"Clean Transaction"
2024-01-01,2024-01,1251,South,Enterprise,Active,200.00,200.00,0,0,0.00,"Clean Transaction"
2024-01-01,2024-01,1252,North,Basic,Active,10.00,10.00,0,0,0.00,"Clean Transaction"
2024-01-01,2024-01,1253,West,Basic,Active,10.00,9.84,0,0,0.16,"Partial Payment"
2024-01-01,2024-01,1254,North,Enterprise,Active,200.00,200.00,0,0,0.00,"Clean Transaction"
2024-01-01,2024-01,1255,North,Basic,Active,10.00,10.00,0,0,0.00,"Clean Transaction"
2024-01-01,2024-01,1256,East,Pro,Active,50.00,50.00,0,0,0.00,"Clean Transaction"
2024-01-01,2024-01,1257,East,Basic,Active,10.00,10.00,0,0,0.00,"Clean Transaction"
2024-01-01,2024-01,1258,South,Pro,Active,50.00,50.00,0,0,0.00,"Clean Transaction"
2024-01-01,2024-01,1259,West,Enterprise,Active,200.00,200.00,0,0,0.00,"Clean Transaction"
2024-01-01,2024-01,1260,East,Pro,Active,50.00,50.00,0,0,0.00,"Clean Transaction"
2024-01-01,2024-01,1261,North,Basic,Active,10.00,10.00,0,0,0.00,"Clean Transaction"
2024-01-01,2024-01,1262,South,Pro,Cancelled,50.00,50.00,0,0,0.00,"Clean Transaction"
2024-01-01,2024-01,1263,North,Enterprise,Active,200.00,200.00,0,0,0.00,"Clean Transaction"
2024-01-01,2024-01,1264,North,Enterprise,Active,200.00,200.00,0,0,0.00,"Clean Transaction"
2024-01-01,2024-01,1265,East,Enterprise,Active,200.00,200.00,0,0,0.00,"Clean Transaction"
2024-01-01,2024-01,1266,South,Basic,Active,10.00,10.00,0,0,0.00,"Clean Transaction"
2024-01-01,2024-01,1267,West,Basic,Active,10.00,10.00,0,0,0.00,"Clean Transaction"
2024-01-01,2024-01,1268,West,Basic,Active,10.00,10.00,0,0,0.00,"Clean Transaction"
2024-01-01,2024-01,1269,East,Enterprise,Active,200.00,200.00,0,0,0.00,"Clean Transaction"
2024-01-01,2024-01,1270,East,Basic,Active,10.00,10.00,0,0,0.00,"Clean Transaction"
2024-01-01,2024-01,1271,South,Enterprise,Active,200.00,200.00,0,0,0.00,"Clean Transaction"
2024-01-01,2024-01,1272,West,Pro,Active,50.00,50.00,0,0,0.00,"Clean Transaction"
2024-01-01,2024-01,1273,West,Pro,Active,50.00,50.00,0,0,0.00,"Clean Transaction"
2024-01-01,2024-01,1274,West,Pro,Active,50.00,50.00,0,0,0.00,"Clean Transaction"
2024-01-01,2024-01,1275,North,Enterprise,Active,200.00,200.00,0,0,0.00,"Clean Transaction"
2024-01-01,2024-01,1276,West,Basic,Cancelled,10.00,10.00,0,0,0.00,"Clean Transaction"
2024-01-01,2024-01,1277,North,Enterprise,Active,200.00,200.00,0,0,0.00,"Clean Transaction"
2024-01-01,2024-01,1278,South,Pro,Cancelled,50.00,50.00,0,0,0.00,"Clean Transaction"
2024-01-01,2024-01,1279,North,Pro,Active,50.00,50.00,0,0,0.00,"Clean Transaction"
2024-01-01,2024-01,1280,South,Enterprise,Active,200.00,200.00,0,0,0.00,"Clean Transaction"
2024-01-01,2024-01,1281,West,Pro,Active,50.00,50.00,0,0,0.00,"Clean Transaction"
2024-01-01,2024-01,1282,West,Pro,Active,50.00,50.00,0,0,0.00,"Clean Transaction"
2024-01-01,2024-01,1283,South,Basic,Active,10.00,10.00,0,0,0.00,"Clean Transaction"
2024-01-01,2024-01,1284,East,Pro,Cancelled,50.00,50.00,0,0,0.00,"Clean Transaction"
2024-01-01,2024-01,1285,South,Pro,Cancelled,50.00,50.00,0,0,0.00,"Clean Transaction"
2024-01-01,2024-01,1286,East,Basic,Active,10.00,10.00,0,0,0.00,"Clean Transaction"
2024-01-01,2024-01,1287,North,Basic,Active,10.00,10.00,0,0,0.00,"Clean Transaction"
2024-01-01,2024-01,1288,North,Pro,Cancelled,50.00,50.00,0,0,0.00,"Clean Transaction"
2024-01-01,2024-01,1289,North,Enterprise,Active,200.00,200.00,0,0,0.00,"Clean Transaction"
2024-01-01,2024-01,1290,West,Basic,Cancelled,10.00,10.00,0,0,0.00,"Clean Transaction"
2024-01-01,2024-01,1291,North,Basic,Active,10.00,10.00,0,0,0.00,"Clean Transaction"
2024-01-01,2024-01,1292,East,Enterprise,Active,200.00,200.00,0,0,0.00,"Clean Transaction"
2024-01-01,2024-01,1293,North,Pro,Active,50.00,50.00,0,0,0.00,"Clean Transaction"
2024-01-01,2024-01,1294,South,Pro,Active,50.00,50.00,0,0,0.00,"Clean Transaction"
2024-01-01,2024-01,1295,South,Basic,Active,10.00,10.00,0,0,0.00,"Clean Transaction"
2024-01-01,2024-01,1296,West,Basic,Active,10.00,10.00,0,0,0.00,"Clean Transaction"
2024-01-01,2024-01,1297,South,Basic,Active,10.00,10.00,0,0,0.00,"Clean Transaction"
2024-01-01,2024-01,1298,East,Basic,Active,10.00,9.37,0,0,0.63,"Partial Payment"
2024-01-01,2024-01,1299,North,Basic,Active,10.00,10.00,0,0,0.00,"Clean Transaction"
2024-01-01,2024-01,1300,West,Enterprise,Active,200.00,200.00,0,0,0.00,"Clean Transaction"
2024-01-01,2024-01,1301,North,Basic,Active,10.00,10.00,0,0,0.00,"Clean Transaction"
2024-01-01,2024-01,1302,North,Enterprise,Active,200.00,200.00,0,0,0.00,"Clean Transaction"
2024-01-01,2024-01,1303,East,Basic,Active,10.00,10.00,0,0,0.00,"Clean Transaction"
2024-01-01,2024-01,1304,South,Enterprise,Cancelled,200.00,200.00,0,0,0.00,"Clean Transaction"
2024-01-01,2024-01,1305,South,Enterprise,Active,200.00,200.00,0,0,0.00,"Clean Transaction"
2024-01-01,2024-01,1306,North,Basic,Active,10.00,10.00,0,0,0.00,"Clean Transaction"
2024-01-01,2024-01,1308,South,Pro,Active,50.00,50.00,0,0,0.00,"Clean Transaction"
2024-01-01,2024-01,1309,West,Pro,Active,50.00,50.00,0,0,0.00,"Clean Transaction"
2024-01-01,2024-01,1310,South,Basic,Active,10.00,10.00,0,0,0.00,"Clean Transaction"
2024-01-01,2024-01,1311,West,Enterprise,Active,200.00,200.00,0,0,0.00,"Clean Transaction"
2024-01-01,2024-01,1312,East,Enterprise,Active,200.00,200.00,0,0,0.00,"Clean Transaction"
2024-01-01,2024-01,1313,West,Basic,Active,10.00,10.00,0,0,0.00,"Clean Transaction"
2024-01-01,2024-01,1314,East,Pro,Active,50.00,50.00,0,0,0.00,"Clean Transaction"
2024-01-01,2024-01,1315,East,Pro,Active,50.00,50.00,0,0,0.00,"Clean Transaction"
2024-01-01,2024-01,1316,West,Basic,Active,10.00,10.00,0,0,0.00,"Clean Transaction"
2024-01-01,2024-01,1317,East,Enterprise,Active,200.00,200.00,0,0,0.00,"Clean Transaction"
2024-01-01,2024-01,1318,North,Basic,Active,10.00,10.00,0,0,0.00,"Clean Transaction"
2024-01-01,2024-01,1319,East,Pro,Active,50.00,50.00,0,0,0.00,"Clean Transaction"
2024-01-01,2024-01,1320,South,Pro,Cancelled,50.00,50.00,0,0,0.00,"Clean Transaction"
2024-01-01,2024-01,1321,West,Pro,Active,50.00,50.00,0,0,0.00,"Clean Transaction"
2024-01-01,2024-01,1322,North,Pro,Active,50.00,50.00,0,0,0.00,"Clean Transaction"
2024-01-01,2024-01,1323,West,Pro,Cancelled,50.00,50.00,0,0,0.00,"Clean Transaction"
2024-01-01,2024-01,1324,South,Enterprise,Active,200.00,200.00,0,0,0.00,"Clean Transaction"
2024-01-01,2024-01,1325,South,Pro,Active,50.00,50.00,0,0,0.00,"Clean Transaction"
2024-01-01,2024-01,1326,South,Enterprise,Active,200.00,200.00,0,0,0.00,"Clean Transaction"
2024-01-01,2024-01,1327,East,Enterprise,Active,200.00,200.00,0,0,0.00,"Clean Transaction"
2024-01-01,2024-01,1328,East,Pro,Active,50.00,50.00,0,0,0.00,"Clean Transaction"
2024-01-01,2024-01,1329,West,Enterprise,Active,200.00,200.00,0,0,0.00,"Clean Transaction"
2024-01-01,2024-01,1330,West,Pro,Active,50.00,50.00,0,0,0.00,"Clean Transaction"
2024-01-01,2024-01,1331,North,Pro,Active,50.00,50.00,0,0,0.00,"Clean Transaction"
2024-01-01,2024-01,1332,North,Enterprise,Active,200.00,200.00,0,0,0.00,"Clean Transaction"
2024-01-01,2024-01,1333,West,Pro,Cancelled,50.00,50.00,0,0,0.00,"Clean Transaction"
2024-01-01,2024-01,1334,East,Enterprise,Active,200.00,200.00,0,0,0.00,"Clean Transaction"
2024-01-01,2024-01,1335,South,Pro,Cancelled,50.00,50.00,0,0,0.00,"Clean Transaction"
2024-01-01,2024-01,1336,West,Enterprise,Cancelled,200.00,200.00,0,0,0.00,"Clean Transaction"
2024-01-01,2024-01,1337,North,Basic,Active,10.00,10.00,0,0,0.00,"Clean Transaction"
2024-01-01,2024-01,1338,East,Enterprise,Active,200.00,200.00,0,0,0.00,"Clean Transaction"
2024-01-01,2024-01,1339,West,Basic,Active,10.00,10.00,0,0,0.00,"Clean Transaction"
2024-01-01,2024-01,1340,West,Enterprise,Active,200.00,184.20,0,0,15.80,"Partial Payment"
2024-01-01,2024-01,1341,East,Pro,Cancelled,50.00,50.00,0,0,0.00,"Clean Transaction"
2024-01-01,2024-01,1342,West,Basic,Active,10.00,10.00,0,0,0.00,"Clean Transaction"
2024-01-01,2024-01,1343,East,Pro,Active,50.00,47.46,0,0,2.54,"Partial Payment"
2024-01-01,2024-01,1344,South,Pro,Active,50.00,50.00,0,0,0.00,"Clean Transaction"
2024-01-01,2024-01,1345,East,Basic,Active,10.00,10.00,0,0,0.00,"Clean Transaction"
2024-01-01,2024-01,1346,East,Basic,Active,10.00,10.00,0,0,0.00,"Clean Transaction"
2024-01-01,2024-01,1347,East,Pro,Active,50.00,46.94,0,0,3.06,"Partial Payment"
2024-01-01,2024-01,1348,West,Pro,Active,50.00,50.00,0,0,0.00,"Clean Transaction"
2024-01-01,2024-01,1349,West,Basic,Active,10.00,9.65,0,0,0.35,"Partial Payment"
2024-01-01,2024-01,1350,East,Pro,Cancelled,50.00,50.00,0,0,0.00,"Clean Transaction"
2024-01-01,2024-01,1352,North,Enterprise,Active,200.00,200.00,0,0,0.00,"Clean Transaction"
2024-01-01,2024-01,1353,North,Enterprise,Active,200.00,0.00,1,0,200.00,"Unpaid Invoice"
2024-01-01,2024-01,1354,West,Basic,Active,10.00,10.00,0,0,0.00,"Clean Transaction"
2024-01-01,2024-01,1355,West,Pro,Active,50.00,50.00,0,0,0.00,"Clean Transaction"
2024-01-01,2024-01,1356,East,Pro,Active,50.00,50.00,0,0,0.00,"Clean Transaction"
2024-01-01,2024-01,1357,South,Basic,Active,10.00,10.00,0,0,0.00,"Clean Transaction"
2024-01-01,2024-01,1358,West,Basic,Active,10.00,10.00,0,0,0.00,"Clean Transaction"
2024-01-01,2024-01,1359,North,Enterprise,Active,200.00,200.00,0,0,0.00,"Clean Transaction"
2024-01-01,2024-01,1360,East,Pro,Active,50.00,0.00,1,0,50.00,"Unpaid Invoice"
2024-01-01,2024-01,1361,West,Basic,Active,10.00,10.00,0,0,0.00,"Clean Transaction"
2024-01-01,2024-01,1362,North,Basic,Active,10.00,10.00,0,0,0.00,"Clean Transaction"
2024-01-01,2024-01,1363,North,Basic,Active,10.00,10.00,0,0,0.00,"Clean Transaction"
2024-01-01,2024-01,1364,South,Pro,Active,50.00,50.00,0,0,0.00,"Clean Transaction"
2024-01-01,2024-01,1365,East,Pro,Active,50.00,50.00,0,0,0.00,"Clean Transaction"
2024-01-01,2024-01,1366,East,Pro,Active,50.00,0.00,1,0,50.00,"Unpaid Invoice"
2024-01-01,2024-01,1367,South,Enterprise,Active,200.00,200.00,0,0,0.00,"Clean Transaction"
2024-01-01,2024-01,1368,South,Pro,Active,50.00,50.00,0,0,0.00,"Clean Transaction"
2024-01-01,2024-01,1369,East,Basic,Cancelled,10.00,10.00,0,0,0.00,"Clean Transaction"
2024-01-01,2024-01,1370,East,Basic,Active,10.00,10.00,0,0,0.00,"Clean Transaction"
2024-01-01,2024-01,1371,West,Enterprise,Active,200.00,200.00,0,0,0.00,"Clean Transaction"
2024-01-01,2024-01,1372,West,Pro,Active,50.00,50.00,0,0,0.00,"Clean Transaction"
2024-01-01,2024-01,1373,South,Pro,Cancelled,50.00,50.00,0,0,0.00,"Clean Transaction"
2024-01-01,2024-01,1374,West,Pro,Active,50.00,50.00,0,0,0.00,"Clean Transaction"
2024-01-01,2024-01,1375,North,Basic,Active,10.00,10.00,0,0,0.00,"Clean Transaction"
2024-01-01,2024-01,1376,West,Pro,Active,50.00,50.00,0,0,0.00,"Clean Transaction"
2024-01-01,2024-01,1377,West,Basic,Active,10.00,10.00,0,0,0.00,"Clean Transaction"
2024-01-01,2024-01,1378,North,Enterprise,Active,200.00,200.00,0,0,0.00,"Clean Transaction"
2024-01-01,2024-01,1379,South,Pro,Active,50.00,50.00,0,0,0.00,"Clean Transaction"
2024-01-01,2024-01,1380,North,Enterprise,Active,200.00,200.00,0,0,0.00,"Clean Transaction"
2024-01-01,2024-01,1381,West,Pro,Active,50.00,50.00,0,0,0.00,"Clean Transaction"
2024-01-01,2024-01,1382,South,Pro,Cancelled,50.00,50.00,0,0,0.00,"Clean Transaction"
2024-01-01,2024-01,1383,West,Basic,Active,10.00,10.00,0,0,0.00,"Clean Transaction"
2024-01-01,2024-01,1384,North,Basic,Active,10.00,10.00,0,0,0.00,"Clean Transaction"
2024-01-01,2024-01,1385,North,Enterprise,Active,200.00,200.00,0,0,0.00,"Clean Transaction"
2024-01-01,2024-01,1386,West,Basic,Active,10.00,10.00,0,0,0.00,"Clean Transaction"
2024-01-01,2024-01,1387,East,Enterprise,Active,200.00,200.00,0,0,0.00,"Clean Transaction"
2024-01-01,2024-01,1388,East,Basic,Active,10.00,10.00,0,0,0.00,"Clean Transaction"
2024-01-01,2024-01,1389,North,Basic,Active,10.00,10.00,0,0,0.00,"Clean Transaction"
2024-01-01,2024-01,1390,North,Basic,Active,10.00,10.00,0,0,0.00,"Clean Transaction"
2024-01-01,2024-01,1391,East,Pro,Active,50.00,50.00,0,0,0.00,"Clean Transaction"
2024-01-01,2024-01,1392,East,Basic,Active,10.00,10.00,0,0,0.00,"Clean Transaction"
2024-01-01,2024-01,1393,West,Pro,Active,50.00,50.00,0,0,0.00,"Clean Transaction"
2024-01-01,2024-01,1394,West,Basic,Active,10.00,10.00,0,0,0.00,"Clean Transaction"
2024-01-01,2024-01,1395,East,Basic,Active,10.00,10.00,0,0,0.00,"Clean Transaction"
2024-01-01,2024-01,1396,West,Enterprise,Active,200.00,200.00,0,0,0.00,"Clean Transaction"
2024-01-01,2024-01,1397,West,Pro,Active,50.00,50.00,0,0,0.00,"Clean Transaction"
2024-01-01,2024-01,1398,South,Enterprise,Active,200.00,200.00,0,0,0.00,"Clean Transaction"
2024-01-01,2024-01,1399,West,Basic,Active,10.00,10.00,0,0,0.00,"Clean Transaction"
2024-01-01,2024-01,1400,North,Enterprise,Active,200.00,200.00,0,0,0.00,"Clean Transaction"
2024-01-01,2024-01,1401,West,Pro,Active,50.00,50.00,0,0,0.00,"Clean Transaction"
2024-01-01,2024-01,1402,West,Basic,Cancelled,10.00,10.00,0,0,0.00,"Clean Transaction"
2024-01-01,2024-01,1403,East,Enterprise,Active,200.00,200.00,0,0,0.00,"Clean Transaction"
2024-01-01,2024-01,1404,North,Basic,Active,10.00,9.16,0,0,0.84,"Partial Payment"
2024-01-01,2024-01,1405,West,Pro,Active,50.00,50.00,0,0,0.00,"Clean Transaction"
2024-01-01,2024-01,1406,West,Pro,Active,50.00,50.00,0,0,0.00,"Clean Transaction"
2024-01-01,2024-01,1407,South,Pro,Active,50.00,50.00,0,0,0.00,"Clean Transaction"
2024-01-01,2024-01,1408,West,Basic,Active,10.00,10.00,0,0,0.00,"Clean Transaction"
2024-01-01,2024-01,1409,West,Basic,Active,10.00,10.00,0,0,0.00,"Clean Transaction"
2024-01-01,2024-01,1410,South,Enterprise,Active,200.00,200.00,0,0,0.00,"Clean Transaction"
2024-01-01,2024-01,1411,East,Pro,Active,50.00,50.00,0,0,0.00,"Clean Transaction"
2024-01-01,2024-01,1412,West,Enterprise,Active,200.00,200.00,0,0,0.00,"Clean Transaction"
2024-01-01,2024-01,1413,South,Enterprise,Active,200.00,200.00,0,0,0.00,"Clean Transaction"
2024-01-01,2024-01,1414,North,Enterprise,Active,200.00,200.00,0,0,0.00,"Clean Transaction"
2024-01-01,2024-01,1415,East,Basic,Cancelled,10.00,10.00,0,0,0.00,"Clean Transaction"
2024-01-01,2024-01,1416,North,Pro,Active,50.00,50.00,0,0,0.00,"Clean Transaction"
2024-01-01,2024-01,1417,North,Enterprise,Active,200.00,200.00,0,0,0.00,"Clean Transaction"
2024-01-01,2024-01,1418,South,Enterprise,Active,200.00,200.00,0,0,0.00,"Clean Transaction"
2024-01-01,2024-01,1419,West,Pro,Active,50.00,50.00,0,0,0.00,"Clean Transaction"
2024-01-01,2024-01,1420,South,Basic,Active,10.00,10.00,0,0,0.00,"Clean Transaction"
2024-01-01,2024-01,1421,South,Pro,Active,50.00,50.00,0,0,0.00,"Clean Transaction"
2024-01-01,2024-01,1422,South,Pro,Active,50.00,50.00,0,0,0.00,"Clean Transaction"
2024-01-01,2024-01,1423,South,Enterprise,Active,200.00,200.00,0,0,0.00,"Clean Transaction"
2024-01-01,2024-01,1424,East,Basic,Active,10.00,10.00,0,0,0.00,"Clean Transaction"
2024-01-01,2024-01,1425,West,Pro,Active,50.00,50.00,0,0,0.00,"Clean Transaction"
2024-01-01,2024-01,1426,North,Basic,Active,10.00,10.00,0,0,0.00,"Clean Transaction"
2024-01-01,2024-01,1427,North,Basic,Active,10.00,10.00,0,0,0.00,"Clean Transaction"
2024-01-01,2024-01,1428,West,Basic,Active,10.00,10.00,0,0,0.00,"Clean Transaction"
2024-01-01,2024-01,1430,West,Pro,Active,50.00,50.00,0,0,0.00,"Clean Transaction"
2024-01-01,2024-01,1431,North,Basic,Active,10.00,10.00,0,0,0.00,"Clean Transaction"
2024-01-01,2024-01,1432,South,Pro,Active,50.00,50.00,0,0,0.00,"Clean Transaction"
2024-01-01,2024-01,1433,North,Enterprise,Active,200.00,200.00,0,0,0.00,"Clean Transaction"
2024-01-01,2024-01,1434,West,Enterprise,Active,200.00,200.00,0,0,0.00,"Clean Transaction"
2024-01-01,2024-01,1435,West,Enterprise,Active,200.00,200.00,0,0,0.00,"Clean Transaction"
2024-01-01,2024-01,1436,West,Basic,Active,10.00,10.00,0,0,0.00,"Clean Transaction"
2024-01-01,2024-01,1437,West,Basic,Active,10.00,10.00,0,0,0.00,"Clean Transaction"
2024-01-01,2024-01,1439,East,Enterprise,Active,200.00,200.00,0,0,0.00,"Clean Transaction"
2024-01-01,2024-01,1440,East,Pro,Active,50.00,50.00,0,0,0.00,"Clean Transaction"
2024-01-01,2024-01,1441,North,Basic,Active,10.00,10.00,0,0,0.00,"Clean Transaction"
2024-01-01,2024-01,1442,West,Enterprise,Active,200.00,200.00,0,0,0.00,"Clean Transaction"
2024-01-01,2024-01,1443,North,Enterprise,Active,200.00,200.00,0,0,0.00,"Clean Transaction"
2024-01-01,2024-01,1444,West,Enterprise,Active,200.00,200.00,0,0,0.00,"Clean Transaction"
2024-01-01,2024-01,1445,West,Pro,Active,50.00,50.00,0,0,0.00,"Clean Transaction"
2024-01-01,2024-01,1446,East,Pro,Active,50.00,50.00,0,0,0.00,"Clean Transaction"
2024-01-01,2024-01,1447,East,Basic,Active,10.00,10.00,0,0,0.00,"Clean Transaction"
2024-01-01,2024-01,1449,East,Enterprise,Active,200.00,200.00,0,0,0.00,"Clean Transaction"
2024-01-01,2024-01,1450,South,Basic,Active,10.00,10.00,0,0,0.00,"Clean Transaction"
2024-01-01,2024-01,1451,South,Basic,Active,10.00,10.00,0,0,0.00,"Clean Transaction"
2024-01-01,2024-01,1452,South,Basic,Active,10.00,10.00,0,0,0.00,"Clean Transaction"
2024-01-01,2024-01,1453,South,Enterprise,Active,200.00,200.00,0,0,0.00,"Clean Transaction"
2024-01-01,2024-01,1454,South,Pro,Active,50.00,50.00,0,0,0.00,"Clean Transaction"
2024-01-01,2024-01,1455,North,Pro,Active,50.00,50.00,0,0,0.00,"Clean Transaction"
2024-01-01,2024-01,1456,East,Pro,Active,50.00,50.00,0,0,0.00,"Clean Transaction"
2024-01-01,2024-01,1457,South,Pro,Active,50.00,50.00,0,0,0.00,"Clean Transaction"
2024-01-01,2024-01,1458,West,Basic,Active,10.00,10.00,0,0,0.00,"Clean Transaction"
2024-01-01,2024-01,1459,East,Basic,Active,10.00,10.00,0,0,0.00,"Clean Transaction"
2024-01-01,2024-01,1460,East,Pro,Active,50.00,50.00,0,0,0.00,"Clean Transaction"
2024-01-01,2024-01,1461,South,Basic,Active,10.00,10.00,0,0,0.00,"Clean Transaction"
2024-01-01,2024-01,1462,North,Enterprise,Active,200.00,200.00,0,0,0.00,"Clean Transaction"
2024-01-01,2024-01,1463,South,Enterprise,Active,200.00,200.00,0,0,0.00,"Clean Transaction"
2024-01-01,2024-01,1464,North,Pro,Active,50.00,50.00,0,0,0.00,"Clean Transaction"
2024-01-01,2024-01,1465,West,Basic,Active,10.00,10.00,0,0,0.00,"Clean Transaction"
2024-01-01,2024-01,1466,East,Pro,Active,50.00,50.00,0,0,0.00,"Clean Transaction"
2024-01-01,2024-01,1467,West,Basic,Cancelled,10.00,10.00,0,0,0.00,"Clean Transaction"
2024-01-01,2024-01,1468,North,Pro,Active,50.00,50.00,0,0,0.00,"Clean Transaction"
2024-01-01,2024-01,1469,North,Pro,Cancelled,50.00,50.00,0,0,0.00,"Clean Transaction"
2024-01-01,2024-01,1470,West,Pro,Active,50.00,50.00,0,0,0.00,"Clean Transaction"
2024-01-01,2024-01,1471,North,Pro,Active,50.00,50.00,0,0,0.00,"Clean Transaction"
2024-01-01,2024-01,1472,West,Pro,Active,50.00,50.00,0,0,0.00,"Clean Transaction"
2024-01-01,2024-01,1473,East,Pro,Active,50.00,50.00,0,0,0.00,"Clean Transaction"
2024-01-01,2024-01,1474,West,Basic,Active,10.00,10.00,0,0,0.00,"Clean Transaction"
2024-01-01,2024-01,1475,East,Enterprise,Active,200.00,200.00,0,0,0.00,"Clean Transaction"
2024-01-01,2024-01,1476,West,Pro,Active,50.00,0.00,1,0,50.00,"Unpaid Invoice"
2024-01-01,2024-01,1477,North,Pro,Active,50.00,50.00,0,0,0.00,"Clean Transaction"
2024-01-01,2024-01,1478,West,Enterprise,Active,200.00,200.00,0,0,0.00,"Clean Transaction"
2024-01-01,2024-01,1479,North,Basic,Active,10.00,10.00,0,0,0.00,"Clean Transaction"
2024-01-01,2024-01,1480,West,Pro,Active,50.00,50.00,0,0,0.00,"Clean Transaction"
2024-01-01,2024-01,1481,West,Pro,Active,50.00,50.00,0,0,0.00,"Clean Transaction"
2024-01-01,2024-01,1482,South,Basic,Active,10.00,10.00,0,0,0.00,"Clean Transaction"
2024-01-01,2024-01,1483,North,Enterprise,Active,200.00,200.00,0,0,0.00,"Clean Transaction"
2024-01-01,2024-01,1484,South,Pro,Active,50.00,50.00,0,0,0.00,"Clean Transaction"
2024-01-01,2024-01,1485,North,Enterprise,Active,200.00,200.00,0,0,0.00,"Clean Transaction"
2024-01-01,2024-01,1486,South,Pro,Active,50.00,50.00,0,0,0.00,"Clean Transaction"
2024-01-01,2024-01,1487,East,Basic,Active,10.00,10.00,0,0,0.00,"Clean Transaction"
2024-01-01,2024-01,1488,West,Basic,Active,10.00,10.00,0,0,0.00,"Clean Transaction"
2024-01-01,2024-01,1489,North,Pro,Active,50.00,48.41,0,0,1.59,"Partial Payment"
2024-01-01,2024-01,1490,North,Basic,Active,10.00,10.00,0,0,0.00,"Clean Transaction"
2024-01-01,2024-01,1491,West,Enterprise,Active,200.00,200.00,0,0,0.00,"Clean Transaction"
2024-01-01,2024-01,1492,North,Basic,Active,10.00,10.00,0,0,0.00,"Clean Transaction"
2024-01-01,2024-01,1493,North,Basic,Active,10.00,10.00,0,0,0.00,"Clean Transaction"
2024-01-01,2024-01,1494,South,Pro,Active,50.00,50.00,0,0,0.00,"Clean Transaction"
2024-01-01,2024-01,1495,North,Enterprise,Active,200.00,200.00,0,0,0.00,"Clean Transaction"
2024-01-01,2024-01,1496,East,Basic,Active,10.00,10.00,0,0,0.00,"Clean Transaction"
2024-01-01,2024-01,1497,East,Pro,Cancelled,50.00,50.00,0,0,0.00,"Clean Transaction"
2024-01-01,2024-01,1498,West,Basic,Active,10.00,10.00,0,0,0.00,"Clean Transaction"
2024-01-01,2024-01,1499,North,Basic,Active,10.00,10.00,0,0,0.00,"Clean Transaction"
2024-01-01,2024-01,1500,West,Basic,Active,10.00,10.00,0,0,0.00,"Clean Transaction"
2024-01-01,2024-01,1501,East,Enterprise,Active,200.00,200.00,0,0,0.00,"Clean Transaction"
2024-01-01,2024-01,1502,North,Enterprise,Active,200.00,200.00,0,0,0.00,"Clean Transaction"
2024-01-01,2024-01,1503,North,Enterprise,Active,200.00,200.00,0,0,0.00,"Clean Transaction"
2024-01-01,2024-01,1504,West,Pro,Active,50.00,50.00,0,0,0.00,"Clean Transaction"
2024-01-01,2024-01,1505,East,Basic,Active,10.00,0.00,1,0,10.00,"Unpaid Invoice"
2024-01-01,2024-01,1506,North,Enterprise,Active,200.00,200.00,0,0,0.00,"Clean Transaction"
2024-01-01,2024-01,1507,West,Basic,Active,10.00,10.00,0,0,0.00,"Clean Transaction"
2024-01-01,2024-01,1508,East,Basic,Active,10.00,10.00,0,0,0.00,"Clean Transaction"
2024-01-01,2024-01,1509,West,Enterprise,Active,200.00,200.00,0,0,0.00,"Clean Transaction"
2024-01-01,2024-01,1510,South,Pro,Active,50.00,50.00,0,0,0.00,"Clean Transaction"
2024-01-01,2024-01,1511,North,Basic,Active,10.00,10.00,0,0,0.00,"Clean Transaction"
2024-01-01,2024-01,1512,South,Basic,Cancelled,10.00,10.00,0,0,0.00,"Clean Transaction"
2024-01-01,2024-01,1513,East,Enterprise,Active,200.00,200.00,0,0,0.00,"Clean Transaction"
2024-01-01,2024-01,1514,South,Basic,Active,10.00,10.00,0,0,0.00,"Clean Transaction"
2024-01-01,2024-01,1515,South,Pro,Active,50.00,50.00,0,0,0.00,"Clean Transaction"
2024-01-01,2024-01,1516,East,Basic,Active,10.00,10.00,0,0,0.00,"Clean Transaction"
2024-01-01,2024-01,1517,West,Pro,Active,50.00,50.00,0,0,0.00,"Clean Transaction"
2024-01-01,2024-01,1518,South,Basic,Active,10.00,10.00,0,0,0.00,"Clean Transaction"
2024-01-01,2024-01,1519,West,Basic,Active,10.00,10.00,0,0,0.00,"Clean Transaction"
2024-01-01,2024-01,1520,South,Basic,Active,10.00,10.00,0,0,0.00,"Clean Transaction"
2024-01-01,2024-01,1521,West,Pro,Active,50.00,50.00,0,0,0.00,"Clean Transaction"
2024-01-01,2024-01,1522,East,Enterprise,Active,200.00,200.00,0,0,0.00,"Clean Transaction"
2024-01-01,2024-01,1523,South,Basic,Active,10.00,10.00,0,0,0.00,"Clean Transaction"
2024-01-01,2024-01,1524,East,Basic,Active,10.00,10.00,0,0,0.00,"Clean Transaction"
2024-01-01,2024-01,1525,South,Basic,Active,10.00,10.00,0,0,0.00,"Clean Transaction"
2024-01-01,2024-01,1526,East,Basic,Cancelled,10.00,10.00,0,0,0.00,"Clean Transaction"
2024-01-01,2024-01,1527,East,Enterprise,Active,200.00,200.00,0,0,0.00,"Clean Transaction"
2024-01-01,2024-01,1528,South,Basic,Cancelled,10.00,10.00,0,0,0.00,"Clean Transaction"
2024-01-01,2024-01,1529,South,Pro,Active,50.00,50.00,0,0,0.00,"Clean Transaction"
2024-01-01,2024-01,1530,South,Enterprise,Active,200.00,200.00,0,0,0.00,"Clean Transaction"
2024-01-01,2024-01,1531,North,Enterprise,Active,200.00,200.00,0,0,0.00,"Clean Transaction"
2024-01-01,2024-01,1532,West,Basic,Active,10.00,10.00,0,0,0.00,"Clean Transaction"
2024-01-01,2024-01,1533,North,Pro,Active,50.00,50.00,0,0,0.00,"Clean Transaction"
2024-01-01,2024-01,1534,North,Basic,Cancelled,10.00,10.00,0,0,0.00,"Clean Transaction"
2024-01-01,2024-01,1535,East,Basic,Active,10.00,10.00,0,0,0.00,"Clean Transaction"
2024-01-01,2024-01,1536,South,Pro,Active,50.00,50.00,0,0,0.00,"Clean Transaction"
2024-01-01,2024-01,1537,West,Pro,Active,50.00,50.00,0,0,0.00,"Clean Transaction"
2024-01-01,2024-01,1538,East,Pro,Active,50.00,50.00,0,0,0.00,"Clean Transaction"
2024-01-01,2024-01,1539,North,Basic,Cancelled,10.00,9.45,0,0,0.55,"Partial Payment"
2024-01-01,2024-01,1540,South,Pro,Active,50.00,50.00,0,0,0.00,"Clean Transaction"
2024-01-01,2024-01,1541,East,Enterprise,Active,200.00,200.00,0,0,0.00,"Clean Transaction"
2024-01-01,2024-01,1542,South,Pro,Active,50.00,50.00,0,0,0.00,"Clean Transaction"
2024-01-01,2024-01,1543,East,Pro,Cancelled,50.00,50.00,0,0,0.00,"Clean Transaction"
2024-01-01,2024-01,1544,South,Pro,Cancelled,50.00,50.00,0,0,0.00,"Clean Transaction"
2024-01-01,2024-01,1545,North,Pro,Active,50.00,50.00,0,0,0.00,"Clean Transaction"
2024-01-01,2024-01,1546,West,Enterprise,Active,200.00,200.00,0,0,0.00,"Clean Transaction"
2024-01-01,2024-01,1547,North,Pro,Cancelled,50.00,50.00,0,0,0.00,"Clean Transaction"
2024-01-01,2024-01,1548,West,Basic,Active,10.00,10.00,0,0,0.00,"Clean Transaction"
2024-01-01,2024-01,1549,South,Pro,Active,50.00,50.00,0,0,0.00,"Clean Transaction"
2024-01-01,2024-01,1550,East,Pro,Active,50.00,50.00,0,0,0.00,"Clean Transaction"
2024-01-01,2024-01,1551,North,Enterprise,Active,200.00,200.00,0,0,0.00,"Clean Transaction"
2024-01-01,2024-01,1553,North,Pro,Active,50.00,50.00,0,0,0.00,"Clean Transaction"
2024-01-01,2024-01,1554,West,Basic,Active,10.00,10.00,0,0,0.00,"Clean Transaction"
2024-01-01,2024-01,1555,North,Enterprise,Cancelled,200.00,200.00,0,0,0.00,"Clean Transaction"
2024-01-01,2024-01,1556,West,Basic,Active,10.00,10.00,0,0,0.00,"Clean Transaction"
2024-01-01,2024-01,1557,West,Basic,Active,10.00,10.00,0,0,0.00,"Clean Transaction"
2024-01-01,2024-01,1558,South,Enterprise,Active,200.00,200.00,0,0,0.00,"Clean Transaction"
2024-01-01,2024-01,1559,West,Basic,Active,10.00,10.00,0,0,0.00,"Clean Transaction"
2024-01-01,2024-01,1560,South,Enterprise,Active,200.00,188.00,0,0,12.00,"Partial Payment"
2024-01-01,2024-01,1561,West,Enterprise,Active,200.00,200.00,0,0,0.00,"Clean Transaction"
2024-01-01,2024-01,1562,East,Basic,Active,10.00,10.00,0,0,0.00,"Clean Transaction"
2024-01-01,2024-01,1563,East,Enterprise,Active,200.00,195.83,0,0,4.17,"Partial Payment"
2024-01-01,2024-01,1564,East,Pro,Active,50.00,50.00,0,0,0.00,"Clean Transaction"
2024-01-01,2024-01,1565,West,Basic,Active,10.00,10.00,0,0,0.00,"Clean Transaction"
2024-01-01,2024-01,1566,South,Enterprise,Active,200.00,200.00,0,0,0.00,"Clean Transaction"
2024-01-01,2024-01,1567,South,Basic,Active,10.00,10.00,0,0,0.00,"Clean Transaction"
2024-01-01,2024-01,1568,West,Pro,Active,50.00,50.00,0,0,0.00,"Clean Transaction"
2024-01-01,2024-01,1569,East,Pro,Active,50.00,50.00,0,0,0.00,"Clean Transaction"
2024-01-01,2024-01,1570,East,Pro,Active,50.00,50.00,0,0,0.00,"Clean Transaction"
2024-01-01,2024-01,1571,South,Basic,Active,10.00,10.00,0,0,0.00,"Clean Transaction"
2024-01-01,2024-01,1572,East,Enterprise,Active,200.00,200.00,0,0,0.00,"Clean Transaction"
2024-01-01,2024-01,1573,North,Basic,Active,10.00,10.00,0,0,0.00,"Clean Transaction"
2024-01-01,2024-01,1574,South,Basic,Active,10.00,10.00,0,0,0.00,"Clean Transaction"
2024-01-01,2024-01,1575,East,Pro,Active,50.00,50.00,0,0,0.00,"Clean Transaction"
2024-01-01,2024-01,1576,South,Pro,Active,50.00,50.00,0,0,0.00,"Clean Transaction"
2024-01-01,2024-01,1577,North,Pro,Cancelled,50.00,50.00,0,0,0.00,"Clean Transaction"
2024-01-01,2024-01,1579,South,Basic,Active,10.00,10.00,0,0,0.00,"Clean Transaction"
2024-01-01,2024-01,1580,South,Basic,Active,10.00,10.00,0,0,0.00,"Clean Transaction"
2024-01-01,2024-01,1581,South,Pro,Active,50.00,50.00,0,0,0.00,"Clean Transaction"
2024-01-01,2024-01,1582,North,Pro,Active,50.00,50.00,0,0,0.00,"Clean Transaction"
2024-01-01,2024-01,1583,West,Enterprise,Cancelled,200.00,200.00,0,0,0.00,"Clean Transaction"
2024-01-01,2024-01,1584,South,Pro,Cancelled,50.00,50.00,0,0,0.00,"Clean Transaction"
2024-01-01,2024-01,1585,South,Enterprise,Active,200.00,200.00,0,0,0.00,"Clean Transaction"
2024-01-01,2024-01,1586,East,Pro,Active,50.00,50.00,0,0,0.00,"Clean Transaction"
2024-01-01,2024-01,1587,South,Basic,Active,10.00,10.00,0,0,0.00,"Clean Transaction"
2024-01-01,2024-01,1588,East,Basic,Active,10.00,10.00,0,0,0.00,"Clean Transaction"
2024-01-01,2024-01,1589,West,Enterprise,Active,200.00,190.31,0,0,9.69,"Partial Payment"
2024-01-01,2024-01,1590,North,Basic,Active,10.00,10.00,0,0,0.00,"Clean Transaction"
2024-01-01,2024-01,1591,North,Enterprise,Active,200.00,188.50,0,0,11.50,"Partial Payment"
2024-01-01,2024-01,1592,West,Pro,Active,50.00,50.00,0,0,0.00,"Clean Transaction"
2024-01-01,2024-01,1593,North,Basic,Active,10.00,10.00,0,0,0.00,"Clean Transaction"
2024-01-01,2024-01,1594,West,Basic,Active,10.00,10.00,0,0,0.00,"Clean Transaction"
2024-01-01,2024-01,1595,West,Pro,Active,50.00,50.00,0,0,0.00,"Clean Transaction"
2024-01-01,2024-01,1596,West,Pro,Cancelled,50.00,50.00,0,0,0.00,"Clean Transaction"
2024-01-01,2024-01,1597,North,Pro,Active,50.00,50.00,0,0,0.00,"Clean Transaction"
2024-01-01,2024-01,1598,East,Enterprise,Active,200.00,200.00,0,0,0.00,"Clean Transaction"
2024-01-01,2024-01,1599,West,Basic,Active,10.00,10.00,0,0,0.00,"Clean Transaction"
2024-01-01,2024-01,1600,South,Basic,Active,10.00,10.00,0,0,0.00,"Clean Transaction"
2024-01-01,2024-01,1601,North,Pro,Active,50.00,50.00,0,0,0.00,"Clean Transaction"
2024-01-01,2024-01,1602,West,Basic,Active,10.00,10.00,0,0,0.00,"Clean Transaction"
2024-01-01,2024-01,1603,West,Pro,Cancelled,50.00,50.00,0,0,0.00,"Clean Transaction"
2024-01-01,2024-01,1604,South,Basic,Active,10.00,10.00,0,0,0.00,"Clean Transaction"
2024-01-01,2024-01,1605,East,Basic,Active,10.00,10.00,0,0,0.00,"Clean Transaction"
2024-01-01,2024-01,1606,East,Pro,Cancelled,50.00,50.00,0,0,0.00,"Clean Transaction"
2024-01-01,2024-01,1607,East,Enterprise,Active,200.00,200.00,0,0,0.00,"Clean Transaction"
2024-01-01,2024-01,1608,West,Pro,Active,50.00,50.00,0,0,0.00,"Clean Transaction"
2024-01-01,2024-01,1609,West,Pro,Active,50.00,50.00,0,0,0.00,"Clean Transaction"
2024-01-01,2024-01,1610,West,Basic,Active,10.00,10.00,0,0,0.00,"Clean Transaction"
2024-01-01,2024-01,1611,North,Pro,Cancelled,50.00,50.00,0,0,0.00,"Clean Transaction"
2024-01-01,2024-01,1612,South,Basic,Active,10.00,10.00,0,0,0.00,"Clean Transaction"
2024-01-01,2024-01,1613,West,Enterprise,Active,200.00,200.00,0,0,0.00,"Clean Transaction"
2024-01-01,2024-01,1614,South,Enterprise,Cancelled,200.00,200.00,0,0,0.00,"Clean Transaction"
2024-01-01,2024-01,1615,South,Enterprise,Active,200.00,200.00,0,0,0.00,"Clean Transaction"
2024-01-01,2024-01,1616,East,Pro,Active,50.00,50.00,0,0,0.00,"Clean Transaction"
2024-01-01,2024-01,1617,North,Basic,Active,10.00,10.00,0,0,0.00,"Clean Transaction"
2024-01-01,2024-01,1618,West,Enterprise,Active,200.00,200.00,0,0,0.00,"Clean Transaction"
2024-01-01,2024-01,1619,East,Basic,Active,10.00,10.00,0,0,0.00,"Clean Transaction"
2024-01-01,2024-01,1620,East,Basic,Active,10.00,10.00,0,0,0.00,"Clean Transaction"
2024-01-01,2024-01,1621,West,Enterprise,Cancelled,200.00,200.00,0,0,0.00,"Clean Transaction"
2024-01-01,2024-01,1622,South,Enterprise,Cancelled,200.00,200.00,0,0,0.00,"Clean Transaction"
2024-01-01,2024-01,1623,East,Basic,Active,10.00,10.00,0,0,0.00,"Clean Transaction"
2024-01-01,2024-01,1624,South,Pro,Active,50.00,50.00,0,0,0.00,"Clean Transaction"
2024-01-01,2024-01,1625,North,Basic,Cancelled,10.00,10.00,0,0,0.00,"Clean Transaction"
2024-01-01,2024-01,1626,South,Pro,Active,50.00,50.00,0,0,0.00,"Clean Transaction"
2024-01-01,2024-01,1627,North,Pro,Active,50.00,50.00,0,0,0.00,"Clean Transaction"
2024-01-01,2024-01,1628,South,Basic,Active,10.00,10.00,0,0,0.00,"Clean Transaction"
2024-01-01,2024-01,1629,East,Enterprise,Cancelled,200.00,200.00,0,0,0.00,"Clean Transaction"
2024-01-01,2024-01,1630,East,Enterprise,Active,200.00,200.00,0,0,0.00,"Clean Transaction"
2024-01-01,2024-01,1631,North,Pro,Active,50.00,50.00,0,0,0.00,"Clean Transaction"
2024-01-01,2024-01,1632,West,Basic,Cancelled,10.00,10.00,0,0,0.00,"Clean Transaction"
2024-01-01,2024-01,1633,North,Pro,Active,50.00,50.00,0,0,0.00,"Clean Transaction"
2024-01-01,2024-01,1634,North,Pro,Active,50.00,49.08,0,0,0.92,"Partial Payment"
2024-01-01,2024-01,1635,South,Basic,Active,10.00,10.00,0,0,0.00,"Clean Transaction"
2024-01-01,2024-01,1636,South,Pro,Active,50.00,50.00,0,0,0.00,"Clean Transaction"
2024-01-01,2024-01,1637,North,Pro,Active,50.00,50.00,0,0,0.00,"Clean Transaction"
2024-01-01,2024-01,1638,East,Pro,Active,50.00,50.00,0,0,0.00,"Clean Transaction"
2024-01-01,2024-01,1639,South,Basic,Active,10.00,10.00,0,0,0.00,"Clean Transaction"
2024-01-01,2024-01,1640,West,Pro,Active,50.00,50.00,0,0,0.00,"Clean Transaction"
2024-01-01,2024-01,1641,South,Basic,Active,10.00,10.00,0,0,0.00,"Clean Transaction"
2024-01-01,2024-01,1642,South,Enterprise,Active,200.00,200.00,0,0,0.00,"Clean Transaction"
2024-01-01,2024-01,1643,West,Pro,Active,50.00,50.00,0,0,0.00,"Clean Transaction"
2024-01-01,2024-01,1644,North,Basic,Active,10.00,10.00,0,0,0.00,"Clean Transaction"
2024-01-01,2024-01,1645,West,Enterprise,Active,200.00,200.00,0,0,0.00,"Clean Transaction"
2024-01-01,2024-01,1646,North,Pro,Active,50.00,50.00,0,0,0.00,"Clean Transaction"
2024-01-01,2024-01,1647,North,Pro,Active,50.00,50.00,0,0,0.00,"Clean Transaction"
2024-01-01,2024-01,1648,North,Enterprise,Active,200.00,200.00,0,0,0.00,"Clean Transaction"
2024-01-01,2024-01,1649,West,Enterprise,Active,200.00,200.00,0,0,0.00,"Clean Transaction"
2024-01-01,2024-01,1650,North,Basic,Active,10.00,10.00,0,0,0.00,"Clean Transaction"
2024-01-01,2024-01,1651,East,Enterprise,Active,200.00,200.00,0,0,0.00,"Clean Transaction"
2024-01-01,2024-01,1652,West,Pro,Active,50.00,50.00,0,0,0.00,"Clean Transaction"
2024-01-01,2024-01,1653,East,Basic,Cancelled,10.00,10.00,0,0,0.00,"Clean Transaction"
2024-01-01,2024-01,1654,North,Enterprise,Active,200.00,200.00,0,0,0.00,"Clean Transaction"
2024-01-01,2024-01,1655,South,Basic,Active,10.00,10.00,0,0,0.00,"Clean Transaction"
2024-01-01,2024-01,1656,North,Pro,Active,50.00,50.00,0,0,0.00,"Clean Transaction"
2024-01-01,2024-01,1657,East,Pro,Active,50.00,50.00,0,0,0.00,"Clean Transaction"
2024-01-01,2024-01,1658,East,Enterprise,Active,200.00,200.00,0,0,0.00,"Clean Transaction"
2024-01-01,2024-01,1659,West,Basic,Cancelled,10.00,10.00,0,0,0.00,"Clean Transaction"
2024-01-01,2024-01,1660,South,Enterprise,Cancelled,200.00,200.00,0,0,0.00,"Clean Transaction"
2024-01-01,2024-01,1661,West,Pro,Active,50.00,50.00,0,0,0.00,"Clean Transaction"
2024-01-01,2024-01,1662,East,Basic,Active,10.00,10.00,0,0,0.00,"Clean Transaction"
2024-01-01,2024-01,1663,North,Basic,Active,10.00,10.00,0,0,0.00,"Clean Transaction"
2024-01-01,2024-01,1664,South,Pro,Active,50.00,50.00,0,0,0.00,"Clean Transaction"
2024-01-01,2024-01,1666,North,Enterprise,Active,200.00,200.00,0,0,0.00,"Clean Transaction"
2024-01-01,2024-01,1667,South,Enterprise,Active,200.00,200.00,0,0,0.00,"Clean Transaction"
2024-01-01,2024-01,1668,West,Basic,Active,10.00,10.00,0,0,0.00,"Clean Transaction"
2024-01-01,2024-01,1669,North,Pro,Active,50.00,50.00,0,0,0.00,"Clean Transaction"
2024-01-01,2024-01,1670,East,Enterprise,Active,200.00,200.00,0,0,0.00,"Clean Transaction"
2024-01-01,2024-01,1671,North,Pro,Active,50.00,50.00,0,0,0.00,"Clean Transaction"
2024-01-01,2024-01,1672,South,Enterprise,Active,200.00,200.00,0,0,0.00,"Clean Transaction"
2024-01-01,2024-01,1673,South,Basic,Active,10.00,10.00,0,0,0.00,"Clean Transaction"
2024-01-01,2024-01,1674,South,Pro,Active,50.00,50.00,0,0,0.00,"Clean Transaction"
2024-01-01,2024-01,1675,West,Enterprise,Active,200.00,200.00,0,0,0.00,"Clean Transaction"
2024-01-01,2024-01,1676,North,Pro,Active,50.00,50.00,0,0,0.00,"Clean Transaction"
2024-01-01,2024-01,1677,West,Basic,Active,10.00,10.00,0,0,0.00,"Clean Transaction"
2024-01-01,2024-01,1678,West,Basic,Active,10.00,10.00,0,0,0.00,"Clean Transaction"
2024-01-01,2024-01,1679,South,Basic,Active,10.00,10.00,0,0,0.00,"Clean Transaction"
2024-01-01,2024-01,1680,South,Enterprise,Active,200.00,200.00,0,0,0.00,"Clean Transaction"
2024-01-01,2024-01,1681,West,Pro,Active,50.00,50.00,0,0,0.00,"Clean Transaction"
2024-01-01,2024-01,1682,North,Basic,Active,10.00,10.00,0,0,0.00,"Clean Transaction"
2024-01-01,2024-01,1683,East,Enterprise,Active,200.00,200.00,0,0,0.00,"Clean Transaction"
2024-01-01,2024-01,1684,West,Basic,Active,10.00,10.00,0,0,0.00,"Clean Transaction"
2024-01-01,2024-01,1685,North,Pro,Active,50.00,50.00,0,0,0.00,"Clean Transaction"
2024-01-01,2024-01,1686,South,Basic,Active,10.00,10.00,0,0,0.00,"Clean Transaction"
2024-01-01,2024-01,1687,South,Enterprise,Active,200.00,200.00,0,0,0.00,"Clean Transaction"
2024-01-01,2024-01,1688,North,Basic,Active,10.00,10.00,0,0,0.00,"Clean Transaction"
2024-01-01,2024-01,1689,East,Basic,Active,10.00,10.00,0,0,0.00,"Clean Transaction"
2024-01-01,2024-01,1690,South,Enterprise,Active,200.00,200.00,0,0,0.00,"Clean Transaction"
2024-01-01,2024-01,1691,South,Basic,Active,10.00,10.00,0,0,0.00,"Clean Transaction"
2024-01-01,2024-01,1692,South,Basic,Cancelled,10.00,10.00,0,0,0.00,"Clean Transaction"
2024-01-01,2024-01,1693,North,Basic,Active,10.00,10.00,0,0,0.00,"Clean Transaction"
2024-01-01,2024-01,1694,West,Enterprise,Active,200.00,200.00,0,0,0.00,"Clean Transaction"
2024-01-01,2024-01,1695,South,Enterprise,Active,200.00,200.00,0,0,0.00,"Clean Transaction"
2024-01-01,2024-01,1696,West,Pro,Active,50.00,50.00,0,0,0.00,"Clean Transaction"
2024-01-01,2024-01,1697,East,Basic,Active,10.00,10.00,0,0,0.00,"Clean Transaction"
2024-01-01,2024-01,1698,South,Enterprise,Active,200.00,200.00,0,0,0.00,"Clean Transaction"
2024-01-01,2024-01,1699,South,Basic,Active,10.00,10.00,0,0,0.00,"Clean Transaction"
2024-01-01,2024-01,1700,East,Enterprise,Cancelled,200.00,200.00,0,0,0.00,"Clean Transaction"
2024-01-01,2024-01,1701,South,Basic,Active,10.00,10.00,0,0,0.00,"Clean Transaction"
2024-01-01,2024-01,1702,West,Basic,Cancelled,10.00,10.00,0,0,0.00,"Clean Transaction"
2024-01-01,2024-01,1703,North,Basic,Active,10.00,10.00,0,0,0.00,"Clean Transaction"
2024-01-01,2024-01,1704,West,Enterprise,Active,200.00,200.00,0,0,0.00,"Clean Transaction"
2024-01-01,2024-01,1705,North,Basic,Active,10.00,10.00,0,0,0.00,"Clean Transaction"
2024-01-01,2024-01,1706,North,Enterprise,Active,200.00,200.00,0,0,0.00,"Clean Transaction"
2024-01-01,2024-01,1707,West,Pro,Active,50.00,50.00,0,0,0.00,"Clean Transaction"
2024-01-01,2024-01,1708,West,Enterprise,Active,200.00,200.00,0,0,0.00,"Clean Transaction"
2024-01-01,2024-01,1709,West,Pro,Active,50.00,0.00,1,0,50.00,"Unpaid Invoice"
2024-01-01,2024-01,1710,West,Pro,Active,50.00,50.00,0,0,0.00,"Clean Transaction"
2024-01-01,2024-01,1711,East,Enterprise,Active,200.00,200.00,0,0,0.00,"Clean Transaction"
2024-01-01,2024-01,1712,South,Pro,Active,50.00,48.18,0,0,1.82,"Partial Payment"
2024-01-01,2024-01,1713,North,Pro,Active,50.00,50.00,0,0,0.00,"Clean Transaction"
2024-01-01,2024-01,1714,West,Pro,Active,50.00,50.00,0,0,0.00,"Clean Transaction"
2024-01-01,2024-01,1715,West,Basic,Active,10.00,10.00,0,0,0.00,"Clean Transaction"
2024-01-01,2024-01,1716,West,Pro,Active,50.00,50.00,0,0,0.00,"Clean Transaction"
2024-01-01,2024-01,1717,East,Basic,Active,10.00,10.00,0,0,0.00,"Clean Transaction"
2024-01-01,2024-01,1718,West,Pro,Active,50.00,50.00,0,0,0.00,"Clean Transaction"
2024-01-01,2024-01,1719,West,Pro,Active,50.00,0.00,1,0,50.00,"Unpaid Invoice"
2024-01-01,2024-01,1720,West,Basic,Active,10.00,10.00,0,0,0.00,"Clean Transaction"
2024-01-01,2024-01,1721,South,Basic,Active,10.00,10.00,0,0,0.00,"Clean Transaction"
2024-01-01,2024-01,1722,East,Pro,Active,50.00,50.00,0,0,0.00,"Clean Transaction"
2024-01-01,2024-01,1723,West,Enterprise,Cancelled,200.00,200.00,0,0,0.00,"Clean Transaction"
2024-01-01,2024-01,1724,North,Pro,Active,50.00,50.00,0,0,0.00,"Clean Transaction"
2024-01-01,2024-01,1725,North,Pro,Active,50.00,50.00,0,0,0.00,"Clean Transaction"
2024-01-01,2024-01,1726,North,Pro,Active,50.00,0.00,1,0,50.00,"Unpaid Invoice"
2024-01-01,2024-01,1727,East,Basic,Active,10.00,10.00,0,0,0.00,"Clean Transaction"
2024-01-01,2024-01,1728,East,Basic,Active,10.00,10.00,0,0,0.00,"Clean Transaction"
2024-01-01,2024-01,1729,North,Basic,Active,10.00,10.00,0,0,0.00,"Clean Transaction"
2024-01-01,2024-01,1730,West,Enterprise,Active,200.00,200.00,0,0,0.00,"Clean Transaction"
2024-01-01,2024-01,1731,East,Basic,Active,10.00,10.00,0,0,0.00,"Clean Transaction"
2024-01-01,2024-01,1732,North,Basic,Active,10.00,10.00,0,0,0.00,"Clean Transaction"
2024-01-01,2024-01,1733,North,Basic,Active,10.00,10.00,0,0,0.00,"Clean Transaction"
2024-01-01,2024-01,1734,West,Basic,Active,10.00,10.00,0,0,0.00,"Clean Transaction"
2024-01-01,2024-01,1735,South,Pro,Active,50.00,50.00,0,0,0.00,"Clean Transaction"
2024-01-01,2024-01,1736,East,Enterprise,Cancelled,200.00,0.00,1,0,200.00,"Unpaid Invoice"
2024-01-01,2024-01,1737,West,Enterprise,Active,200.00,200.00,0,0,0.00,"Clean Transaction"
2024-01-01,2024-01,1738,North,Pro,Active,50.00,50.00,0,0,0.00,"Clean Transaction"
2024-01-01,2024-01,1739,North,Pro,Active,50.00,50.00,0,0,0.00,"Clean Transaction"
2024-01-01,2024-01,1740,West,Pro,Active,50.00,50.00,0,0,0.00,"Clean Transaction"
2024-01-01,2024-01,1741,East,Basic,Active,10.00,10.00,0,0,0.00,"Clean Transaction"
2024-01-01,2024-01,1742,South,Basic,Cancelled,10.00,10.00,0,0,0.00,"Clean Transaction"
2024-01-01,2024-01,1743,South,Enterprise,Active,200.00,200.00,0,0,0.00,"Clean Transaction"
2024-01-01,2024-01,1744,North,Enterprise,Active,200.00,200.00,0,0,0.00,"Clean Transaction"
2024-01-01,2024-01,1745,East,Enterprise,Active,200.00,200.00,0,0,0.00,"Clean Transaction"
2024-01-01,2024-01,1746,South,Pro,Active,50.00,50.00,0,0,0.00,"Clean Transaction"
2024-01-01,2024-01,1747,East,Basic,Active,10.00,10.00,0,0,0.00,"Clean Transaction"
2024-01-01,2024-01,1748,East,Pro,Active,50.00,50.00,0,0,0.00,"Clean Transaction"
2024-01-01,2024-01,1749,North,Basic,Active,10.00,10.00,0,0,0.00,"Clean Transaction"
2024-01-01,2024-01,1750,South,Basic,Active,10.00,10.00,0,0,0.00,"Clean Transaction"
2024-01-01,2024-01,1751,West,Pro,Active,50.00,50.00,0,0,0.00,"Clean Transaction"
2024-01-01,2024-01,1752,North,Basic,Active,10.00,10.00,0,0,0.00,"Clean Transaction"
2024-01-01,2024-01,1753,South,Enterprise,Active,200.00,200.00,0,0,0.00,"Clean Transaction"
2024-01-01,2024-01,1754,South,Basic,Active,10.00,10.00,0,0,0.00,"Clean Transaction"
2024-01-01,2024-01,1755,South,Enterprise,Active,200.00,200.00,0,0,0.00,"Clean Transaction"
2024-01-01,2024-01,1756,South,Basic,Active,10.00,10.00,0,0,0.00,"Clean Transaction"
2024-01-01,2024-01,1758,East,Enterprise,Active,200.00,200.00,0,0,0.00,"Clean Transaction"
2024-01-01,2024-01,1759,North,Enterprise,Active,200.00,200.00,0,0,0.00,"Clean Transaction"
2024-01-01,2024-01,1760,East,Pro,Cancelled,50.00,50.00,0,0,0.00,"Clean Transaction"
2024-01-01,2024-01,1761,West,Enterprise,Active,200.00,200.00,0,0,0.00,"Clean Transaction"
2024-01-01,2024-01,1762,South,Basic,Active,10.00,10.00,0,0,0.00,"Clean Transaction"
2024-01-01,2024-01,1763,North,Basic,Active,10.00,10.00,0,0,0.00,"Clean Transaction"
2024-01-01,2024-01,1764,South,Enterprise,Active,200.00,200.00,0,0,0.00,"Clean Transaction"
2024-01-01,2024-01,1765,North,Pro,Active,50.00,50.00,0,0,0.00,"Clean Transaction"
2024-01-01,2024-01,1766,East,Enterprise,Active,200.00,200.00,0,0,0.00,"Clean Transaction"
2024-01-01,2024-01,1767,North,Basic,Active,10.00,10.00,0,0,0.00,"Clean Transaction"
2024-01-01,2024-01,1768,West,Pro,Active,50.00,50.00,0,0,0.00,"Clean Transaction"
2024-01-01,2024-01,1769,West,Pro,Active,50.00,50.00,0,0,0.00,"Clean Transaction"
2024-01-01,2024-01,1770,North,Basic,Active,10.00,10.00,0,0,0.00,"Clean Transaction"
2024-01-01,2024-01,1771,North,Enterprise,Active,200.00,200.00,0,0,0.00,"Clean Transaction"
2024-01-01,2024-01,1772,North,Pro,Active,50.00,50.00,0,0,0.00,"Clean Transaction"
2024-01-01,2024-01,1773,North,Enterprise,Active,200.00,200.00,0,0,0.00,"Clean Transaction"
2024-01-01,2024-01,1774,West,Enterprise,Active,200.00,200.00,0,0,0.00,"Clean Transaction"
2024-01-01,2024-01,1775,South,Enterprise,Active,200.00,200.00,0,0,0.00,"Clean Transaction"
2024-01-01,2024-01,1776,North,Basic,Active,10.00,10.00,0,0,0.00,"Clean Transaction"
2024-01-01,2024-01,1777,North,Pro,Active,50.00,50.00,0,0,0.00,"Clean Transaction"
2024-01-01,2024-01,1778,West,Enterprise,Active,200.00,200.00,0,0,0.00,"Clean Transaction"
2024-01-01,2024-01,1779,West,Basic,Active,10.00,10.00,0,0,0.00,"Clean Transaction"
2024-01-01,2024-01,1780,East,Enterprise,Cancelled,200.00,200.00,0,0,0.00,"Clean Transaction"
2024-01-01,2024-01,1781,North,Basic,Active,10.00,10.00,0,0,0.00,"Clean Transaction"
2024-01-01,2024-01,1782,East,Basic,Active,10.00,10.00,0,0,0.00,"Clean Transaction"
2024-01-01,2024-01,1783,West,Pro,Active,50.00,50.00,0,0,0.00,"Clean Transaction"
2024-01-01,2024-01,1784,West,Enterprise,Active,200.00,200.00,0,0,0.00,"Clean Transaction"
2024-01-01,2024-01,1785,South,Pro,Active,50.00,50.00,0,0,0.00,"Clean Transaction"
2024-01-01,2024-01,1786,North,Enterprise,Active,200.00,200.00,0,0,0.00,"Clean Transaction"
2024-01-01,2024-01,1787,East,Enterprise,Active,200.00,200.00,0,0,0.00,"Clean Transaction"
2024-01-01,2024-01,1788,West,Enterprise,Active,200.00,200.00,0,0,0.00,"Clean Transaction"
2024-01-01,2024-01,1789,West,Enterprise,Active,200.00,200.00,0,0,0.00,"Clean Transaction"
2024-01-01,2024-01,1790,East,Basic,Active,10.00,10.00,0,0,0.00,"Clean Transaction"
2024-01-01,2024-01,1791,South,Enterprise,Active,200.00,200.00,0,0,0.00,"Clean Transaction"
2024-01-01,2024-01,1792,West,Pro,Active,50.00,50.00,0,0,0.00,"Clean Transaction"
2024-01-01,2024-01,1793,North,Pro,Active,50.00,50.00,0,0,0.00,"Clean Transaction"
2024-01-01,2024-01,1794,West,Basic,Active,10.00,10.00,0,0,0.00,"Clean Transaction"
2024-01-01,2024-01,1795,North,Pro,Active,50.00,50.00,0,0,0.00,"Clean Transaction"
2024-01-01,2024-01,1796,East,Enterprise,Active,200.00,200.00,0,0,0.00,"Clean Transaction"
2024-01-01,2024-01,1797,North,Pro,Active,50.00,50.00,0,0,0.00,"Clean Transaction"
2024-01-01,2024-01,1798,East,Pro,Active,50.00,48.43,0,0,1.57,"Partial Payment"
2024-01-01,2024-01,1799,North,Enterprise,Active,200.00,200.00,0,0,0.00,"Clean Transaction"
2024-01-01,2024-01,1800,East,Basic,Cancelled,10.00,10.00,0,0,0.00,"Clean Transaction"
2024-01-01,2024-01,1801,North,Basic,Cancelled,10.00,10.00,0,0,0.00,"Clean Transaction"
2024-01-01,2024-01,1802,South,Pro,Active,50.00,50.00,0,0,0.00,"Clean Transaction"
2024-01-01,2024-01,1803,North,Pro,Active,50.00,50.00,0,0,0.00,"Clean Transaction"
2024-01-01,2024-01,1804,North,Enterprise,Active,200.00,200.00,0,0,0.00,"Clean Transaction"
2024-01-01,2024-01,1805,South,Basic,Active,10.00,10.00,0,0,0.00,"Clean Transaction"
2024-01-01,2024-01,1806,West,Enterprise,Active,200.00,200.00,0,0,0.00,"Clean Transaction"
2024-01-01,2024-01,1807,West,Enterprise,Active,200.00,200.00,0,0,0.00,"Clean Transaction"
2024-01-01,2024-01,1808,North,Enterprise,Active,200.00,200.00,0,0,0.00,"Clean Transaction"
2024-01-01,2024-01,1809,South,Enterprise,Cancelled,200.00,200.00,0,0,0.00,"Clean Transaction"
2024-01-01,2024-01,1810,North,Enterprise,Active,200.00,200.00,0,0,0.00,"Clean Transaction"
2024-01-01,2024-01,1811,East,Basic,Active,10.00,10.00,0,0,0.00,"Clean Transaction"
2024-01-01,2024-01,1812,East,Pro,Active,50.00,50.00,0,0,0.00,"Clean Transaction"
2024-01-01,2024-01,1813,North,Pro,Active,50.00,50.00,0,0,0.00,"Clean Transaction"
2024-01-01,2024-01,1814,West,Pro,Active,50.00,50.00,0,0,0.00,"Clean Transaction"
2024-01-01,2024-01,1815,West,Pro,Active,50.00,50.00,0,0,0.00,"Clean Transaction"
2024-01-01,2024-01,1816,North,Pro,Active,50.00,50.00,0,0,0.00,"Clean Transaction"
2024-01-01,2024-01,1817,North,Enterprise,Active,200.00,200.00,0,0,0.00,"Clean Transaction"
2024-01-01,2024-01,1818,East,Pro,Active,50.00,50.00,0,0,0.00,"Clean Transaction"
2024-01-01,2024-01,1819,West,Enterprise,Cancelled,200.00,200.00,0,0,0.00,"Clean Transaction"
2024-01-01,2024-01,1820,North,Basic,Active,10.00,10.00,0,0,0.00,"Clean Transaction"
2024-01-01,2024-01,1821,East,Basic,Active,10.00,10.00,0,0,0.00,"Clean Transaction"
2024-01-01,2024-01,1822,West,Basic,Active,10.00,10.00,0,0,0.00,"Clean Transaction"
2024-01-01,2024-01,1823,South,Enterprise,Active,200.00,200.00,0,0,0.00,"Clean Transaction"
2024-01-01,2024-01,1824,East,Pro,Active,50.00,49.29,0,0,0.71,"Partial Payment"
2024-01-01,2024-01,1825,West,Pro,Active,50.00,50.00,0,0,0.00,"Clean Transaction"
2024-01-01,2024-01,1826,West,Enterprise,Active,200.00,200.00,0,0,0.00,"Clean Transaction"
2024-01-01,2024-01,1827,East,Enterprise,Active,200.00,200.00,0,0,0.00,"Clean Transaction"
2024-01-01,2024-01,1828,South,Pro,Active,50.00,50.00,0,0,0.00,"Clean Transaction"
2024-01-01,2024-01,1829,East,Enterprise,Active,200.00,200.00,0,0,0.00,"Clean Transaction"
2024-01-01,2024-01,1830,West,Basic,Active,10.00,10.00,0,0,0.00,"Clean Transaction"
2024-01-01,2024-01,1831,North,Pro,Active,50.00,50.00,0,0,0.00,"Clean Transaction"
2024-01-01,2024-01,1832,North,Pro,Active,50.00,50.00,0,0,0.00,"Clean Transaction"
2024-01-01,2024-01,1833,East,Enterprise,Active,200.00,200.00,0,0,0.00,"Clean Transaction"
2024-01-01,2024-01,1834,West,Enterprise,Active,200.00,200.00,0,0,0.00,"Clean Transaction"
2024-01-01,2024-01,1835,North,Pro,Active,50.00,50.00,0,0,0.00,"Clean Transaction"
2024-01-01,2024-01,1836,West,Basic,Active,10.00,10.00,0,0,0.00,"Clean Transaction"
2024-01-01,2024-01,1837,East,Basic,Active,10.00,10.00,0,0,0.00,"Clean Transaction"
2024-01-01,2024-01,1838,North,Basic,Active,10.00,10.00,0,0,0.00,"Clean Transaction"
2024-01-01,2024-01,1839,West,Enterprise,Active,200.00,200.00,0,0,0.00,"Clean Transaction"
2024-01-01,2024-01,1840,North,Enterprise,Active,200.00,200.00,0,0,0.00,"Clean Transaction"
2024-01-01,2024-01,1841,East,Pro,Active,50.00,50.00,0,0,0.00,"Clean Transaction"
2024-01-01,2024-01,1842,West,Pro,Active,50.00,50.00,0,0,0.00,"Clean Transaction"
2024-01-01,2024-01,1843,North,Pro,Active,50.00,50.00,0,0,0.00,"Clean Transaction"
2024-01-01,2024-01,1844,East,Pro,Active,50.00,50.00,0,0,0.00,"Clean Transaction"
2024-01-01,2024-01,1845,North,Pro,Active,50.00,50.00,0,0,0.00,"Clean Transaction"
2024-01-01,2024-01,1846,North,Basic,Active,10.00,10.00,0,0,0.00,"Clean Transaction"
2024-01-01,2024-01,1847,South,Pro,Active,50.00,50.00,0,0,0.00,"Clean Transaction"
2024-01-01,2024-01,1848,South,Pro,Active,50.00,50.00,0,0,0.00,"Clean Transaction"
2024-01-01,2024-01,1849,East,Pro,Active,50.00,50.00,0,0,0.00,"Clean Transaction"
2024-01-01,2024-01,1850,South,Basic,Cancelled,10.00,10.00,0,0,0.00,"Clean Transaction"
2024-01-01,2024-01,1851,East,Basic,Active,10.00,10.00,0,0,0.00,"Clean Transaction"
2024-01-01,2024-01,1852,South,Pro,Active,50.00,50.00,0,0,0.00,"Clean Transaction"
2024-01-01,2024-01,1853,North,Pro,Active,50.00,50.00,0,0,0.00,"Clean Transaction"
2024-01-01,2024-01,1854,East,Basic,Active,10.00,10.00,0,0,0.00,"Clean Transaction"
2024-01-01,2024-01,1855,East,Basic,Active,10.00,10.00,0,0,0.00,"Clean Transaction"
2024-01-01,2024-01,1856,North,Basic,Active,10.00,10.00,0,0,0.00,"Clean Transaction"
2024-01-01,2024-01,1857,East,Pro,Active,50.00,50.00,0,0,0.00,"Clean Transaction"
2024-01-01,2024-01,1858,East,Pro,Active,50.00,50.00,0,0,0.00,"Clean Transaction"
2024-01-01,2024-01,1859,South,Enterprise,Active,200.00,200.00,0,0,0.00,"Clean Transaction"
2024-01-01,2024-01,1860,East,Enterprise,Active,200.00,200.00,0,0,0.00,"Clean Transaction"
2024-01-01,2024-01,1861,West,Enterprise,Active,200.00,200.00,0,0,0.00,"Clean Transaction"
2024-01-01,2024-01,1862,North,Enterprise,Active,200.00,200.00,0,0,0.00,"Clean Transaction"
2024-01-01,2024-01,1863,South,Enterprise,Active,200.00,200.00,0,0,0.00,"Clean Transaction"
2024-01-01,2024-01,1864,South,Enterprise,Active,200.00,200.00,0,0,0.00,"Clean Transaction"
2024-01-01,2024-01,1865,West,Pro,Active,50.00,0.00,1,0,50.00,"Unpaid Invoice"
2024-01-01,2024-01,1866,North,Enterprise,Active,200.00,200.00,0,0,0.00,"Clean Transaction"
2024-01-01,2024-01,1867,North,Basic,Active,10.00,10.00,0,0,0.00,"Clean Transaction"
2024-01-01,2024-01,1868,South,Enterprise,Active,200.00,200.00,0,0,0.00,"Clean Transaction"
2024-01-01,2024-01,1869,East,Enterprise,Active,200.00,200.00,0,0,0.00,"Clean Transaction"
2024-01-01,2024-01,1870,South,Pro,Active,50.00,50.00,0,0,0.00,"Clean Transaction"
2024-01-01,2024-01,1871,North,Enterprise,Active,200.00,200.00,0,0,0.00,"Clean Transaction"
2024-01-01,2024-01,1872,West,Basic,Active,10.00,10.00,0,0,0.00,"Clean Transaction"
2024-01-01,2024-01,1873,South,Basic,Active,10.00,10.00,0,0,0.00,"Clean Transaction"
2024-01-01,2024-01,1874,North,Pro,Active,50.00,50.00,0,0,0.00,"Clean Transaction"
2024-01-01,2024-01,1875,South,Basic,Active,10.00,10.00,0,0,0.00,"Clean Transaction"
2024-01-01,2024-01,1876,East,Enterprise,Active,200.00,200.00,0,0,0.00,"Clean Transaction"
2024-01-01,2024-01,1877,South,Pro,Active,50.00,50.00,0,0,0.00,"Clean Transaction"
2024-01-01,2024-01,1878,South,Pro,Active,50.00,50.00,0,0,0.00,"Clean Transaction"
2024-01-01,2024-01,1879,North,Basic,Active,10.00,10.00,0,0,0.00,"Clean Transaction"
2024-01-01,2024-01,1880,North,Basic,Cancelled,10.00,10.00,0,0,0.00,"Clean Transaction"
2024-01-01,2024-01,1881,North,Pro,Active,50.00,50.00,0,0,0.00,"Clean Transaction"
2024-01-01,2024-01,1882,South,Basic,Active,10.00,10.00,0,0,0.00,"Clean Transaction"
2024-01-01,2024-01,1883,East,Pro,Cancelled,50.00,50.00,0,0,0.00,"Clean Transaction"
2024-01-01,2024-01,1884,West,Basic,Active,10.00,10.00,0,0,0.00,"Clean Transaction"
2024-01-01,2024-01,1885,West,Basic,Active,10.00,10.00,0,0,0.00,"Clean Transaction"
2024-01-01,2024-01,1886,North,Basic,Active,10.00,10.00,0,0,0.00,"Clean Transaction"
2024-01-01,2024-01,1887,North,Pro,Active,50.00,50.00,0,0,0.00,"Clean Transaction"
2024-01-01,2024-01,1888,South,Basic,Active,10.00,10.00,0,0,0.00,"Clean Transaction"
2024-01-01,2024-01,1889,West,Enterprise,Active,200.00,200.00,0,0,0.00,"Clean Transaction"
2024-01-01,2024-01,1890,North,Pro,Active,50.00,46.49,0,0,3.51,"Partial Payment"
2024-01-01,2024-01,1891,East,Enterprise,Cancelled,200.00,200.00,0,0,0.00,"Clean Transaction"
2024-01-01,2024-01,1892,East,Enterprise,Active,200.00,200.00,0,0,0.00,"Clean Transaction"
2024-01-01,2024-01,1893,North,Enterprise,Active,200.00,200.00,0,0,0.00,"Clean Transaction"
2024-01-01,2024-01,1894,North,Pro,Active,50.00,50.00,0,0,0.00,"Clean Transaction"
2024-01-01,2024-01,1895,West,Basic,Cancelled,10.00,9.52,0,0,0.48,"Partial Payment"
2024-01-01,2024-01,1896,West,Enterprise,Active,200.00,200.00,0,0,0.00,"Clean Transaction"
2024-01-01,2024-01,1897,South,Basic,Cancelled,10.00,10.00,0,0,0.00,"Clean Transaction"
2024-01-01,2024-01,1898,West,Pro,Active,50.00,50.00,0,0,0.00,"Clean Transaction"
2024-01-01,2024-01,1899,East,Enterprise,Active,200.00,200.00,0,0,0.00,"Clean Transaction"
2024-01-01,2024-01,1900,East,Pro,Active,50.00,50.00,0,0,0.00,"Clean Transaction"
2024-01-01,2024-01,1901,North,Enterprise,Active,200.00,200.00,0,0,0.00,"Clean Transaction"
2024-01-01,2024-01,1902,West,Basic,Active,10.00,10.00,0,0,0.00,"Clean Transaction"
2024-01-01,2024-01,1903,South,Pro,Active,50.00,0.00,1,0,50.00,"Unpaid Invoice"
2024-01-01,2024-01,1904,East,Pro,Active,50.00,50.00,0,0,0.00,"Clean Transaction"
2024-01-01,2024-01,1905,East,Pro,Active,50.00,50.00,0,0,0.00,"Clean Transaction"
2024-01-01,2024-01,1906,South,Basic,Active,10.00,10.00,0,0,0.00,"Clean Transaction"
2024-01-01,2024-01,1907,South,Enterprise,Active,200.00,200.00,0,0,0.00,"Clean Transaction"
2024-01-01,2024-01,1908,East,Basic,Active,10.00,10.00,0,0,0.00,"Clean Transaction"
2024-01-01,2024-01,1909,East,Enterprise,Active,200.00,200.00,0,0,0.00,"Clean Transaction"
2024-01-01,2024-01,1910,South,Basic,Active,10.00,10.00,0,0,0.00,"Clean Transaction"
2024-01-01,2024-01,1911,East,Pro,Active,50.00,0.00,1,0,50.00,"Unpaid Invoice"
2024-01-01,2024-01,1912,North,Basic,Active,10.00,10.00,0,0,0.00,"Clean Transaction"
2024-01-01,2024-01,1913,North,Pro,Cancelled,50.00,50.00,0,0,0.00,"Clean Transaction"
2024-01-01,2024-01,1914,South,Basic,Active,10.00,10.00,0,0,0.00,"Clean Transaction"
2024-01-01,2024-01,1915,West,Pro,Cancelled,50.00,50.00,0,0,0.00,"Clean Transaction"
2024-01-01,2024-01,1916,South,Enterprise,Active,200.00,200.00,0,0,0.00,"Clean Transaction"
2024-01-01,2024-01,1917,South,Pro,Active,50.00,50.00,0,0,0.00,"Clean Transaction"
2024-01-01,2024-01,1918,West,Pro,Active,50.00,50.00,0,0,0.00,"Clean Transaction"
2024-01-01,2024-01,1919,West,Pro,Active,50.00,50.00,0,0,0.00,"Clean Transaction"
2024-01-01,2024-01,1921,North,Basic,Active,10.00,10.00,0,0,0.00,"Clean Transaction"
2024-01-01,2024-01,1922,East,Enterprise,Active,200.00,200.00,0,0,0.00,"Clean Transaction"
2024-01-01,2024-01,1923,North,Enterprise,Active,200.00,200.00,0,0,0.00,"Clean Transaction"
2024-01-01,2024-01,1924,East,Enterprise,Active,200.00,200.00,0,0,0.00,"Clean Transaction"
2024-01-01,2024-01,1925,North,Basic,Active,10.00,10.00,0,0,0.00,"Clean Transaction"
2024-01-01,2024-01,1926,East,Enterprise,Active,200.00,200.00,0,0,0.00,"Clean Transaction"
2024-01-01,2024-01,1927,North,Enterprise,Active,200.00,200.00,0,0,0.00,"Clean Transaction"
2024-01-01,2024-01,1928,West,Enterprise,Active,200.00,200.00,0,0,0.00,"Clean Transaction"
2024-01-01,2024-01,1929,South,Pro,Active,50.00,50.00,0,0,0.00,"Clean Transaction"
2024-01-01,2024-01,1930,North,Enterprise,Cancelled,200.00,200.00,0,0,0.00,"Clean Transaction"
2024-01-01,2024-01,1931,East,Basic,Active,10.00,10.00,0,0,0.00,"Clean Transaction"
2024-01-01,2024-01,1932,West,Pro,Active,50.00,50.00,0,0,0.00,"Clean Transaction"
2024-01-01,2024-01,1933,North,Pro,Active,50.00,50.00,0,0,0.00,"Clean Transaction"
2024-01-01,2024-01,1934,North,Enterprise,Active,200.00,200.00,0,0,0.00,"Clean Transaction"
2024-01-01,2024-01,1935,West,Enterprise,Active,200.00,200.00,0,0,0.00,"Clean Transaction"
2024-01-01,2024-01,1936,North,Pro,Active,50.00,50.00,0,0,0.00,"Clean Transaction"
2024-01-01,2024-01,1937,South,Basic,Active,10.00,10.00,0,0,0.00,"Clean Transaction"
2024-01-01,2024-01,1938,North,Pro,Cancelled,50.00,50.00,0,0,0.00,"Clean Transaction"
2024-01-01,2024-01,1939,South,Pro,Active,50.00,50.00,0,0,0.00,"Clean Transaction"
2024-01-01,2024-01,1940,South,Enterprise,Active,200.00,200.00,0,0,0.00,"Clean Transaction"
2024-01-01,2024-01,1941,West,Basic,Active,10.00,10.00,0,0,0.00,"Clean Transaction"
2024-01-01,2024-01,1942,North,Basic,Active,10.00,10.00,0,0,0.00,"Clean Transaction"
2024-01-01,2024-01,1943,West,Pro,Active,50.00,50.00,0,0,0.00,"Clean Transaction"
2024-01-01,2024-01,1944,North,Enterprise,Active,200.00,200.00,0,0,0.00,"Clean Transaction"
2024-01-01,2024-01,1945,North,Enterprise,Cancelled,200.00,200.00,0,0,0.00,"Clean Transaction"
2024-01-01,2024-01,1946,East,Enterprise,Active,200.00,200.00,0,0,0.00,"Clean Transaction"
2024-01-01,2024-01,1947,North,Enterprise,Active,200.00,200.00,0,0,0.00,"Clean Transaction"
2024-01-01,2024-01,1948,West,Basic,Active,10.00,10.00,0,0,0.00,"Clean Transaction"
2024-01-01,2024-01,1949,South,Basic,Active,10.00,10.00,0,0,0.00,"Clean Transaction"
2024-01-01,2024-01,1950,North,Pro,Active,50.00,50.00,0,0,0.00,"Clean Transaction"
2024-01-01,2024-01,1951,East,Pro,Active,50.00,50.00,0,0,0.00,"Clean Transaction"
2024-01-01,2024-01,1952,West,Basic,Active,10.00,0.00,1,0,10.00,"Unpaid Invoice"
2024-01-01,2024-01,1953,North,Pro,Active,50.00,50.00,0,0,0.00,"Clean Transaction"
2024-01-01,2024-01,1954,West,Enterprise,Active,200.00,200.00,0,0,0.00,"Clean Transaction"
2024-01-01,2024-01,1955,East,Pro,Active,50.00,50.00,0,0,0.00,"Clean Transaction"
2024-01-01,2024-01,1956,East,Enterprise,Active,200.00,200.00,0,0,0.00,"Clean Transaction"
2024-01-01,2024-01,1957,West,Pro,Active,50.00,50.00,0,0,0.00,"Clean Transaction"
2024-01-01,2024-01,1958,North,Pro,Active,50.00,50.00,0,0,0.00,"Clean Transaction"
2024-01-01,2024-01,1959,South,Enterprise,Active,200.00,200.00,0,0,0.00,"Clean Transaction"
2024-01-01,2024-01,1960,East,Basic,Active,10.00,10.00,0,0,0.00,"Clean Transaction"
2024-01-01,2024-01,1961,North,Enterprise,Active,200.00,200.00,0,0,0.00,"Clean Transaction"
2024-01-01,2024-01,1962,North,Basic,Active,10.00,10.00,0,0,0.00,"Clean Transaction"
2024-01-01,2024-01,1963,South,Enterprise,Cancelled,200.00,200.00,0,0,0.00,"Clean Transaction"
2024-01-01,2024-01,1964,East,Enterprise,Active,200.00,200.00,0,0,0.00,"Clean Transaction"
2024-01-01,2024-01,1965,East,Enterprise,Active,200.00,200.00,0,0,0.00,"Clean Transaction"
2024-01-01,2024-01,1966,North,Basic,Active,10.00,10.00,0,0,0.00,"Clean Transaction"
2024-01-01,2024-01,1967,North,Enterprise,Active,200.00,200.00,0,0,0.00,"Clean Transaction"
2024-01-01,2024-01,1968,South,Enterprise,Active,200.00,200.00,0,0,0.00,"Clean Transaction"
2024-01-01,2024-01,1969,South,Enterprise,Active,200.00,200.00,0,0,0.00,"Clean Transaction"
2024-01-01,2024-01,1970,East,Basic,Active,10.00,10.00,0,0,0.00,"Clean Transaction"
2024-01-01,2024-01,1971,West,Pro,Cancelled,50.00,50.00,0,0,0.00,"Clean Transaction"
2024-01-01,2024-01,1972,East,Enterprise,Cancelled,200.00,200.00,0,0,0.00,"Clean Transaction"
2024-01-01,2024-01,1973,North,Basic,Active,10.00,10.00,0,0,0.00,"Clean Transaction"
2024-01-01,2024-01,1974,East,Enterprise,Active,200.00,200.00,0,0,0.00,"Clean Transaction"
2024-01-01,2024-01,1975,West,Pro,Active,50.00,50.00,0,0,0.00,"Clean Transaction"
2024-01-01,2024-01,1976,South,Basic,Active,10.00,10.00,0,0,0.00,"Clean Transaction"
2024-01-01,2024-01,1977,West,Pro,Active,50.00,49.46,0,0,0.54,"Partial Payment"
2024-01-01,2024-01,1978,West,Enterprise,Active,200.00,200.00,0,0,0.00,"Clean Transaction"
2024-01-01,2024-01,1979,West,Enterprise,Active,200.00,200.00,0,0,0.00,"Clean Transaction"
2024-01-01,2024-01,1980,South,Enterprise,Active,200.00,0.00,1,0,200.00,"Unpaid Invoice"
2024-01-01,2024-01,1981,West,Basic,Active,10.00,10.00,0,0,0.00,"Clean Transaction"
2024-01-01,2024-01,1982,West,Basic,Active,10.00,0.00,1,0,10.00,"Unpaid Invoice"
2024-01-01,2024-01,1984,North,Enterprise,Cancelled,200.00,200.00,0,0,0.00,"Clean Transaction"
2024-01-01,2024-01,1985,West,Enterprise,Active,200.00,200.00,0,0,0.00,"Clean Transaction"
2024-01-01,2024-01,1986,South,Enterprise,Cancelled,200.00,200.00,0,0,0.00,"Clean Transaction"
2024-01-01,2024-01,1987,West,Basic,Active,10.00,10.00,0,0,0.00,"Clean Transaction"
2024-01-01,2024-01,1988,West,Enterprise,Active,200.00,200.00,0,0,0.00,"Clean Transaction"
2024-01-01,2024-01,1989,South,Basic,Active,10.00,10.00,0,0,0.00,"Clean Transaction"
2024-01-01,2024-01,1990,West,Enterprise,Active,200.00,200.00,0,0,0.00,"Clean Transaction"
2024-01-01,2024-01,1991,South,Basic,Cancelled,10.00,10.00,0,0,0.00,"Clean Transaction"
2024-01-01,2024-01,1992,West,Basic,Active,10.00,10.00,0,0,0.00,"Clean Transaction"
2024-01-01,2024-01,1994,West,Basic,Active,10.00,10.00,0,0,0.00,"Clean Transaction"
2024-01-01,2024-01,1995,West,Basic,Active,10.00,10.00,0,0,0.00,"Clean Transaction"
2024-01-01,2024-01,1996,North,Basic,Active,10.00,10.00,0,0,0.00,"Clean Transaction"
2024-01-01,2024-01,1997,North,Basic,Active,10.00,10.00,0,0,0.00,"Clean Transaction"
2024-01-01,2024-01,1998,West,Basic,Active,10.00,10.00,0,0,0.00,"Clean Transaction"
2024-01-01,2024-01,1999,West,Pro,Active,50.00,50.00,0,0,0.00,"Clean Transaction"
2024-01-01,2024-01,2000,East,Pro,Cancelled,50.00,0.00,1,0,50.00,"Unpaid Invoice"
2024-02-01,2024-02,1001,East,Basic,Cancelled,10.00,10.00,0,0,0.00,"Clean Transaction"
2024-02-01,2024-02,1002,West,Basic,Active,10.00,10.00,0,0,0.00,"Clean Transaction"
2024-02-01,2024-02,1003,North,Enterprise,Cancelled,200.00,200.00,0,0,0.00,"Clean Transaction"
2024-02-01,2024-02,1004,East,Basic,Active,10.00,10.00,0,0,0.00,"Clean Transaction"
2024-02-01,2024-02,1005,East,Pro,Cancelled,50.00,50.00,0,0,0.00,"Clean Transaction"
2024-02-01,2024-02,1006,West,Basic,Cancelled,10.00,10.00,0,0,0.00,"Clean Transaction"
2024-02-01,2024-02,1007,North,Enterprise,Active,200.00,200.00,0,0,0.00,"Clean Transaction"
2024-02-01,2024-02,1008,North,Pro,Active,50.00,50.00,0,0,0.00,"Clean Transaction"
2024-02-01,2024-02,1009,East,Enterprise,Active,200.00,200.00,0,0,0.00,"Clean Transaction"
2024-02-01,2024-02,1010,South,Pro,Active,50.00,50.00,0,0,0.00,"Clean Transaction"
2024-02-01,2024-02,1011,East,Basic,Active,10.00,10.00,0,0,0.00,"Clean Transaction"
2024-02-01,2024-02,1012,East,Basic,Cancelled,10.00,10.00,0,0,0.00,"Clean Transaction"
2024-02-01,2024-02,1013,East,Basic,Active,10.00,10.00,0,0,0.00,"Clean Transaction"
2024-02-01,2024-02,1014,East,Basic,Active,10.00,10.00,0,0,0.00,"Clean Transaction"
2024-02-01,2024-02,1015,West,Basic,Active,10.00,10.00,0,0,0.00,"Clean Transaction"
2024-02-01,2024-02,1016,North,Basic,Active,10.00,10.00,0,0,0.00,"Clean Transaction"
2024-02-01,2024-02,1017,West,Pro,Active,50.00,50.00,0,0,0.00,"Clean Transaction"
2024-02-01,2024-02,1018,West,Pro,Active,50.00,50.00,0,0,0.00,"Clean Transaction"
2024-02-01,2024-02,1019,West,Enterprise,Active,200.00,200.00,0,0,0.00,"Clean Transaction"
2024-02-01,2024-02,1020,East,Pro,Active,50.00,50.00,0,0,0.00,"Clean Transaction"
2024-02-01,2024-02,1021,South,Pro,Active,50.00,50.00,0,0,0.00,"Clean Transaction"
2024-02-01,2024-02,1022,North,Basic,Active,10.00,10.00,0,0,0.00,"Clean Transaction"
2024-02-01,2024-02,1023,South,Enterprise,Active,200.00,0.00,1,0,200.00,"Unpaid Invoice"
2024-02-01,2024-02,1024,West,Pro,Active,50.00,50.00,0,0,0.00,"Clean Transaction"
2024-02-01,2024-02,1025,West,Enterprise,Active,200.00,200.00,0,0,0.00,"Clean Transaction"
2024-02-01,2024-02,1026,South,Pro,Active,50.00,50.00,0,0,0.00,"Clean Transaction"
2024-02-01,2024-02,1027,South,Pro,Active,50.00,50.00,0,0,0.00,"Clean Transaction"
2024-02-01,2024-02,1028,South,Enterprise,Active,200.00,0.00,1,0,200.00,"Unpaid Invoice"
2024-02-01,2024-02,1029,West,Basic,Active,10.00,10.00,0,0,0.00,"Clean Transaction"
2024-02-01,2024-02,1030,West,Enterprise,Active,200.00,200.00,0,0,0.00,"Clean Transaction"
2024-02-01,2024-02,1031,North,Basic,Active,10.00,10.00,0,0,0.00,"Clean Transaction"
2024-02-01,2024-02,1032,North,Pro,Active,50.00,50.00,0,0,0.00,"Clean Transaction"
2024-02-01,2024-02,1033,West,Pro,Cancelled,50.00,50.00,0,0,0.00,"Clean Transaction"
2024-02-01,2024-02,1034,South,Pro,Active,50.00,50.00,0,0,0.00,"Clean Transaction"
2024-02-01,2024-02,1035,South,Enterprise,Active,200.00,200.00,0,0,0.00,"Clean Transaction"
2024-02-01,2024-02,1036,North,Enterprise,Active,200.00,200.00,0,0,0.00,"Clean Transaction"
2024-02-01,2024-02,1037,West,Basic,Active,10.00,10.00,0,0,0.00,"Clean Transaction"
2024-02-01,2024-02,1038,North,Enterprise,Active,200.00,193.53,0,0,6.47,"Partial Payment"
2024-02-01,2024-02,1039,North,Basic,Active,10.00,10.00,0,0,0.00,"Clean Transaction"
2024-02-01,2024-02,1040,East,Basic,Active,10.00,10.00,0,0,0.00,"Clean Transaction"
2024-02-01,2024-02,1041,East,Pro,Active,50.00,50.00,0,0,0.00,"Clean Transaction"
2024-02-01,2024-02,1043,South,Pro,Active,50.00,50.00,0,0,0.00,"Clean Transaction"
2024-02-01,2024-02,1044,West,Pro,Active,50.00,50.00,0,0,0.00,"Clean Transaction"
2024-02-01,2024-02,1045,West,Basic,Cancelled,10.00,10.00,0,0,0.00,"Clean Transaction"
2024-02-01,2024-02,1046,West,Enterprise,Cancelled,200.00,200.00,0,0,0.00,"Clean Transaction"
2024-02-01,2024-02,1047,West,Basic,Cancelled,10.00,9.15,0,0,0.85,"Partial Payment"
2024-02-01,2024-02,1048,East,Basic,Active,10.00,10.00,0,0,0.00,"Clean Transaction"
2024-02-01,2024-02,1049,South,Enterprise,Active,200.00,200.00,0,0,0.00,"Clean Transaction"
2024-02-01,2024-02,1050,South,Pro,Active,50.00,50.00,0,0,0.00,"Clean Transaction"
2024-02-01,2024-02,1051,East,Pro,Active,50.00,50.00,0,0,0.00,"Clean Transaction"
2024-02-01,2024-02,1052,South,Enterprise,Cancelled,200.00,200.00,0,0,0.00,"Clean Transaction"
2024-02-01,2024-02,1053,East,Enterprise,Active,200.00,200.00,0,0,0.00,"Clean Transaction"
2024-02-01,2024-02,1054,West,Basic,Active,10.00,10.00,0,0,0.00,"Clean Transaction"
2024-02-01,2024-02,1055,East,Enterprise,Active,200.00,200.00,0,0,0.00,"Clean Transaction"
2024-02-01,2024-02,1056,West,Enterprise,Active,200.00,200.00,0,0,0.00,"Clean Transaction"
2024-02-01,2024-02,1057,West,Enterprise,Active,200.00,200.00,0,0,0.00,"Clean Transaction"
2024-02-01,2024-02,1058,North,Pro,Active,50.00,50.00,0,0,0.00,"Clean Transaction"
2024-02-01,2024-02,1059,East,Basic,Active,10.00,10.00,0,0,0.00,"Clean Transaction"
2024-02-01,2024-02,1060,North,Pro,Active,50.00,50.00,0,0,0.00,"Clean Transaction"
2024-02-01,2024-02,1061,East,Pro,Active,50.00,50.00,0,0,0.00,"Clean Transaction"
2024-02-01,2024-02,1062,East,Pro,Active,50.00,50.00,0,0,0.00,"Clean Transaction"
2024-02-01,2024-02,1063,North,Basic,Active,10.00,10.00,0,0,0.00,"Clean Transaction"
2024-02-01,2024-02,1064,North,Basic,Active,10.00,10.00,0,0,0.00,"Clean Transaction"
2024-02-01,2024-02,1065,East,Pro,Active,50.00,50.00,0,0,0.00,"Clean Transaction"
2024-02-01,2024-02,1066,South,Basic,Active,10.00,10.00,0,0,0.00,"Clean Transaction"
2024-02-01,2024-02,1067,West,Pro,Active,50.00,50.00,0,0,0.00,"Clean Transaction"
2024-02-01,2024-02,1068,North,Enterprise,Active,200.00,200.00,0,0,0.00,"Clean Transaction"
2024-02-01,2024-02,1069,West,Enterprise,Active,200.00,200.00,0,0,0.00,"Clean Transaction"
2024-02-01,2024-02,1070,South,Enterprise,Active,200.00,200.00,0,0,0.00,"Clean Transaction"
2024-02-01,2024-02,1071,South,Enterprise,Active,200.00,200.00,0,0,0.00,"Clean Transaction"
2024-02-01,2024-02,1072,South,Enterprise,Cancelled,200.00,200.00,0,0,0.00,"Clean Transaction"
2024-02-01,2024-02,1073,North,Enterprise,Active,200.00,200.00,0,0,0.00,"Clean Transaction"
2024-02-01,2024-02,1074,South,Basic,Cancelled,10.00,10.00,0,0,0.00,"Clean Transaction"
2024-02-01,2024-02,1075,North,Enterprise,Active,200.00,200.00,0,0,0.00,"Clean Transaction"
2024-02-01,2024-02,1076,South,Enterprise,Active,200.00,200.00,0,0,0.00,"Clean Transaction"
2024-02-01,2024-02,1077,West,Basic,Active,10.00,10.00,0,0,0.00,"Clean Transaction"
2024-02-01,2024-02,1078,West,Pro,Active,50.00,50.00,0,0,0.00,"Clean Transaction"
2024-02-01,2024-02,1079,East,Basic,Active,10.00,0.00,1,0,10.00,"Unpaid Invoice"
2024-02-01,2024-02,1080,West,Enterprise,Active,200.00,189.07,0,0,10.93,"Partial Payment"
2024-02-01,2024-02,1081,East,Pro,Active,50.00,50.00,0,0,0.00,"Clean Transaction"
2024-02-01,2024-02,1082,West,Basic,Active,10.00,10.00,0,0,0.00,"Clean Transaction"
2024-02-01,2024-02,1083,North,Pro,Cancelled,50.00,50.00,0,0,0.00,"Clean Transaction"
2024-02-01,2024-02,1084,West,Pro,Cancelled,50.00,50.00,0,0,0.00,"Clean Transaction"
2024-02-01,2024-02,1085,East,Basic,Active,10.00,10.00,0,0,0.00,"Clean Transaction"
2024-02-01,2024-02,1086,East,Basic,Active,10.00,10.00,0,0,0.00,"Clean Transaction"
2024-02-01,2024-02,1087,South,Pro,Active,50.00,50.00,0,0,0.00,"Clean Transaction"
2024-02-01,2024-02,1088,North,Pro,Active,50.00,50.00,0,0,0.00,"Clean Transaction"
2024-02-01,2024-02,1089,West,Basic,Active,10.00,10.00,0,0,0.00,"Clean Transaction"
2024-02-01,2024-02,1090,South,Pro,Active,50.00,50.00,0,0,0.00,"Clean Transaction"
2024-02-01,2024-02,1091,West,Basic,Active,10.00,10.00,0,0,0.00,"Clean Transaction"
2024-02-01,2024-02,1092,West,Basic,Active,10.00,10.00,0,0,0.00,"Clean Transaction"
2024-02-01,2024-02,1093,South,Pro,Active,50.00,50.00,0,0,0.00,"Clean Transaction"
2024-02-01,2024-02,1094,South,Basic,Active,10.00,10.00,0,0,0.00,"Clean Transaction"
2024-02-01,2024-02,1095,South,Pro,Active,50.00,50.00,0,0,0.00,"Clean Transaction"
2024-02-01,2024-02,1096,South,Pro,Active,50.00,50.00,0,0,0.00,"Clean Transaction"
2024-02-01,2024-02,1097,South,Enterprise,Active,200.00,200.00,0,0,0.00,"Clean Transaction"
2024-02-01,2024-02,1100,North,Basic,Active,10.00,10.00,0,0,0.00,"Clean Transaction"
2024-02-01,2024-02,1101,East,Enterprise,Active,200.00,200.00,0,0,0.00,"Clean Transaction"
2024-02-01,2024-02,1102,South,Enterprise,Active,200.00,200.00,0,0,0.00,"Clean Transaction"
2024-02-01,2024-02,1103,South,Enterprise,Active,200.00,200.00,0,0,0.00,"Clean Transaction"
2024-02-01,2024-02,1104,West,Enterprise,Active,200.00,200.00,0,0,0.00,"Clean Transaction"
2024-02-01,2024-02,1105,South,Pro,Active,50.00,50.00,0,0,0.00,"Clean Transaction"
2024-02-01,2024-02,1106,South,Basic,Active,10.00,10.00,0,0,0.00,"Clean Transaction"
2024-02-01,2024-02,1107,South,Basic,Active,10.00,10.00,0,0,0.00,"Clean Transaction"
2024-02-01,2024-02,1108,West,Pro,Active,50.00,50.00,0,0,0.00,"Clean Transaction"
2024-02-01,2024-02,1109,South,Pro,Active,50.00,50.00,0,0,0.00,"Clean Transaction"
2024-02-01,2024-02,1110,East,Basic,Active,10.00,10.00,0,0,0.00,"Clean Transaction"
2024-02-01,2024-02,1111,West,Enterprise,Active,200.00,200.00,0,0,0.00,"Clean Transaction"
2024-02-01,2024-02,1112,East,Enterprise,Active,200.00,200.00,0,0,0.00,"Clean Transaction"
2024-02-01,2024-02,1113,West,Basic,Active,10.00,10.00,0,0,0.00,"Clean Transaction"
2024-02-01,2024-02,1114,South,Basic,Active,10.00,10.00,0,0,0.00,"Clean Transaction"
2024-02-01,2024-02,1115,East,Enterprise,Cancelled,200.00,200.00,0,0,0.00,"Clean Transaction"
2024-02-01,2024-02,1116,West,Enterprise,Active,200.00,200.00,0,0,0.00,"Clean Transaction"
2024-02-01,2024-02,1117,North,Pro,Active,50.00,50.00,0,0,0.00,"Clean Transaction"
2024-02-01,2024-02,1118,South,Enterprise,Active,200.00,182.66,0,0,17.34,"Partial Payment"
2024-02-01,2024-02,1119,West,Pro,Active,50.00,50.00,0,0,0.00,"Clean Transaction"
2024-02-01,2024-02,1120,North,Pro,Active,50.00,50.00,0,0,0.00,"Clean Transaction"
2024-02-01,2024-02,1121,West,Enterprise,Active,200.00,200.00,0,0,0.00,"Clean Transaction"
2024-02-01,2024-02,1122,North,Basic,Active,10.00,10.00,0,0,0.00,"Clean Transaction"
2024-02-01,2024-02,1123,South,Enterprise,Active,200.00,200.00,0,0,0.00,"Clean Transaction"
2024-02-01,2024-02,1124,East,Basic,Cancelled,10.00,10.00,0,0,0.00,"Clean Transaction"
2024-02-01,2024-02,1125,North,Pro,Active,50.00,50.00,0,0,0.00,"Clean Transaction"
2024-02-01,2024-02,1126,West,Basic,Active,10.00,10.00,0,0,0.00,"Clean Transaction"
2024-02-01,2024-02,1127,South,Pro,Active,50.00,50.00,0,0,0.00,"Clean Transaction"
2024-02-01,2024-02,1128,North,Enterprise,Active,200.00,200.00,0,0,0.00,"Clean Transaction"
2024-02-01,2024-02,1129,West,Basic,Active,10.00,10.00,0,0,0.00,"Clean Transaction"
2024-02-01,2024-02,1130,West,Pro,Cancelled,50.00,50.00,0,0,0.00,"Clean Transaction"
2024-02-01,2024-02,1131,West,Pro,Active,50.00,50.00,0,0,0.00,"Clean Transaction"
2024-02-01,2024-02,1132,North,Pro,Active,50.00,50.00,0,0,0.00,"Clean Transaction"
2024-02-01,2024-02,1133,North,Enterprise,Active,200.00,200.00,0,0,0.00,"Clean Transaction"
2024-02-01,2024-02,1134,North,Enterprise,Active,200.00,200.00,0,0,0.00,"Clean Transaction"
2024-02-01,2024-02,1135,East,Enterprise,Active,200.00,200.00,0,0,0.00,"Clean Transaction"
2024-02-01,2024-02,1136,North,Basic,Active,10.00,10.00,0,0,0.00,"Clean Transaction"
2024-02-01,2024-02,1137,North,Basic,Active,10.00,10.00,0,0,0.00,"Clean Transaction"
2024-02-01,2024-02,1138,North,Enterprise,Active,200.00,200.00,0,0,0.00,"Clean Transaction"
2024-02-01,2024-02,1139,East,Pro,Active,50.00,50.00,0,0,0.00,"Clean Transaction"
2024-02-01,2024-02,1140,North,Basic,Active,10.00,9.83,0,0,0.17,"Partial Payment"
2024-02-01,2024-02,1141,West,Pro,Active,50.00,50.00,0,0,0.00,"Clean Transaction"
2024-02-01,2024-02,1142,North,Basic,Cancelled,10.00,10.00,0,0,0.00,"Clean Transaction"
2024-02-01,2024-02,1143,West,Basic,Active,10.00,10.00,0,0,0.00,"Clean Transaction"
2024-02-01,2024-02,1144,West,Enterprise,Active,200.00,200.00,0,0,0.00,"Clean Transaction"
2024-02-01,2024-02,1145,West,Basic,Active,10.00,10.00,0,0,0.00,"Clean Transaction"
2024-02-01,2024-02,1146,East,Enterprise,Cancelled,200.00,200.00,0,0,0.00,"Clean Transaction"
2024-02-01,2024-02,1147,East,Enterprise,Active,200.00,200.00,0,0,0.00,"Clean Transaction"
2024-02-01,2024-02,1148,East,Pro,Active,50.00,50.00,0,0,0.00,"Clean Transaction"
2024-02-01,2024-02,1149,North,Pro,Active,50.00,50.00,0,0,0.00,"Clean Transaction"
2024-02-01,2024-02,1150,West,Basic,Active,10.00,10.00,0,0,0.00,"Clean Transaction"
2024-02-01,2024-02,1151,East,Pro,Active,50.00,50.00,0,0,0.00,"Clean Transaction"
2024-02-01,2024-02,1152,East,Pro,Active,50.00,50.00,0,0,0.00,"Clean Transaction"
2024-02-01,2024-02,1153,North,Enterprise,Active,200.00,200.00,0,0,0.00,"Clean Transaction"
2024-02-01,2024-02,1154,East,Enterprise,Active,200.00,200.00,0,0,0.00,"Clean Transaction"
2024-02-01,2024-02,1155,North,Basic,Active,10.00,10.00,0,0,0.00,"Clean Transaction"
2024-02-01,2024-02,1156,South,Pro,Active,50.00,50.00,0,0,0.00,"Clean Transaction"
2024-02-01,2024-02,1157,East,Enterprise,Active,200.00,200.00,0,0,0.00,"Clean Transaction"
2024-02-01,2024-02,1158,South,Pro,Active,50.00,50.00,0,0,0.00,"Clean Transaction"
2024-02-01,2024-02,1159,North,Pro,Active,50.00,50.00,0,0,0.00,"Clean Transaction"
2024-02-01,2024-02,1160,West,Basic,Active,10.00,10.00,0,0,0.00,"Clean Transaction"
2024-02-01,2024-02,1161,East,Enterprise,Active,200.00,200.00,0,0,0.00,"Clean Transaction"
2024-02-01,2024-02,1162,North,Basic,Active,10.00,10.00,0,0,0.00,"Clean Transaction"
2024-02-01,2024-02,1163,West,Basic,Active,10.00,10.00,0,0,0.00,"Clean Transaction"
2024-02-01,2024-02,1164,West,Pro,Active,50.00,50.00,0,0,0.00,"Clean Transaction"
2024-02-01,2024-02,1165,South,Basic,Active,10.00,10.00,0,0,0.00,"Clean Transaction"
2024-02-01,2024-02,1166,North,Pro,Active,50.00,50.00,0,0,0.00,"Clean Transaction"
2024-02-01,2024-02,1167,West,Basic,Cancelled,10.00,10.00,0,0,0.00,"Clean Transaction"
2024-02-01,2024-02,1168,East,Pro,Active,50.00,50.00,0,0,0.00,"Clean Transaction"
2024-02-01,2024-02,1169,East,Pro,Active,50.00,50.00,0,0,0.00,"Clean Transaction"
2024-02-01,2024-02,1170,South,Pro,Active,50.00,50.00,0,0,0.00,"Clean Transaction"
2024-02-01,2024-02,1171,West,Pro,Active,50.00,50.00,0,0,0.00,"Clean Transaction"
2024-02-01,2024-02,1172,North,Pro,Active,50.00,50.00,0,0,0.00,"Clean Transaction"
2024-02-01,2024-02,1173,East,Basic,Active,10.00,10.00,0,0,0.00,"Clean Transaction"
2024-02-01,2024-02,1174,West,Basic,Active,10.00,10.00,0,0,0.00,"Clean Transaction"
2024-02-01,2024-02,1176,South,Pro,Active,50.00,50.00,0,0,0.00,"Clean Transaction"
2024-02-01,2024-02,1177,East,Pro,Active,50.00,50.00,0,0,0.00,"Clean Transaction"
2024-02-01,2024-02,1178,East,Basic,Active,10.00,10.00,0,0,0.00,"Clean Transaction"
2024-02-01,2024-02,1179,North,Pro,Active,50.00,50.00,0,0,0.00,"Clean Transaction"
2024-02-01,2024-02,1180,East,Basic,Active,10.00,10.00,0,0,0.00,"Clean Transaction"
2024-02-01,2024-02,1181,North,Basic,Active,10.00,10.00,0,0,0.00,"Clean Transaction"
2024-02-01,2024-02,1182,East,Basic,Active,10.00,10.00,0,0,0.00,"Clean Transaction"
2024-02-01,2024-02,1183,South,Pro,Active,50.00,50.00,0,0,0.00,"Clean Transaction"
2024-02-01,2024-02,1184,East,Basic,Active,10.00,10.00,0,0,0.00,"Clean Transaction"
2024-02-01,2024-02,1185,North,Basic,Active,10.00,10.00,0,0,0.00,"Clean Transaction"
2024-02-01,2024-02,1186,North,Pro,Active,50.00,50.00,0,0,0.00,"Clean Transaction"
2024-02-01,2024-02,1187,South,Pro,Active,50.00,50.00,0,0,0.00,"Clean Transaction"
2024-02-01,2024-02,1188,East,Basic,Active,10.00,10.00,0,0,0.00,"Clean Transaction"
2024-02-01,2024-02,1189,East,Basic,Active,10.00,10.00,0,0,0.00,"Clean Transaction"
2024-02-01,2024-02,1190,South,Enterprise,Active,200.00,200.00,0,0,0.00,"Clean Transaction"
2024-02-01,2024-02,1191,East,Enterprise,Active,200.00,200.00,0,0,0.00,"Clean Transaction"
2024-02-01,2024-02,1192,East,Enterprise,Active,200.00,200.00,0,0,0.00,"Clean Transaction"
2024-02-01,2024-02,1193,North,Pro,Active,50.00,50.00,0,0,0.00,"Clean Transaction"
2024-02-01,2024-02,1194,East,Pro,Active,50.00,50.00,0,0,0.00,"Clean Transaction"
2024-02-01,2024-02,1195,East,Enterprise,Active,200.00,200.00,0,0,0.00,"Clean Transaction"
2024-02-01,2024-02,1196,South,Pro,Cancelled,50.00,50.00,0,0,0.00,"Clean Transaction"
2024-02-01,2024-02,1197,South,Basic,Active,10.00,10.00,0,0,0.00,"Clean Transaction"
2024-02-01,2024-02,1198,West,Basic,Active,10.00,10.00,0,0,0.00,"Clean Transaction"
2024-02-01,2024-02,1199,North,Pro,Active,50.00,50.00,0,0,0.00,"Clean Transaction"
2024-02-01,2024-02,1200,East,Enterprise,Active,200.00,200.00,0,0,0.00,"Clean Transaction"
2024-02-01,2024-02,1201,East,Enterprise,Active,200.00,200.00,0,0,0.00,"Clean Transaction"
2024-02-01,2024-02,1202,West,Enterprise,Cancelled,200.00,200.00,0,0,0.00,"Clean Transaction"
2024-02-01,2024-02,1203,East,Basic,Cancelled,10.00,10.00,0,0,0.00,"Clean Transaction"
2024-02-01,2024-02,1204,North,Enterprise,Active,200.00,200.00,0,0,0.00,"Clean Transaction"
2024-02-01,2024-02,1205,West,Pro,Active,50.00,50.00,0,0,0.00,"Clean Transaction"
2024-02-01,2024-02,1206,North,Enterprise,Active,200.00,200.00,0,0,0.00,"Clean Transaction"
2024-02-01,2024-02,1207,West,Basic,Active,10.00,10.00,0,0,0.00,"Clean Transaction"
2024-02-01,2024-02,1208,West,Basic,Active,10.00,10.00,0,0,0.00,"Clean Transaction"
2024-02-01,2024-02,1209,South,Enterprise,Active,200.00,200.00,0,0,0.00,"Clean Transaction"
2024-02-01,2024-02,1210,North,Basic,Active,10.00,10.00,0,0,0.00,"Clean Transaction"
2024-02-01,2024-02,1211,East,Enterprise,Cancelled,200.00,200.00,0,0,0.00,"Clean Transaction"
2024-02-01,2024-02,1212,East,Basic,Active,10.00,10.00,0,0,0.00,"Clean Transaction"
2024-02-01,2024-02,1213,North,Pro,Active,50.00,50.00,0,0,0.00,"Clean Transaction"
2024-02-01,2024-02,1214,East,Basic,Active,10.00,10.00,0,0,0.00,"Clean Transaction"
2024-02-01,2024-02,1215,East,Enterprise,Active,200.00,200.00,0,0,0.00,"Clean Transaction"
2024-02-01,2024-02,1216,North,Pro,Active,50.00,50.00,0,0,0.00,"Clean Transaction"
2024-02-01,2024-02,1217,West,Pro,Active,50.00,50.00,0,0,0.00,"Clean Transaction"
2024-02-01,2024-02,1218,North,Basic,Active,10.00,10.00,0,0,0.00,"Clean Transaction"
2024-02-01,2024-02,1219,West,Enterprise,Active,200.00,200.00,0,0,0.00,"Clean Transaction"
2024-02-01,2024-02,1220,East,Pro,Active,50.00,50.00,0,0,0.00,"Clean Transaction"
2024-02-01,2024-02,1221,East,Pro,Active,50.00,50.00,0,0,0.00,"Clean Transaction"
2024-02-01,2024-02,1222,East,Enterprise,Active,200.00,200.00,0,0,0.00,"Clean Transaction"
2024-02-01,2024-02,1223,South,Basic,Active,10.00,10.00,0,0,0.00,"Clean Transaction"
2024-02-01,2024-02,1224,West,Basic,Active,10.00,10.00,0,0,0.00,"Clean Transaction"
2024-02-01,2024-02,1225,South,Pro,Active,50.00,50.00,0,0,0.00,"Clean Transaction"
2024-02-01,2024-02,1226,South,Pro,Active,50.00,50.00,0,0,0.00,"Clean Transaction"
2024-02-01,2024-02,1227,North,Basic,Cancelled,10.00,10.00,0,0,0.00,"Clean Transaction"
2024-02-01,2024-02,1228,South,Enterprise,Active,200.00,200.00,0,0,0.00,"Clean Transaction"
2024-02-01,2024-02,1229,North,Pro,Cancelled,50.00,50.00,0,0,0.00,"Clean Transaction"
2024-02-01,2024-02,1230,North,Basic,Cancelled,10.00,10.00,0,0,0.00,"Clean Transaction"
2024-02-01,2024-02,1231,South,Enterprise,Active,200.00,200.00,0,0,0.00,"Clean Transaction"
2024-02-01,2024-02,1232,West,Basic,Active,10.00,10.00,0,0,0.00,"Clean Transaction"
2024-02-01,2024-02,1233,West,Basic,Active,10.00,10.00,0,0,0.00,"Clean Transaction"
2024-02-01,2024-02,1234,West,Pro,Active,50.00,50.00,0,0,0.00,"Clean Transaction"
2024-02-01,2024-02,1235,West,Pro,Active,50.00,50.00,0,0,0.00,"Clean Transaction"
2024-02-01,2024-02,1236,West,Basic,Cancelled,10.00,10.00,0,0,0.00,"Clean Transaction"
2024-02-01,2024-02,1237,South,Basic,Active,10.00,10.00,0,0,0.00,"Clean Transaction"
2024-02-01,2024-02,1238,South,Enterprise,Active,200.00,200.00,0,0,0.00,"Clean Transaction"
2024-02-01,2024-02,1239,East,Pro,Active,50.00,50.00,0,0,0.00,"Clean Transaction"
2024-02-01,2024-02,1240,West,Enterprise,Active,200.00,200.00,0,0,0.00,"Clean Transaction"
2024-02-01,2024-02,1241,South,Basic,Active,10.00,10.00,0,0,0.00,"Clean Transaction"
2024-02-01,2024-02,1242,East,Basic,Cancelled,10.00,10.00,0,0,0.00,"Clean Transaction"
2024-02-01,2024-02,1243,West,Enterprise,Active,200.00,200.00,0,0,0.00,"Clean Transaction"
2024-02-01,2024-02,1244,North,Enterprise,Active,200.00,200.00,0,0,0.00,"Clean Transaction"
2024-02-01,2024-02,1245,East,Basic,Active,10.00,9.32,0,0,0.68,"Partial Payment"
2024-02-01,2024-02,1246,South,Pro,Active,50.00,50.00,0,0,0.00,"Clean Transaction"
2024-02-01,2024-02,1247,North,Enterprise,Cancelled,200.00,200.00,0,0,0.00,"Clean Transaction"
2024-02-01,2024-02,1248,North,Pro,Active,50.00,50.00,0,0,0.00,"Clean Transaction"
2024-02-01,2024-02,1249,North,Enterprise,Active,200.00,200.00,0,0,0.00,"Clean Transaction"
2024-02-01,2024-02,1250,East,Basic,Active,10.00,10.00,0,0,0.00,"Clean Transaction"
2024-02-01,2024-02,1251,South,Enterprise,Active,200.00,200.00,0,0,0.00,"Clean Transaction"
2024-02-01,2024-02,1252,North,Basic,Active,10.00,10.00,0,0,0.00,"Clean Transaction"
2024-02-01,2024-02,1253,West,Basic,Active,10.00,10.00,0,0,0.00,"Clean Transaction"
2024-02-01,2024-02,1254,North,Enterprise,Active,200.00,200.00,0,0,0.00,"Clean Transaction"
2024-02-01,2024-02,1255,North,Basic,Active,10.00,10.00,0,0,0.00,"Clean Transaction"
2024-02-01,2024-02,1256,East,Pro,Active,50.00,50.00,0,0,0.00,"Clean Transaction"
2024-02-01,2024-02,1257,East,Basic,Active,10.00,10.00,0,0,0.00,"Clean Transaction"
2024-02-01,2024-02,1258,South,Pro,Active,50.00,50.00,0,0,0.00,"Clean Transaction"
2024-02-01,2024-02,1259,West,Enterprise,Active,200.00,200.00,0,0,0.00,"Clean Transaction"
2024-02-01,2024-02,1260,East,Pro,Active,50.00,50.00,0,0,0.00,"Clean Transaction"
2024-02-01,2024-02,1261,North,Basic,Active,10.00,10.00,0,0,0.00,"Clean Transaction"
2024-02-01,2024-02,1262,South,Pro,Cancelled,50.00,50.00,0,0,0.00,"Clean Transaction"
2024-02-01,2024-02,1263,North,Enterprise,Active,200.00,200.00,0,0,0.00,"Clean Transaction"
2024-02-01,2024-02,1264,North,Enterprise,Active,200.00,200.00,0,0,0.00,"Clean Transaction"
2024-02-01,2024-02,1265,East,Enterprise,Active,200.00,200.00,0,0,0.00,"Clean Transaction"
2024-02-01,2024-02,1266,South,Basic,Active,10.00,9.83,0,0,0.17,"Partial Payment"
2024-02-01,2024-02,1267,West,Basic,Active,10.00,10.00,0,0,0.00,"Clean Transaction"
2024-02-01,2024-02,1268,West,Basic,Active,10.00,10.00,0,0,0.00,"Clean Transaction"
2024-02-01,2024-02,1269,East,Enterprise,Active,200.00,200.00,0,0,0.00,"Clean Transaction"
2024-02-01,2024-02,1270,East,Basic,Active,10.00,10.00,0,0,0.00,"Clean Transaction"
2024-02-01,2024-02,1271,South,Enterprise,Active,200.00,200.00,0,0,0.00,"Clean Transaction"
2024-02-01,2024-02,1272,West,Pro,Active,50.00,50.00,0,0,0.00,"Clean Transaction"
2024-02-01,2024-02,1273,West,Pro,Active,50.00,50.00,0,0,0.00,"Clean Transaction"
2024-02-01,2024-02,1274,West,Pro,Active,50.00,50.00,0,0,0.00,"Clean Transaction"
2024-02-01,2024-02,1275,North,Enterprise,Active,200.00,200.00,0,0,0.00,"Clean Transaction"
2024-02-01,2024-02,1276,West,Basic,Cancelled,10.00,10.00,0,0,0.00,"Clean Transaction"
2024-02-01,2024-02,1277,North,Enterprise,Active,200.00,200.00,0,0,0.00,"Clean Transaction"
2024-02-01,2024-02,1278,South,Pro,Cancelled,50.00,50.00,0,0,0.00,"Clean Transaction"
2024-02-01,2024-02,1279,North,Pro,Active,50.00,50.00,0,0,0.00,"Clean Transaction"
2024-02-01,2024-02,1280,South,Enterprise,Active,200.00,200.00,0,0,0.00,"Clean Transaction"
2024-02-01,2024-02,1281,West,Pro,Active,50.00,45.25,0,0,4.75,"Partial Payment"
2024-02-01,2024-02,1282,West,Pro,Active,50.00,45.70,0,0,4.30,"Partial Payment"
2024-02-01,2024-02,1283,South,Basic,Active,10.00,10.00,0,0,0.00,"Clean Transaction"
2024-02-01,2024-02,1284,East,Pro,Cancelled,50.00,50.00,0,0,0.00,"Clean Transaction"
2024-02-01,2024-02,1285,South,Pro,Cancelled,50.00,50.00,0,0,0.00,"Clean Transaction"
2024-02-01,2024-02,1287,North,Basic,Active,10.00,10.00,0,0,0.00,"Clean Transaction"
2024-02-01,2024-02,1288,North,Pro,Cancelled,50.00,50.00,0,0,0.00,"Clean Transaction"
2024-02-01,2024-02,1289,North,Enterprise,Active,200.00,200.00,0,0,0.00,"Clean Transaction"
2024-02-01,2024-02,1290,West,Basic,Cancelled,10.00,10.00,0,0,0.00,"Clean Transaction"
2024-02-01,2024-02,1291,North,Basic,Active,10.00,10.00,0,0,0.00,"Clean Transaction"
2024-02-01,2024-02,1292,East,Enterprise,Active,200.00,200.00,0,0,0.00,"Clean Transaction"
2024-02-01,2024-02,1293,North,Pro,Active,50.00,50.00,0,0,0.00,"Clean Transaction"
2024-02-01,2024-02,1294,South,Pro,Active,50.00,50.00,0,0,0.00,"Clean Transaction"
2024-02-01,2024-02,1295,South,Basic,Active,10.00,10.00,0,0,0.00,"Clean Transaction"
2024-02-01,2024-02,1296,West,Basic,Active,10.00,10.00,0,0,0.00,"Clean Transaction"
2024-02-01,2024-02,1297,South,Basic,Active,10.00,10.00,0,0,0.00,"Clean Transaction"
2024-02-01,2024-02,1298,East,Basic,Active,10.00,10.00,0,0,0.00,"Clean Transaction"
2024-02-01,2024-02,1299,North,Basic,Active,10.00,10.00,0,0,0.00,"Clean Transaction"
2024-02-01,2024-02,1300,West,Enterprise,Active,200.00,200.00,0,0,0.00,"Clean Transaction"
2024-02-01,2024-02,1301,North,Basic,Active,10.00,10.00,0,0,0.00,"Clean Transaction"
2024-02-01,2024-02,1302,North,Enterprise,Active,200.00,200.00,0,0,0.00,"Clean Transaction"
2024-02-01,2024-02,1303,East,Basic,Active,10.00,10.00,0,0,0.00,"Clean Transaction"
2024-02-01,2024-02,1304,South,Enterprise,Cancelled,200.00,200.00,0,0,0.00,"Clean Transaction"
2024-02-01,2024-02,1305,South,Enterprise,Active,200.00,200.00,0,0,0.00,"Clean Transaction"
2024-02-01,2024-02,1306,North,Basic,Active,10.00,10.00,0,0,0.00,"Clean Transaction"
2024-02-01,2024-02,1307,West,Enterprise,Active,200.00,200.00,0,0,0.00,"Clean Transaction"
2024-02-01,2024-02,1308,South,Pro,Active,50.00,50.00,0,0,0.00,"Clean Transaction"
2024-02-01,2024-02,1309,West,Pro,Active,50.00,50.00,0,0,0.00,"Clean Transaction"
2024-02-01,2024-02,1310,South,Basic,Active,10.00,10.00,0,0,0.00,"Clean Transaction"
2024-02-01,2024-02,1311,West,Enterprise,Active,200.00,200.00,0,0,0.00,"Clean Transaction"
2024-02-01,2024-02,1312,East,Enterprise,Active,200.00,187.81,0,0,12.19,"Partial Payment"
2024-02-01,2024-02,1313,West,Basic,Active,10.00,10.00,0,0,0.00,"Clean Transaction"
2024-02-01,2024-02,1314,East,Pro,Active,50.00,50.00,0,0,0.00,"Clean Transaction"
2024-02-01,2024-02,1315,East,Pro,Active,50.00,50.00,0,0,0.00,"Clean Transaction"
2024-02-01,2024-02,1316,West,Basic,Active,10.00,10.00,0,0,0.00,"Clean Transaction"
2024-02-01,2024-02,1317,East,Enterprise,Active,200.00,200.00,0,0,0.00,"Clean Transaction"
2024-02-01,2024-02,1318,North,Basic,Active,10.00,10.00,0,0,0.00,"Clean Transaction"
2024-02-01,2024-02,1319,East,Pro,Active,50.00,50.00,0,0,0.00,"Clean Transaction"
2024-02-01,2024-02,1320,South,Pro,Cancelled,50.00,50.00,0,0,0.00,"Clean Transaction"
2024-02-01,2024-02,1321,West,Pro,Active,50.00,0.00,1,0,50.00,"Unpaid Invoice"
2024-02-01,2024-02,1322,North,Pro,Active,50.00,50.00,0,0,0.00,"Clean Transaction"
2024-02-01,2024-02,1323,West,Pro,Cancelled,50.00,50.00,0,0,0.00,"Clean Transaction"
2024-02-01,2024-02,1324,South,Enterprise,Active,200.00,200.00,0,0,0.00,"Clean Transaction"
2024-02-01,2024-02,1325,South,Pro,Active,50.00,50.00,0,0,0.00,"Clean Transaction"
2024-02-01,2024-02,1326,South,Enterprise,Active,200.00,200.00,0,0,0.00,"Clean Transaction"
2024-02-01,2024-02,1327,East,Enterprise,Active,200.00,200.00,0,0,0.00,"Clean Transaction"
2024-02-01,2024-02,1328,East,Pro,Active,50.00,50.00,0,0,0.00,"Clean Transaction"
2024-02-01,2024-02,1329,West,Enterprise,Active,200.00,200.00,0,0,0.00,"Clean Transaction"
2024-02-01,2024-02,1330,West,Pro,Active,50.00,50.00,0,0,0.00,"Clean Transaction"
2024-02-01,2024-02,1331,North,Pro,Active,50.00,50.00,0,0,0.00,"Clean Transaction"
2024-02-01,2024-02,1332,North,Enterprise,Active,200.00,200.00,0,0,0.00,"Clean Transaction"
2024-02-01,2024-02,1333,West,Pro,Cancelled,50.00,50.00,0,0,0.00,"Clean Transaction"
2024-02-01,2024-02,1334,East,Enterprise,Active,200.00,200.00,0,0,0.00,"Clean Transaction"
2024-02-01,2024-02,1335,South,Pro,Cancelled,50.00,50.00,0,0,0.00,"Clean Transaction"
2024-02-01,2024-02,1336,West,Enterprise,Cancelled,200.00,200.00,0,0,0.00,"Clean Transaction"
2024-02-01,2024-02,1337,North,Basic,Active,10.00,10.00,0,0,0.00,"Clean Transaction"
2024-02-01,2024-02,1338,East,Enterprise,Active,200.00,200.00,0,0,0.00,"Clean Transaction"
2024-02-01,2024-02,1339,West,Basic,Active,10.00,10.00,0,0,0.00,"Clean Transaction"
2024-02-01,2024-02,1340,West,Enterprise,Active,200.00,200.00,0,0,0.00,"Clean Transaction"
2024-02-01,2024-02,1341,East,Pro,Cancelled,50.00,50.00,0,0,0.00,"Clean Transaction"
2024-02-01,2024-02,1342,West,Basic,Active,10.00,10.00,0,0,0.00,"Clean Transaction"
2024-02-01,2024-02,1343,East,Pro,Active,50.00,50.00,0,0,0.00,"Clean Transaction"
2024-02-01,2024-02,1344,South,Pro,Active,50.00,50.00,0,0,0.00,"Clean Transaction"
2024-02-01,2024-02,1346,East,Basic,Active,10.00,10.00,0,0,0.00,"Clean Transaction"
2024-02-01,2024-02,1347,East,Pro,Active,50.00,50.00,0,0,0.00,"Clean Transaction"
2024-02-01,2024-02,1348,West,Pro,Active,50.00,50.00,0,0,0.00,"Clean Transaction"
2024-02-01,2024-02,1349,West,Basic,Active,10.00,10.00,0,0,0.00,"Clean Transaction"
2024-02-01,2024-02,1350,East,Pro,Cancelled,50.00,50.00,0,0,0.00,"Clean Transaction"
2024-02-01,2024-02,1351,West,Pro,Active,50.00,50.00,0,0,0.00,"Clean Transaction"
2024-02-01,2024-02,1353,North,Enterprise,Active,200.00,200.00,0,0,0.00,"Clean Transaction"
2024-02-01,2024-02,1354,West,Basic,Active,10.00,10.00,0,0,0.00,"Clean Transaction"
2024-02-01,2024-02,1355,West,Pro,Active,50.00,50.00,0,0,0.00,"Clean Transaction"
2024-02-01,2024-02,1356,East,Pro,Active,50.00,50.00,0,0,0.00,"Clean Transaction"
2024-02-01,2024-02,1357,South,Basic,Active,10.00,10.00,0,0,0.00,"Clean Transaction"
2024-02-01,2024-02,1358,West,Basic,Active,10.00,10.00,0,0,0.00,"Clean Transaction"
2024-02-01,2024-02,1359,North,Enterprise,Active,200.00,200.00,0,0,0.00,"Clean Transaction"
2024-02-01,2024-02,1360,East,Pro,Active,50.00,50.00,0,0,0.00,"Clean Transaction"
2024-02-01,2024-02,1361,West,Basic,Active,10.00,10.00,0,0,0.00,"Clean Transaction"
2024-02-01,2024-02,1362,North,Basic,Active,10.00,10.00,0,0,0.00,"Clean Transaction"
2024-02-01,2024-02,1363,North,Basic,Active,10.00,10.00,0,0,0.00,"Clean Transaction"
2024-02-01,2024-02,1364,South,Pro,Active,50.00,50.00,0,0,0.00,"Clean Transaction"
2024-02-01,2024-02,1365,East,Pro,Active,50.00,50.00,0,0,0.00,"Clean Transaction"
2024-02-01,2024-02,1366,East,Pro,Active,50.00,50.00,0,0,0.00,"Clean Transaction"
2024-02-01,2024-02,1367,South,Enterprise,Active,200.00,200.00,0,0,0.00,"Clean Transaction"
2024-02-01,2024-02,1368,South,Pro,Active,50.00,50.00,0,0,0.00,"Clean Transaction"
2024-02-01,2024-02,1369,East,Basic,Cancelled,10.00,10.00,0,0,0.00,"Clean Transaction"
2024-02-01,2024-02,1370,East,Basic,Active,10.00,10.00,0,0,0.00,"Clean Transaction"
2024-02-01,2024-02,1371,West,Enterprise,Active,200.00,200.00,0,0,0.00,"Clean Transaction"
2024-02-01,2024-02,1372,West,Pro,Active,50.00,49.41,0,0,0.59,"Partial Payment"
2024-02-01,2024-02,1373,South,Pro,Cancelled,50.00,50.00,0,0,0.00,"Clean Transaction"
2024-02-01,2024-02,1374,West,Pro,Active,50.00,50.00,0,0,0.00,"Clean Transaction"
2024-02-01,2024-02,1376,West,Pro,Active,50.00,50.00,0,0,0.00,"Clean Transaction"
2024-02-01,2024-02,1377,West,Basic,Active,10.00,10.00,0,0,0.00,"Clean Transaction"
2024-02-01,2024-02,1378,North,Enterprise,Active,200.00,200.00,0,0,0.00,"Clean Transaction"
2024-02-01,2024-02,1379,South,Pro,Active,50.00,50.00,0,0,0.00,"Clean Transaction"
2024-02-01,2024-02,1381,West,Pro,Active,50.00,50.00,0,0,0.00,"Clean Transaction"
2024-02-01,2024-02,1382,South,Pro,Cancelled,50.00,50.00,0,0,0.00,"Clean Transaction"
2024-02-01,2024-02,1383,West,Basic,Active,10.00,10.00,0,0,0.00,"Clean Transaction"
2024-02-01,2024-02,1384,North,Basic,Active,10.00,10.00,0,0,0.00,"Clean Transaction"
2024-02-01,2024-02,1385,North,Enterprise,Active,200.00,200.00,0,0,0.00,"Clean Transaction"
2024-02-01,2024-02,1386,West,Basic,Active,10.00,9.28,0,0,0.72,"Partial Payment"
2024-02-01,2024-02,1387,East,Enterprise,Active,200.00,200.00,0,0,0.00,"Clean Transaction"
2024-02-01,2024-02,1388,East,Basic,Active,10.00,10.00,0,0,0.00,"Clean Transaction"
2024-02-01,2024-02,1389,North,Basic,Active,10.00,10.00,0,0,0.00,"Clean Transaction"
2024-02-01,2024-02,1390,North,Basic,Active,10.00,10.00,0,0,0.00,"Clean Transaction"
2024-02-01,2024-02,1392,East,Basic,Active,10.00,10.00,0,0,0.00,"Clean Transaction"
2024-02-01,2024-02,1393,West,Pro,Active,50.00,50.00,0,0,0.00,"Clean Transaction"
2024-02-01,2024-02,1394,West,Basic,Active,10.00,10.00,0,0,0.00,"Clean Transaction"
2024-02-01,2024-02,1395,East,Basic,Active,10.00,10.00,0,0,0.00,"Clean Transaction"
2024-02-01,2024-02,1396,West,Enterprise,Active,200.00,200.00,0,0,0.00,"Clean Transaction"
2024-02-01,2024-02,1397,West,Pro,Active,50.00,50.00,0,0,0.00,"Clean Transaction"
2024-02-01,2024-02,1398,South,Enterprise,Active,200.00,200.00,0,0,0.00,"Clean Transaction"
2024-02-01,2024-02,1399,West,Basic,Active,10.00,10.00,0,0,0.00,"Clean Transaction"
2024-02-01,2024-02,1400,North,Enterprise,Active,200.00,200.00,0,0,0.00,"Clean Transaction"
2024-02-01,2024-02,1401,West,Pro,Active,50.00,50.00,0,0,0.00,"Clean Transaction"
2024-02-01,2024-02,1402,West,Basic,Cancelled,10.00,10.00,0,0,0.00,"Clean Transaction"
2024-02-01,2024-02,1404,North,Basic,Active,10.00,10.00,0,0,0.00,"Clean Transaction"
2024-02-01,2024-02,1405,West,Pro,Active,50.00,50.00,0,0,0.00,"Clean Transaction"
2024-02-01,2024-02,1406,West,Pro,Active,50.00,50.00,0,0,0.00,"Clean Transaction"
2024-02-01,2024-02,1407,South,Pro,Active,50.00,50.00,0,0,0.00,"Clean Transaction"
2024-02-01,2024-02,1408,West,Basic,Active,10.00,10.00,0,0,0.00,"Clean Transaction"
2024-02-01,2024-02,1409,West,Basic,Active,10.00,10.00,0,0,0.00,"Clean Transaction"
2024-02-01,2024-02,1410,South,Enterprise,Active,200.00,200.00,0,0,0.00,"Clean Transaction"
2024-02-01,2024-02,1411,East,Pro,Active,50.00,50.00,0,0,0.00,"Clean Transaction"
2024-02-01,2024-02,1412,West,Enterprise,Active,200.00,200.00,0,0,0.00,"Clean Transaction"
2024-02-01,2024-02,1413,South,Enterprise,Active,200.00,200.00,0,0,0.00,"Clean Transaction"
2024-02-01,2024-02,1414,North,Enterprise,Active,200.00,200.00,0,0,0.00,"Clean Transaction"
2024-02-01,2024-02,1415,East,Basic,Cancelled,10.00,10.00,0,0,0.00,"Clean Transaction"
2024-02-01,2024-02,1416,North,Pro,Active,50.00,50.00,0,0,0.00,"Clean Transaction"
2024-02-01,2024-02,1417,North,Enterprise,Active,200.00,200.00,0,0,0.00,"Clean Transaction"
2024-02-01,2024-02,1418,South,Enterprise,Active,200.00,200.00,0,0,0.00,"Clean Transaction"
2024-02-01,2024-02,1419,West,Pro,Active,50.00,50.00,0,0,0.00,"Clean Transaction"
2024-02-01,2024-02,1420,South,Basic,Active,10.00,10.00,0,0,0.00,"Clean Transaction"
2024-02-01,2024-02,1421,South,Pro,Active,50.00,50.00,0,0,0.00,"Clean Transaction"
2024-02-01,2024-02,1422,South,Pro,Active,50.00,50.00,0,0,0.00,"Clean Transaction"
2024-02-01,2024-02,1423,South,Enterprise,Active,200.00,200.00,0,0,0.00,"Clean Transaction"
2024-02-01,2024-02,1424,East,Basic,Active,10.00,10.00,0,0,0.00,"Clean Transaction"
2024-02-01,2024-02,1425,West,Pro,Active,50.00,50.00,0,0,0.00,"Clean Transaction"
2024-02-01,2024-02,1426,North,Basic,Active,10.00,10.00,0,0,0.00,"Clean Transaction"
2024-02-01,2024-02,1427,North,Basic,Active,10.00,10.00,0,0,0.00,"Clean Transaction"
2024-02-01,2024-02,1428,West,Basic,Active,10.00,10.00,0,0,0.00,"Clean Transaction"
2024-02-01,2024-02,1429,North,Pro,Active,50.00,50.00,0,0,0.00,"Clean Transaction"
2024-02-01,2024-02,1430,West,Pro,Active,50.00,50.00,0,0,0.00,"Clean Transaction"
2024-02-01,2024-02,1431,North,Basic,Active,10.00,10.00,0,0,0.00,"Clean Transaction"
2024-02-01,2024-02,1432,South,Pro,Active,50.00,50.00,0,0,0.00,"Clean Transaction"
2024-02-01,2024-02,1433,North,Enterprise,Active,200.00,200.00,0,0,0.00,"Clean Transaction"
2024-02-01,2024-02,1434,West,Enterprise,Active,200.00,200.00,0,0,0.00,"Clean Transaction"
2024-02-01,2024-02,1435,West,Enterprise,Active,200.00,200.00,0,0,0.00,"Clean Transaction"
2024-02-01,2024-02,1436,West,Basic,Active,10.00,10.00,0,0,0.00,"Clean Transaction"
2024-02-01,2024-02,1437,West,Basic,Active,10.00,10.00,0,0,0.00,"Clean Transaction"
2024-02-01,2024-02,1438,West,Pro,Active,50.00,0.00,1,0,50.00,"Unpaid Invoice"
2024-02-01,2024-02,1439,East,Enterprise,Active,200.00,200.00,0,0,0.00,"Clean Transaction"
2024-02-01,2024-02,1440,East,Pro,Active,50.00,50.00,0,0,0.00,"Clean Transaction"
2024-02-01,2024-02,1441,North,Basic,Active,10.00,10.00,0,0,0.00,"Clean Transaction"
2024-02-01,2024-02,1442,West,Enterprise,Active,200.00,200.00,0,0,0.00,"Clean Transaction"
2024-02-01,2024-02,1443,North,Enterprise,Active,200.00,200.00,0,0,0.00,"Clean Transaction"
2024-02-01,2024-02,1444,West,Enterprise,Active,200.00,200.00,0,0,0.00,"Clean Transaction"
2024-02-01,2024-02,1445,West,Pro,Active,50.00,50.00,0,0,0.00,"Clean Transaction"
2024-02-01,2024-02,1446,East,Pro,Active,50.00,50.00,0,0,0.00,"Clean Transaction"
2024-02-01,2024-02,1447,East,Basic,Active,10.00,10.00,0,0,0.00,"Clean Transaction"
2024-02-01,2024-02,1448,South,Enterprise,Cancelled,200.00,200.00,0,0,0.00,"Clean Transaction"
2024-02-01,2024-02,1449,East,Enterprise,Active,200.00,200.00,0,0,0.00,"Clean Transaction"
2024-02-01,2024-02,1450,South,Basic,Active,10.00,10.00,0,0,0.00,"Clean Transaction"
2024-02-01,2024-02,1451,South,Basic,Active,10.00,10.00,0,0,0.00,"Clean Transaction"
2024-02-01,2024-02,1452,South,Basic,Active,10.00,10.00,0,0,0.00,"Clean Transaction"
2024-02-01,2024-02,1453,South,Enterprise,Active,200.00,200.00,0,0,0.00,"Clean Transaction"
2024-02-01,2024-02,1454,South,Pro,Active,50.00,50.00,0,0,0.00,"Clean Transaction"
2024-02-01,2024-02,1455,North,Pro,Active,50.00,50.00,0,0,0.00,"Clean Transaction"
2024-02-01,2024-02,1456,East,Pro,Active,50.00,50.00,0,0,0.00,"Clean Transaction"
2024-02-01,2024-02,1457,South,Pro,Active,50.00,50.00,0,0,0.00,"Clean Transaction"
2024-02-01,2024-02,1458,West,Basic,Active,10.00,10.00,0,0,0.00,"Clean Transaction"
2024-02-01,2024-02,1459,East,Basic,Active,10.00,10.00,0,0,0.00,"Clean Transaction"
2024-02-01,2024-02,1460,East,Pro,Active,50.00,50.00,0,0,0.00,"Clean Transaction"
2024-02-01,2024-02,1461,South,Basic,Active,10.00,10.00,0,0,0.00,"Clean Transaction"
2024-02-01,2024-02,1462,North,Enterprise,Active,200.00,200.00,0,0,0.00,"Clean Transaction"
2024-02-01,2024-02,1463,South,Enterprise,Active,200.00,200.00,0,0,0.00,"Clean Transaction"
2024-02-01,2024-02,1464,North,Pro,Active,50.00,50.00,0,0,0.00,"Clean Transaction"
2024-02-01,2024-02,1465,West,Basic,Active,10.00,10.00,0,0,0.00,"Clean Transaction"
2024-02-01,2024-02,1466,East,Pro,Active,50.00,50.00,0,0,0.00,"Clean Transaction"
2024-02-01,2024-02,1467,West,Basic,Cancelled,10.00,9.47,0,0,0.53,"Partial Payment"
2024-02-01,2024-02,1468,North,Pro,Active,50.00,50.00,0,0,0.00,"Clean Transaction"
2024-02-01,2024-02,1469,North,Pro,Cancelled,50.00,48.31,0,0,1.69,"Partial Payment"
2024-02-01,2024-02,1470,West,Pro,Active,50.00,50.00,0,0,0.00,"Clean Transaction"
2024-02-01,2024-02,1471,North,Pro,Active,50.00,50.00,0,0,0.00,"Clean Transaction"
2024-02-01,2024-02,1472,West,Pro,Active,50.00,50.00,0,0,0.00,"Clean Transaction"
2024-02-01,2024-02,1473,East,Pro,Active,50.00,50.00,0,0,0.00,"Clean Transaction"
2024-02-01,2024-02,1474,West,Basic,Active,10.00,0.00,1,0,10.00,"Unpaid Invoice"
2024-02-01,2024-02,1475,East,Enterprise,Active,200.00,200.00,0,0,0.00,"Clean Transaction"
2024-02-01,2024-02,1476,West,Pro,Active,50.00,50.00,0,0,0.00,"Clean Transaction"
2024-02-01,2024-02,1477,North,Pro,Active,50.00,50.00,0,0,0.00,"Clean Transaction"
2024-02-01,2024-02,1478,West,Enterprise,Active,200.00,200.00,0,0,0.00,"Clean Transaction"
2024-02-01,2024-02,1479,North,Basic,Active,10.00,10.00,0,0,0.00,"Clean Transaction"
2024-02-01,2024-02,1480,West,Pro,Active,50.00,50.00,0,0,0.00,"Clean Transaction"
2024-02-01,2024-02,1481,West,Pro,Active,50.00,50.00,0,0,0.00,"Clean Transaction"
2024-02-01,2024-02,1482,South,Basic,Active,10.00,10.00,0,0,0.00,"Clean Transaction"
2024-02-01,2024-02,1483,North,Enterprise,Active,200.00,200.00,0,0,0.00,"Clean Transaction"
2024-02-01,2024-02,1484,South,Pro,Active,50.00,50.00,0,0,0.00,"Clean Transaction"
2024-02-01,2024-02,1485,North,Enterprise,Active,200.00,200.00,0,0,0.00,"Clean Transaction"
2024-02-01,2024-02,1486,South,Pro,Active,50.00,50.00,0,0,0.00,"Clean Transaction"
2024-02-01,2024-02,1487,East,Basic,Active,10.00,10.00,0,0,0.00,"Clean Transaction"
2024-02-01,2024-02,1488,West,Basic,Active,10.00,10.00,0,0,0.00,"Clean Transaction"
2024-02-01,2024-02,1489,North,Pro,Active,50.00,50.00,0,0,0.00,"Clean Transaction"
2024-02-01,2024-02,1491,West,Enterprise,Active,200.00,200.00,0,0,0.00,"Clean Transaction"
2024-02-01,2024-02,1492,North,Basic,Active,10.00,10.00,0,0,0.00,"Clean Transaction"
2024-02-01,2024-02,1493,North,Basic,Active,10.00,10.00,0,0,0.00,"Clean Transaction"
2024-02-01,2024-02,1494,South,Pro,Active,50.00,50.00,0,0,0.00,"Clean Transaction"
2024-02-01,2024-02,1495,North,Enterprise,Active,200.00,200.00,0,0,0.00,"Clean Transaction"
2024-02-01,2024-02,1496,East,Basic,Active,10.00,10.00,0,0,0.00,"Clean Transaction"
2024-02-01,2024-02,1497,East,Pro,Cancelled,50.00,50.00,0,0,0.00,"Clean Transaction"
2024-02-01,2024-02,1498,West,Basic,Active,10.00,10.00,0,0,0.00,"Clean Transaction"
2024-02-01,2024-02,1499,North,Basic,Active,10.00,10.00,0,0,0.00,"Clean Transaction"
2024-02-01,2024-02,1500,West,Basic,Active,10.00,10.00,0,0,0.00,"Clean Transaction"
2024-02-01,2024-02,1501,East,Enterprise,Active,200.00,200.00,0,0,0.00,"Clean Transaction"
2024-02-01,2024-02,1502,North,Enterprise,Active,200.00,200.00,0,0,0.00,"Clean Transaction"
2024-02-01,2024-02,1503,North,Enterprise,Active,200.00,200.00,0,0,0.00,"Clean Transaction"
2024-02-01,2024-02,1504,West,Pro,Active,50.00,50.00,0,0,0.00,"Clean Transaction"
2024-02-01,2024-02,1505,East,Basic,Active,10.00,10.00,0,0,0.00,"Clean Transaction"
2024-02-01,2024-02,1506,North,Enterprise,Active,200.00,194.59,0,0,5.41,"Partial Payment"
2024-02-01,2024-02,1507,West,Basic,Active,10.00,10.00,0,0,0.00,"Clean Transaction"
2024-02-01,2024-02,1508,East,Basic,Active,10.00,10.00,0,0,0.00,"Clean Transaction"
2024-02-01,2024-02,1509,West,Enterprise,Active,200.00,200.00,0,0,0.00,"Clean Transaction"
2024-02-01,2024-02,1510,South,Pro,Active,50.00,50.00,0,0,0.00,"Clean Transaction"
2024-02-01,2024-02,1511,North,Basic,Active,10.00,10.00,0,0,0.00,"Clean Transaction"
2024-02-01,2024-02,1512,South,Basic,Cancelled,10.00,10.00,0,0,0.00,"Clean Transaction"
2024-02-01,2024-02,1513,East,Enterprise,Active,200.00,200.00,0,0,0.00,"Clean Transaction"
2024-02-01,2024-02,1514,South,Basic,Active,10.00,10.00,0,0,0.00,"Clean Transaction"
2024-02-01,2024-02,1515,South,Pro,Active,50.00,50.00,0,0,0.00,"Clean Transaction"
2024-02-01,2024-02,1516,East,Basic,Active,10.00,10.00,0,0,0.00,"Clean Transaction"
2024-02-01,2024-02,1517,West,Pro,Active,50.00,50.00,0,0,0.00,"Clean Transaction"
2024-02-01,2024-02,1518,South,Basic,Active,10.00,10.00,0,0,0.00,"Clean Transaction"
2024-02-01,2024-02,1519,West,Basic,Active,10.00,10.00,0,0,0.00,"Clean Transaction"
2024-02-01,2024-02,1520,South,Basic,Active,10.00,10.00,0,0,0.00,"Clean Transaction"
2024-02-01,2024-02,1521,West,Pro,Active,50.00,50.00,0,0,0.00,"Clean Transaction"
2024-02-01,2024-02,1522,East,Enterprise,Active,200.00,200.00,0,0,0.00,"Clean Transaction"
2024-02-01,2024-02,1523,South,Basic,Active,10.00,10.00,0,0,0.00,"Clean Transaction"
2024-02-01,2024-02,1524,East,Basic,Active,10.00,10.00,0,0,0.00,"Clean Transaction"
2024-02-01,2024-02,1525,South,Basic,Active,10.00,10.00,0,0,0.00,"Clean Transaction"
2024-02-01,2024-02,1526,East,Basic,Cancelled,10.00,10.00,0,0,0.00,"Clean Transaction"
2024-02-01,2024-02,1527,East,Enterprise,Active,200.00,200.00,0,0,0.00,"Clean Transaction"
2024-02-01,2024-02,1528,South,Basic,Cancelled,10.00,10.00,0,0,0.00,"Clean Transaction"
2024-02-01,2024-02,1529,South,Pro,Active,50.00,50.00,0,0,0.00,"Clean Transaction"
2024-02-01,2024-02,1530,South,Enterprise,Active,200.00,200.00,0,0,0.00,"Clean Transaction"
2024-02-01,2024-02,1531,North,Enterprise,Active,200.00,200.00,0,0,0.00,"Clean Transaction"
2024-02-01,2024-02,1532,West,Basic,Active,10.00,10.00,0,0,0.00,"Clean Transaction"
2024-02-01,2024-02,1533,North,Pro,Active,50.00,50.00,0,0,0.00,"Clean Transaction"
2024-02-01,2024-02,1534,North,Basic,Cancelled,10.00,10.00,0,0,0.00,"Clean Transaction"
2024-02-01,2024-02,1535,East,Basic,Active,10.00,10.00,0,0,0.00,"Clean Transaction"
2024-02-01,2024-02,1536,South,Pro,Active,50.00,50.00,0,0,0.00,"Clean Transaction"
2024-02-01,2024-02,1537,West,Pro,Active,50.00,50.00,0,0,0.00,"Clean Transaction"
2024-02-01,2024-02,1538,East,Pro,Active,50.00,50.00,0,0,0.00,"Clean Transaction"
2024-02-01,2024-02,1539,North,Basic,Cancelled,10.00,10.00,0,0,0.00,"Clean Transaction"
2024-02-01,2024-02,1540,South,Pro,Active,50.00,50.00,0,0,0.00,"Clean Transaction"
2024-02-01,2024-02,1541,East,Enterprise,Active,200.00,200.00,0,0,0.00,"Clean Transaction"
2024-02-01,2024-02,1542,South,Pro,Active,50.00,50.00,0,0,0.00,"Clean Transaction"
2024-02-01,2024-02,1543,East,Pro,Cancelled,50.00,50.00,0,0,0.00,"Clean Transaction"
2024-02-01,2024-02,1544,South,Pro,Cancelled,50.00,50.00,0,0,0.00,"Clean Transaction"
2024-02-01,2024-02,1545,North,Pro,Active,50.00,50.00,0,0,0.00,"Clean Transaction"
2024-02-01,2024-02,1546,West,Enterprise,Active,200.00,200.00,0,0,0.00,"Clean Transaction"
2024-02-01,2024-02,1547,North,Pro,Cancelled,50.00,50.00,0,0,0.00,"Clean Transaction"
2024-02-01,2024-02,1548,West,Basic,Active,10.00,10.00,0,0,0.00,"Clean Transaction"
2024-02-01,2024-02,1549,South,Pro,Active,50.00,50.00,0,0,0.00,"Clean Transaction"
2024-02-01,2024-02,1550,East,Pro,Active,50.00,50.00,0,0,0.00,"Clean Transaction"
2024-02-01,2024-02,1551,North,Enterprise,Active,200.00,200.00,0,0,0.00,"Clean Transaction"
2024-02-01,2024-02,1552,West,Pro,Cancelled,50.00,50.00,0,0,0.00,"Clean Transaction"
2024-02-01,2024-02,1553,North,Pro,Active,50.00,50.00,0,0,0.00,"Clean Transaction"
2024-02-01,2024-02,1554,West,Basic,Active,10.00,10.00,0,0,0.00,"Clean Transaction"
2024-02-01,2024-02,1555,North,Enterprise,Cancelled,200.00,200.00,0,0,0.00,"Clean Transaction"
2024-02-01,2024-02,1556,West,Basic,Active,10.00,10.00,0,0,0.00,"Clean Transaction"
2024-02-01,2024-02,1557,West,Basic,Active,10.00,10.00,0,0,0.00,"Clean Transaction"
2024-02-01,2024-02,1558,South,Enterprise,Active,200.00,200.00,0,0,0.00,"Clean Transaction"
2024-02-01,2024-02,1559,West,Basic,Active,10.00,10.00,0,0,0.00,"Clean Transaction"
2024-02-01,2024-02,1560,South,Enterprise,Active,200.00,200.00,0,0,0.00,"Clean Transaction"
2024-02-01,2024-02,1561,West,Enterprise,Active,200.00,200.00,0,0,0.00,"Clean Transaction"
2024-02-01,2024-02,1562,East,Basic,Active,10.00,10.00,0,0,0.00,"Clean Transaction"
2024-02-01,2024-02,1563,East,Enterprise,Active,200.00,200.00,0,0,0.00,"Clean Transaction"
2024-02-01,2024-02,1564,East,Pro,Active,50.00,50.00,0,0,0.00,"Clean Transaction"
2024-02-01,2024-02,1565,West,Basic,Active,10.00,10.00,0,0,0.00,"Clean Transaction"
2024-02-01,2024-02,1566,South,Enterprise,Active,200.00,200.00,0,0,0.00,"Clean Transaction"
2024-02-01,2024-02,1568,West,Pro,Active,50.00,50.00,0,0,0.00,"Clean Transaction"
2024-02-01,2024-02,1569,East,Pro,Active,50.00,50.00,0,0,0.00,"Clean Transaction"
2024-02-01,2024-02,1570,East,Pro,Active,50.00,50.00,0,0,0.00,"Clean Transaction"
2024-02-01,2024-02,1571,South,Basic,Active,10.00,10.00,0,0,0.00,"Clean Transaction"
2024-02-01,2024-02,1572,East,Enterprise,Active,200.00,200.00,0,0,0.00,"Clean Transaction"
2024-02-01,2024-02,1573,North,Basic,Active,10.00,10.00,0,0,0.00,"Clean Transaction"
2024-02-01,2024-02,1574,South,Basic,Active,10.00,10.00,0,0,0.00,"Clean Transaction"
2024-02-01,2024-02,1575,East,Pro,Active,50.00,50.00,0,0,0.00,"Clean Transaction"
2024-02-01,2024-02,1576,South,Pro,Active,50.00,50.00,0,0,0.00,"Clean Transaction"
2024-02-01,2024-02,1577,North,Pro,Cancelled,50.00,50.00,0,0,0.00,"Clean Transaction"
2024-02-01,2024-02,1578,South,Basic,Active,10.00,10.00,0,0,0.00,"Clean Transaction"
2024-02-01,2024-02,1579,South,Basic,Active,10.00,10.00,0,0,0.00,"Clean Transaction"
2024-02-01,2024-02,1580,South,Basic,Active,10.00,10.00,0,0,0.00,"Clean Transaction"
2024-02-01,2024-02,1581,South,Pro,Active,50.00,50.00,0,0,0.00,"Clean Transaction"
2024-02-01,2024-02,1582,North,Pro,Active,50.00,47.50,0,0,2.50,"Partial Payment"
2024-02-01,2024-02,1583,West,Enterprise,Cancelled,200.00,200.00,0,0,0.00,"Clean Transaction"
2024-02-01,2024-02,1584,South,Pro,Cancelled,50.00,50.00,0,0,0.00,"Clean Transaction"
2024-02-01,2024-02,1585,South,Enterprise,Active,200.00,200.00,0,0,0.00,"Clean Transaction"
2024-02-01,2024-02,1586,East,Pro,Active,50.00,50.00,0,0,0.00,"Clean Transaction"
2024-02-01,2024-02,1587,South,Basic,Active,10.00,10.00,0,0,0.00,"Clean Transaction"
2024-02-01,2024-02,1588,East,Basic,Active,10.00,10.00,0,0,0.00,"Clean Transaction"
2024-02-01,2024-02,1589,West,Enterprise,Active,200.00,200.00,0,0,0.00,"Clean Transaction"
2024-02-01,2024-02,1591,North,Enterprise,Active,200.00,200.00,0,0,0.00,"Clean Transaction"
2024-02-01,2024-02,1592,West,Pro,Active,50.00,50.00,0,0,0.00,"Clean Transaction"
2024-02-01,2024-02,1593,North,Basic,Active,10.00,10.00,0,0,0.00,"Clean Transaction"
2024-02-01,2024-02,1594,West,Basic,Active,10.00,10.00,0,0,0.00,"Clean Transaction"
2024-02-01,2024-02,1595,West,Pro,Active,50.00,50.00,0,0,0.00,"Clean Transaction"
2024-02-01,2024-02,1596,West,Pro,Cancelled,50.00,50.00,0,0,0.00,"Clean Transaction"
2024-02-01,2024-02,1597,North,Pro,Active,50.00,50.00,0,0,0.00,"Clean Transaction"
2024-02-01,2024-02,1598,East,Enterprise,Active,200.00,200.00,0,0,0.00,"Clean Transaction"
2024-02-01,2024-02,1599,West,Basic,Active,10.00,10.00,0,0,0.00,"Clean Transaction"
2024-02-01,2024-02,1600,South,Basic,Active,10.00,10.00,0,0,0.00,"Clean Transaction"
2024-02-01,2024-02,1601,North,Pro,Active,50.00,50.00,0,0,0.00,"Clean Transaction"
2024-02-01,2024-02,1602,West,Basic,Active,10.00,10.00,0,0,0.00,"Clean Transaction"
2024-02-01,2024-02,1603,West,Pro,Cancelled,50.00,50.00,0,0,0.00,"Clean Transaction"
2024-02-01,2024-02,1604,South,Basic,Active,10.00,10.00,0,0,0.00,"Clean Transaction"
2024-02-01,2024-02,1605,East,Basic,Active,10.00,10.00,0,0,0.00,"Clean Transaction"
2024-02-01,2024-02,1606,East,Pro,Cancelled,50.00,50.00,0,0,0.00,"Clean Transaction"
2024-02-01,2024-02,1607,East,Enterprise,Active,200.00,200.00,0,0,0.00,"Clean Transaction"
2024-02-01,2024-02,1608,West,Pro,Active,50.00,50.00,0,0,0.00,"Clean Transaction"
2024-02-01,2024-02,1609,West,Pro,Active,50.00,50.00,0,0,0.00,"Clean Transaction"
2024-02-01,2024-02,1610,West,Basic,Active,10.00,10.00,0,0,0.00,"Clean Transaction"
2024-02-01,2024-02,1611,North,Pro,Cancelled,50.00,50.00,0,0,0.00,"Clean Transaction"
2024-02-01,2024-02,1612,South,Basic,Active,10.00,10.00,0,0,0.00,"Clean Transaction"
2024-02-01,2024-02,1613,West,Enterprise,Active,200.00,200.00,0,0,0.00,"Clean Transaction"
2024-02-01,2024-02,1614,South,Enterprise,Cancelled,200.00,200.00,0,0,0.00,"Clean Transaction"
2024-02-01,2024-02,1615,South,Enterprise,Active,200.00,200.00,0,0,0.00,"Clean Transaction"
2024-02-01,2024-02,1616,East,Pro,Active,50.00,50.00,0,0,0.00,"Clean Transaction"
2024-02-01,2024-02,1617,North,Basic,Active,10.00,10.00,0,0,0.00,"Clean Transaction"
2024-02-01,2024-02,1618,West,Enterprise,Active,200.00,200.00,0,0,0.00,"Clean Transaction"
2024-02-01,2024-02,1619,East,Basic,Active,10.00,10.00,0,0,0.00,"Clean Transaction"
2024-02-01,2024-02,1620,East,Basic,Active,10.00,10.00,0,0,0.00,"Clean Transaction"
2024-02-01,2024-02,1621,West,Enterprise,Cancelled,200.00,200.00,0,0,0.00,"Clean Transaction"
2024-02-01,2024-02,1623,East,Basic,Active,10.00,10.00,0,0,0.00,"Clean Transaction"
2024-02-01,2024-02,1624,South,Pro,Active,50.00,50.00,0,0,0.00,"Clean Transaction"
2024-02-01,2024-02,1625,North,Basic,Cancelled,10.00,10.00,0,0,0.00,"Clean Transaction"
2024-02-01,2024-02,1626,South,Pro,Active,50.00,50.00,0,0,0.00,"Clean Transaction"
2024-02-01,2024-02,1627,North,Pro,Active,50.00,50.00,0,0,0.00,"Clean Transaction"
2024-02-01,2024-02,1628,South,Basic,Active,10.00,10.00,0,0,0.00,"Clean Transaction"
2024-02-01,2024-02,1629,East,Enterprise,Cancelled,200.00,200.00,0,0,0.00,"Clean Transaction"
2024-02-01,2024-02,1630,East,Enterprise,Active,200.00,200.00,0,0,0.00,"Clean Transaction"
2024-02-01,2024-02,1631,North,Pro,Active,50.00,50.00,0,0,0.00,"Clean Transaction"
2024-02-01,2024-02,1632,West,Basic,Cancelled,10.00,10.00,0,0,0.00,"Clean Transaction"
2024-02-01,2024-02,1633,North,Pro,Active,50.00,50.00,0,0,0.00,"Clean Transaction"
2024-02-01,2024-02,1634,North,Pro,Active,50.00,50.00,0,0,0.00,"Clean Transaction"
2024-02-01,2024-02,1635,South,Basic,Active,10.00,10.00,0,0,0.00,"Clean Transaction"
2024-02-01,2024-02,1636,South,Pro,Active,50.00,48.43,0,0,1.57,"Partial Payment"
2024-02-01,2024-02,1637,North,Pro,Active,50.00,50.00,0,0,0.00,"Clean Transaction"
2024-02-01,2024-02,1638,East,Pro,Active,50.00,50.00,0,0,0.00,"Clean Transaction"
2024-02-01,2024-02,1639,South,Basic,Active,10.00,10.00,0,0,0.00,"Clean Transaction"
2024-02-01,2024-02,1640,West,Pro,Active,50.00,50.00,0,0,0.00,"Clean Transaction"
2024-02-01,2024-02,1641,South,Basic,Active,10.00,10.00,0,0,0.00,"Clean Transaction"
2024-02-01,2024-02,1642,South,Enterprise,Active,200.00,200.00,0,0,0.00,"Clean Transaction"
2024-02-01,2024-02,1643,West,Pro,Active,50.00,50.00,0,0,0.00,"Clean Transaction"
2024-02-01,2024-02,1644,North,Basic,Active,10.00,10.00,0,0,0.00,"Clean Transaction"
2024-02-01,2024-02,1645,West,Enterprise,Active,200.00,200.00,0,0,0.00,"Clean Transaction"
2024-02-01,2024-02,1646,North,Pro,Active,50.00,50.00,0,0,0.00,"Clean Transaction"
2024-02-01,2024-02,1647,North,Pro,Active,50.00,50.00,0,0,0.00,"Clean Transaction"
2024-02-01,2024-02,1648,North,Enterprise,Active,200.00,200.00,0,0,0.00,"Clean Transaction"
2024-02-01,2024-02,1649,West,Enterprise,Active,200.00,200.00,0,0,0.00,"Clean Transaction"
2024-02-01,2024-02,1650,North,Basic,Active,10.00,10.00,0,0,0.00,"Clean Transaction"
2024-02-01,2024-02,1651,East,Enterprise,Active,200.00,200.00,0,0,0.00,"Clean Transaction"
2024-02-01,2024-02,1652,West,Pro,Active,50.00,50.00,0,0,0.00,"Clean Transaction"
2024-02-01,2024-02,1653,East,Basic,Cancelled,10.00,10.00,0,0,0.00,"Clean Transaction"
2024-02-01,2024-02,1654,North,Enterprise,Active,200.00,200.00,0,0,0.00,"Clean Transaction"
2024-02-01,2024-02,1655,South,Basic,Active,10.00,10.00,0,0,0.00,"Clean Transaction"
2024-02-01,2024-02,1656,North,Pro,Active,50.00,50.00,0,0,0.00,"Clean Transaction"
2024-02-01,2024-02,1658,East,Enterprise,Active,200.00,200.00,0,0,0.00,"Clean Transaction"
2024-02-01,2024-02,1659,West,Basic,Cancelled,10.00,9.39,0,0,0.61,"Partial Payment"
2024-02-01,2024-02,1660,South,Enterprise,Cancelled,200.00,200.00,0,0,0.00,"Clean Transaction"
2024-02-01,2024-02,1661,West,Pro,Active,50.00,50.00,0,0,0.00,"Clean Transaction"
2024-02-01,2024-02,1662,East,Basic,Active,10.00,10.00,0,0,0.00,"Clean Transaction"
2024-02-01,2024-02,1663,North,Basic,Active,10.00,10.00,0,0,0.00,"Clean Transaction"
2024-02-01,2024-02,1664,South,Pro,Active,50.00,50.00,0,0,0.00,"Clean Transaction"
2024-02-01,2024-02,1665,North,Pro,Active,50.00,50.00,0,0,0.00,"Clean Transaction"
2024-02-01,2024-02,1666,North,Enterprise,Active,200.00,200.00,0,0,0.00,"Clean Transaction"
2024-02-01,2024-02,1667,South,Enterprise,Active,200.00,200.00,0,0,0.00,"Clean Transaction"
2024-02-01,2024-02,1668,West,Basic,Active,10.00,10.00,0,0,0.00,"Clean Transaction"
2024-02-01,2024-02,1669,North,Pro,Active,50.00,50.00,0,0,0.00,"Clean Transaction"
2024-02-01,2024-02,1670,East,Enterprise,Active,200.00,200.00,0,0,0.00,"Clean Transaction"
2024-02-01,2024-02,1671,North,Pro,Active,50.00,50.00,0,0,0.00,"Clean Transaction"
2024-02-01,2024-02,1672,South,Enterprise,Active,200.00,200.00,0,0,0.00,"Clean Transaction"
2024-02-01,2024-02,1673,South,Basic,Active,10.00,10.00,0,0,0.00,"Clean Transaction"
2024-02-01,2024-02,1674,South,Pro,Active,50.00,50.00,0,0,0.00,"Clean Transaction"
2024-02-01,2024-02,1675,West,Enterprise,Active,200.00,200.00,0,0,0.00,"Clean Transaction"
2024-02-01,2024-02,1676,North,Pro,Active,50.00,50.00,0,0,0.00,"Clean Transaction"
2024-02-01,2024-02,1677,West,Basic,Active,10.00,10.00,0,0,0.00,"Clean Transaction"
2024-02-01,2024-02,1678,West,Basic,Active,10.00,10.00,0,0,0.00,"Clean Transaction"
2024-02-01,2024-02,1679,South,Basic,Active,10.00,10.00,0,0,0.00,"Clean Transaction"
2024-02-01,2024-02,1680,South,Enterprise,Active,200.00,200.00,0,0,0.00,"Clean Transaction"
2024-02-01,2024-02,1681,West,Pro,Active,50.00,50.00,0,0,0.00,"Clean Transaction"
2024-02-01,2024-02,1682,North,Basic,Active,10.00,10.00,0,0,0.00,"Clean Transaction"
2024-02-01,2024-02,1683,East,Enterprise,Active,200.00,200.00,0,0,0.00,"Clean Transaction"
2024-02-01,2024-02,1684,West,Basic,Active,10.00,10.00,0,0,0.00,"Clean Transaction"
2024-02-01,2024-02,1685,North,Pro,Active,50.00,48.89,0,0,1.11,"Partial Payment"
2024-02-01,2024-02,1686,South,Basic,Active,10.00,10.00,0,0,0.00,"Clean Transaction"
2024-02-01,2024-02,1687,South,Enterprise,Active,200.00,200.00,0,0,0.00,"Clean Transaction"
2024-02-01,2024-02,1688,North,Basic,Active,10.00,10.00,0,0,0.00,"Clean Transaction"
2024-02-01,2024-02,1689,East,Basic,Active,10.00,9.81,0,0,0.19,"Partial Payment"
2024-02-01,2024-02,1690,South,Enterprise,Active,200.00,200.00,0,0,0.00,"Clean Transaction"
2024-02-01,2024-02,1691,South,Basic,Active,10.00,10.00,0,0,0.00,"Clean Transaction"
2024-02-01,2024-02,1692,South,Basic,Cancelled,10.00,10.00,0,0,0.00,"Clean Transaction"
2024-02-01,2024-02,1693,North,Basic,Active,10.00,10.00,0,0,0.00,"Clean Transaction"
2024-02-01,2024-02,1694,West,Enterprise,Active,200.00,200.00,0,0,0.00,"Clean Transaction"
2024-02-01,2024-02,1695,South,Enterprise,Active,200.00,200.00,0,0,0.00,"Clean Transaction"
2024-02-01,2024-02,1696,West,Pro,Active,50.00,50.00,0,0,0.00,"Clean Transaction"
2024-02-01,2024-02,1697,East,Basic,Active,10.00,10.00,0,0,0.00,"Clean Transaction"
2024-02-01,2024-02,1698,South,Enterprise,Active,200.00,0.00,1,0,200.00,"Unpaid Invoice"
2024-02-01,2024-02,1699,South,Basic,Active,10.00,10.00,0,0,0.00,"Clean Transaction"
2024-02-01,2024-02,1700,East,Enterprise,Cancelled,200.00,200.00,0,0,0.00,"Clean Transaction"
2024-02-01,2024-02,1701,South,Basic,Active,10.00,10.00,0,0,0.00,"Clean Transaction"
2024-02-01,2024-02,1702,West,Basic,Cancelled,10.00,10.00,0,0,0.00,"Clean Transaction"
2024-02-01,2024-02,1703,North,Basic,Active,10.00,0.00,1,0,10.00,"Unpaid Invoice"
2024-02-01,2024-02,1704,West,Enterprise,Active,200.00,200.00,0,0,0.00,"Clean Transaction"
2024-02-01,2024-02,1705,North,Basic,Active,10.00,10.00,0,0,0.00,"Clean Transaction"
2024-02-01,2024-02,1706,North,Enterprise,Active,200.00,200.00,0,0,0.00,"Clean Transaction"
2024-02-01,2024-02,1707,West,Pro,Active,50.00,50.00,0,0,0.00,"Clean Transaction"
2024-02-01,2024-02,1708,West,Enterprise,Active,200.00,200.00,0,0,0.00,"Clean Transaction"
2024-02-01,2024-02,1709,West,Pro,Active,50.00,50.00,0,0,0.00,"Clean Transaction"
2024-02-01,2024-02,1710,West,Pro,Active,50.00,50.00,0,0,0.00,"Clean Transaction"
2024-02-01,2024-02,1711,East,Enterprise,Active,200.00,200.00,0,0,0.00,"Clean Transaction"
2024-02-01,2024-02,1712,South,Pro,Active,50.00,50.00,0,0,0.00,"Clean Transaction"
2024-02-01,2024-02,1713,North,Pro,Active,50.00,50.00,0,0,0.00,"Clean Transaction"
2024-02-01,2024-02,1714,West,Pro,Active,50.00,50.00,0,0,0.00,"Clean Transaction"
2024-02-01,2024-02,1715,West,Basic,Active,10.00,10.00,0,0,0.00,"Clean Transaction"
2024-02-01,2024-02,1716,West,Pro,Active,50.00,50.00,0,0,0.00,"Clean Transaction"
2024-02-01,2024-02,1717,East,Basic,Active,10.00,10.00,0,0,0.00,"Clean Transaction"
2024-02-01,2024-02,1718,West,Pro,Active,50.00,50.00,0,0,0.00,"Clean Transaction"
2024-02-01,2024-02,1719,West,Pro,Active,50.00,50.00,0,0,0.00,"Clean Transaction"
2024-02-01,2024-02,1720,West,Basic,Active,10.00,10.00,0,0,0.00,"Clean Transaction"
2024-02-01,2024-02,1721,South,Basic,Active,10.00,10.00,0,0,0.00,"Clean Transaction"
2024-02-01,2024-02,1722,East,Pro,Active,50.00,50.00,0,0,0.00,"Clean Transaction"
2024-02-01,2024-02,1723,West,Enterprise,Cancelled,200.00,200.00,0,0,0.00,"Clean Transaction"
2024-02-01,2024-02,1724,North,Pro,Active,50.00,50.00,0,0,0.00,"Clean Transaction"
2024-02-01,2024-02,1725,North,Pro,Active,50.00,50.00,0,0,0.00,"Clean Transaction"
2024-02-01,2024-02,1726,North,Pro,Active,50.00,50.00,0,0,0.00,"Clean Transaction"
2024-02-01,2024-02,1727,East,Basic,Active,10.00,10.00,0,0,0.00,"Clean Transaction"
2024-02-01,2024-02,1728,East,Basic,Active,10.00,10.00,0,0,0.00,"Clean Transaction"
2024-02-01,2024-02,1729,North,Basic,Active,10.00,10.00,0,0,0.00,"Clean Transaction"
2024-02-01,2024-02,1730,West,Enterprise,Active,200.00,200.00,0,0,0.00,"Clean Transaction"
2024-02-01,2024-02,1731,East,Basic,Active,10.00,10.00,0,0,0.00,"Clean Transaction"
2024-02-01,2024-02,1732,North,Basic,Active,10.00,10.00,0,0,0.00,"Clean Transaction"
2024-02-01,2024-02,1733,North,Basic,Active,10.00,10.00,0,0,0.00,"Clean Transaction"
2024-02-01,2024-02,1734,West,Basic,Active,10.00,10.00,0,0,0.00,"Clean Transaction"
2024-02-01,2024-02,1735,South,Pro,Active,50.00,50.00,0,0,0.00,"Clean Transaction"
2024-02-01,2024-02,1736,East,Enterprise,Cancelled,200.00,200.00,0,0,0.00,"Clean Transaction"
2024-02-01,2024-02,1737,West,Enterprise,Active,200.00,200.00,0,0,0.00,"Clean Transaction"
2024-02-01,2024-02,1738,North,Pro,Active,50.00,50.00,0,0,0.00,"Clean Transaction"
2024-02-01,2024-02,1739,North,Pro,Active,50.00,50.00,0,0,0.00,"Clean Transaction"
2024-02-01,2024-02,1740,West,Pro,Active,50.00,50.00,0,0,0.00,"Clean Transaction"
2024-02-01,2024-02,1741,East,Basic,Active,10.00,10.00,0,0,0.00,"Clean Transaction"
2024-02-01,2024-02,1742,South,Basic,Cancelled,10.00,10.00,0,0,0.00,"Clean Transaction"
2024-02-01,2024-02,1744,North,Enterprise,Active,200.00,200.00,0,0,0.00,"Clean Transaction"
2024-02-01,2024-02,1745,East,Enterprise,Active,200.00,200.00,0,0,0.00,"Clean Transaction"
2024-02-01,2024-02,1746,South,Pro,Active,50.00,50.00,0,0,0.00,"Clean Transaction"
2024-02-01,2024-02,1747,East,Basic,Active,10.00,10.00,0,0,0.00,"Clean Transaction"
2024-02-01,2024-02,1748,East,Pro,Active,50.00,50.00,0,0,0.00,"Clean Transaction"
2024-02-01,2024-02,1749,North,Basic,Active,10.00,10.00,0,0,0.00,"Clean Transaction"
2024-02-01,2024-02,1750,South,Basic,Active,10.00,10.00,0,0,0.00,"Clean Transaction"
2024-02-01,2024-02,1751,West,Pro,Active,50.00,50.00,0,0,0.00,"Clean Transaction"
2024-02-01,2024-02,1752,North,Basic,Active,10.00,10.00,0,0,0.00,"Clean Transaction"
2024-02-01,2024-02,1753,South,Enterprise,Active,200.00,200.00,0,0,0.00,"Clean Transaction"
2024-02-01,2024-02,1754,South,Basic,Active,10.00,10.00,0,0,0.00,"Clean Transaction"
2024-02-01,2024-02,1755,South,Enterprise,Active,200.00,200.00,0,0,0.00,"Clean Transaction"
2024-02-01,2024-02,1756,South,Basic,Active,10.00,10.00,0,0,0.00,"Clean Transaction"
2024-02-01,2024-02,1757,South,Pro,Active,50.00,50.00,0,0,0.00,"Clean Transaction"
2024-02-01,2024-02,1758,East,Enterprise,Active,200.00,200.00,0,0,0.00,"Clean Transaction"
2024-02-01,2024-02,1759,North,Enterprise,Active,200.00,200.00,0,0,0.00,"Clean Transaction"
2024-02-01,2024-02,1760,East,Pro,Cancelled,50.00,50.00,0,0,0.00,"Clean Transaction"
2024-02-01,2024-02,1761,West,Enterprise,Active,200.00,200.00,0,0,0.00,"Clean Transaction"
2024-02-01,2024-02,1762,South,Basic,Active,10.00,10.00,0,0,0.00,"Clean Transaction"
2024-02-01,2024-02,1763,North,Basic,Active,10.00,9.62,0,0,0.38,"Partial Payment"
2024-02-01,2024-02,1764,South,Enterprise,Active,200.00,200.00,0,0,0.00,"Clean Transaction"
2024-02-01,2024-02,1765,North,Pro,Active,50.00,50.00,0,0,0.00,"Clean Transaction"
2024-02-01,2024-02,1766,East,Enterprise,Active,200.00,200.00,0,0,0.00,"Clean Transaction"
2024-02-01,2024-02,1767,North,Basic,Active,10.00,10.00,0,0,0.00,"Clean Transaction"
2024-02-01,2024-02,1768,West,Pro,Active,50.00,46.52,0,0,3.48,"Partial Payment"
2024-02-01,2024-02,1769,West,Pro,Active,50.00,50.00,0,0,0.00,"Clean Transaction"
2024-02-01,2024-02,1770,North,Basic,Active,10.00,10.00,0,0,0.00,"Clean Transaction"
2024-02-01,2024-02,1771,North,Enterprise,Active,200.00,200.00,0,0,0.00,"Clean Transaction"
2024-02-01,2024-02,1772,North,Pro,Active,50.00,50.00,0,0,0.00,"Clean Transaction"
2024-02-01,2024-02,1773,North,Enterprise,Active,200.00,200.00,0,0,0.00,"Clean Transaction"
2024-02-01,2024-02,1774,West,Enterprise,Active,200.00,200.00,0,0,0.00,"Clean Transaction"
2024-02-01,2024-02,1775,South,Enterprise,Active,200.00,200.00,0,0,0.00,"Clean Transaction"
2024-02-01,2024-02,1776,North,Basic,Active,10.00,10.00,0,0,0.00,"Clean Transaction"
2024-02-01,2024-02,1777,North,Pro,Active,50.00,50.00,0,0,0.00,"Clean Transaction"
2024-02-01,2024-02,1778,West,Enterprise,Active,200.00,200.00,0,0,0.00,"Clean Transaction"
2024-02-01,2024-02,1779,West,Basic,Active,10.00,10.00,0,0,0.00,"Clean Transaction"
2024-02-01,2024-02,1780,East,Enterprise,Cancelled,200.00,200.00,0,0,0.00,"Clean Transaction"
2024-02-01,2024-02,1781,North,Basic,Active,10.00,10.00,0,0,0.00,"Clean Transaction"
2024-02-01,2024-02,1782,East,Basic,Active,10.00,10.00,0,0,0.00,"Clean Transaction"
2024-02-01,2024-02,1783,West,Pro,Active,50.00,50.00,0,0,0.00,"Clean Transaction"
2024-02-01,2024-02,1784,West,Enterprise,Active,200.00,200.00,0,0,0.00,"Clean Transaction"
2024-02-01,2024-02,1785,South,Pro,Active,50.00,50.00,0,0,0.00,"Clean Transaction"
2024-02-01,2024-02,1786,North,Enterprise,Active,200.00,200.00,0,0,0.00,"Clean Transaction"
2024-02-01,2024-02,1787,East,Enterprise,Active,200.00,200.00,0,0,0.00,"Clean Transaction"
2024-02-01,2024-02,1788,West,Enterprise,Active,200.00,200.00,0,0,0.00,"Clean Transaction"
2024-02-01,2024-02,1789,West,Enterprise,Active,200.00,200.00,0,0,0.00,"Clean Transaction"
2024-02-01,2024-02,1790,East,Basic,Active,10.00,10.00,0,0,0.00,"Clean Transaction"
2024-02-01,2024-02,1791,South,Enterprise,Active,200.00,200.00,0,0,0.00,"Clean Transaction"
2024-02-01,2024-02,1792,West,Pro,Active,50.00,50.00,0,0,0.00,"Clean Transaction"
2024-02-01,2024-02,1793,North,Pro,Active,50.00,50.00,0,0,0.00,"Clean Transaction"
2024-02-01,2024-02,1794,West,Basic,Active,10.00,10.00,0,0,0.00,"Clean Transaction"
2024-02-01,2024-02,1795,North,Pro,Active,50.00,50.00,0,0,0.00,"Clean Transaction"
2024-02-01,2024-02,1796,East,Enterprise,Active,200.00,200.00,0,0,0.00,"Clean Transaction"
2024-02-01,2024-02,1797,North,Pro,Active,50.00,50.00,0,0,0.00,"Clean Transaction"
2024-02-01,2024-02,1798,East,Pro,Active,50.00,50.00,0,0,0.00,"Clean Transaction"
2024-02-01,2024-02,1799,North,Enterprise,Active,200.00,200.00,0,0,0.00,"Clean Transaction"
2024-02-01,2024-02,1800,East,Basic,Cancelled,10.00,10.00,0,0,0.00,"Clean Transaction"
2024-02-01,2024-02,1801,North,Basic,Cancelled,10.00,10.00,0,0,0.00,"Clean Transaction"
2024-02-01,2024-02,1802,South,Pro,Active,50.00,50.00,0,0,0.00,"Clean Transaction"
2024-02-01,2024-02,1803,North,Pro,Active,50.00,50.00,0,0,0.00,"Clean Transaction"
2024-02-01,2024-02,1804,North,Enterprise,Active,200.00,200.00,0,0,0.00,"Clean Transaction"
2024-02-01,2024-02,1805,South,Basic,Active,10.00,10.00,0,0,0.00,"Clean Transaction"
2024-02-01,2024-02,1806,West,Enterprise,Active,200.00,200.00,0,0,0.00,"Clean Transaction"
2024-02-01,2024-02,1807,West,Enterprise,Active,200.00,200.00,0,0,0.00,"Clean Transaction"
2024-02-01,2024-02,1808,North,Enterprise,Active,200.00,200.00,0,0,0.00,"Clean Transaction"
2024-02-01,2024-02,1809,South,Enterprise,Cancelled,200.00,197.74,0,0,2.26,"Partial Payment"
2024-02-01,2024-02,1810,North,Enterprise,Active,200.00,200.00,0,0,0.00,"Clean Transaction"
2024-02-01,2024-02,1811,East,Basic,Active,10.00,10.00,0,0,0.00,"Clean Transaction"
2024-02-01,2024-02,1812,East,Pro,Active,50.00,47.46,0,0,2.54,"Partial Payment"
2024-02-01,2024-02,1813,North,Pro,Active,50.00,50.00,0,0,0.00,"Clean Transaction"
2024-02-01,2024-02,1814,West,Pro,Active,50.00,50.00,0,0,0.00,"Clean Transaction"
2024-02-01,2024-02,1815,West,Pro,Active,50.00,50.00,0,0,0.00,"Clean Transaction"
2024-02-01,2024-02,1816,North,Pro,Active,50.00,50.00,0,0,0.00,"Clean Transaction"
2024-02-01,2024-02,1817,North,Enterprise,Active,200.00,200.00,0,0,0.00,"Clean Transaction"
2024-02-01,2024-02,1818,East,Pro,Active,50.00,0.00,1,0,50.00,"Unpaid Invoice"
2024-02-01,2024-02,1819,West,Enterprise,Cancelled,200.00,200.00,0,0,0.00,"Clean Transaction"
2024-02-01,2024-02,1820,North,Basic,Active,10.00,10.00,0,0,0.00,"Clean Transaction"
2024-02-01,2024-02,1821,East,Basic,Active,10.00,10.00,0,0,0.00,"Clean Transaction"
2024-02-01,2024-02,1822,West,Basic,Active,10.00,10.00,0,0,0.00,"Clean Transaction"
2024-02-01,2024-02,1823,South,Enterprise,Active,200.00,200.00,0,0,0.00,"Clean Transaction"
2024-02-01,2024-02,1824,East,Pro,Active,50.00,50.00,0,0,0.00,"Clean Transaction"
2024-02-01,2024-02,1825,West,Pro,Active,50.00,50.00,0,0,0.00,"Clean Transaction"
2024-02-01,2024-02,1826,West,Enterprise,Active,200.00,194.19,0,0,5.81,"Partial Payment"
2024-02-01,2024-02,1827,East,Enterprise,Active,200.00,200.00,0,0,0.00,"Clean Transaction"
2024-02-01,2024-02,1828,South,Pro,Active,50.00,50.00,0,0,0.00,"Clean Transaction"
2024-02-01,2024-02,1829,East,Enterprise,Active,200.00,200.00,0,0,0.00,"Clean Transaction"
2024-02-01,2024-02,1830,West,Basic,Active,10.00,10.00,0,0,0.00,"Clean Transaction"
2024-02-01,2024-02,1831,North,Pro,Active,50.00,50.00,0,0,0.00,"Clean Transaction"
2024-02-01,2024-02,1832,North,Pro,Active,50.00,0.00,1,0,50.00,"Unpaid Invoice"
2024-02-01,2024-02,1833,East,Enterprise,Active,200.00,200.00,0,0,0.00,"Clean Transaction"
2024-02-01,2024-02,1834,West,Enterprise,Active,200.00,200.00,0,0,0.00,"Clean Transaction"
2024-02-01,2024-02,1835,North,Pro,Active,50.00,50.00,0,0,0.00,"Clean Transaction"
2024-02-01,2024-02,1836,West,Basic,Active,10.00,10.00,0,0,0.00,"Clean Transaction"
2024-02-01,2024-02,1837,East,Basic,Active,10.00,10.00,0,0,0.00,"Clean Transaction"
2024-02-01,2024-02,1838,North,Basic,Active,10.00,10.00,0,0,0.00,"Clean Transaction"
2024-02-01,2024-02,1839,West,Enterprise,Active,200.00,200.00,0,0,0.00,"Clean Transaction"
2024-02-01,2024-02,1841,East,Pro,Active,50.00,50.00,0,0,0.00,"Clean Transaction"
2024-02-01,2024-02,1842,West,Pro,Active,50.00,50.00,0,0,0.00,"Clean Transaction"
2024-02-01,2024-02,1843,North,Pro,Active,50.00,50.00,0,0,0.00,"Clean Transaction"
2024-02-01,2024-02,1844,East,Pro,Active,50.00,50.00,0,0,0.00,"Clean Transaction"
2024-02-01,2024-02,1845,North,Pro,Active,50.00,50.00,0,0,0.00,"Clean Transaction"
2024-02-01,2024-02,1846,North,Basic,Active,10.00,10.00,0,0,0.00,"Clean Transaction"
2024-02-01,2024-02,1847,South,Pro,Active,50.00,50.00,0,0,0.00,"Clean Transaction"
2024-02-01,2024-02,1848,South,Pro,Active,50.00,50.00,0,0,0.00,"Clean Transaction"
2024-02-01,2024-02,1849,East,Pro,Active,50.00,50.00,0,0,0.00,"Clean Transaction"
2024-02-01,2024-02,1850,South,Basic,Cancelled,10.00,0.00,1,0,10.00,"Unpaid Invoice"
2024-02-01,2024-02,1851,East,Basic,Active,10.00,10.00,0,0,0.00,"Clean Transaction"
2024-02-01,2024-02,1852,South,Pro,Active,50.00,50.00,0,0,0.00,"Clean Transaction"
2024-02-01,2024-02,1853,North,Pro,Active,50.00,50.00,0,0,0.00,"Clean Transaction"
2024-02-01,2024-02,1854,East,Basic,Active,10.00,10.00,0,0,0.00,"Clean Transaction"
2024-02-01,2024-02,1855,East,Basic,Active,10.00,10.00,0,0,0.00,"Clean Transaction"
2024-02-01,2024-02,1856,North,Basic,Active,10.00,10.00,0,0,0.00,"Clean Transaction"
2024-02-01,2024-02,1857,East,Pro,Active,50.00,50.00,0,0,0.00,"Clean Transaction"
2024-02-01,2024-02,1858,East,Pro,Active,50.00,50.00,0,0,0.00,"Clean Transaction"
2024-02-01,2024-02,1859,South,Enterprise,Active,200.00,200.00,0,0,0.00,"Clean Transaction"
2024-02-01,2024-02,1860,East,Enterprise,Active,200.00,200.00,0,0,0.00,"Clean Transaction"
2024-02-01,2024-02,1861,West,Enterprise,Active,200.00,200.00,0,0,0.00,"Clean Transaction"
2024-02-01,2024-02,1862,North,Enterprise,Active,200.00,200.00,0,0,0.00,"Clean Transaction"
2024-02-01,2024-02,1863,South,Enterprise,Active,200.00,200.00,0,0,0.00,"Clean Transaction"
2024-02-01,2024-02,1864,South,Enterprise,Active,200.00,200.00,0,0,0.00,"Clean Transaction"
2024-02-01,2024-02,1865,West,Pro,Active,50.00,50.00,0,0,0.00,"Clean Transaction"
2024-02-01,2024-02,1866,North,Enterprise,Active,200.00,200.00,0,0,0.00,"Clean Transaction"
2024-02-01,2024-02,1867,North,Basic,Active,10.00,10.00,0,0,0.00,"Clean Transaction"
2024-02-01,2024-02,1868,South,Enterprise,Active,200.00,200.00,0,0,0.00,"Clean Transaction"
2024-02-01,2024-02,1869,East,Enterprise,Active,200.00,200.00,0,0,0.00,"Clean Transaction"
2024-02-01,2024-02,1870,South,Pro,Active,50.00,50.00,0,0,0.00,"Clean Transaction"
2024-02-01,2024-02,1871,North,Enterprise,Active,200.00,200.00,0,0,0.00,"Clean Transaction"
2024-02-01,2024-02,1872,West,Basic,Active,10.00,10.00,0,0,0.00,"Clean Transaction"
2024-02-01,2024-02,1873,South,Basic,Active,10.00,10.00,0,0,0.00,"Clean Transaction"
2024-02-01,2024-02,1874,North,Pro,Active,50.00,50.00,0,0,0.00,"Clean Transaction"
2024-02-01,2024-02,1875,South,Basic,Active,10.00,10.00,0,0,0.00,"Clean Transaction"
2024-02-01,2024-02,1876,East,Enterprise,Active,200.00,200.00,0,0,0.00,"Clean Transaction"
2024-02-01,2024-02,1877,South,Pro,Active,50.00,50.00,0,0,0.00,"Clean Transaction"
2024-02-01,2024-02,1878,South,Pro,Active,50.00,50.00,0,0,0.00,"Clean Transaction"
2024-02-01,2024-02,1879,North,Basic,Active,10.00,10.00,0,0,0.00,"Clean Transaction"
2024-02-01,2024-02,1880,North,Basic,Cancelled,10.00,10.00,0,0,0.00,"Clean Transaction"
2024-02-01,2024-02,1881,North,Pro,Active,50.00,50.00,0,0,0.00,"Clean Transaction"
2024-02-01,2024-02,1882,South,Basic,Active,10.00,9.57,0,0,0.43,"Partial Payment"
2024-02-01,2024-02,1883,East,Pro,Cancelled,50.00,50.00,0,0,0.00,"Clean Transaction"
2024-02-01,2024-02,1884,West,Basic,Active,10.00,9.20,0,0,0.80,"Partial Payment"
2024-02-01,2024-02,1885,West,Basic,Active,10.00,10.00,0,0,0.00,"Clean Transaction"
2024-02-01,2024-02,1886,North,Basic,Active,10.00,10.00,0,0,0.00,"Clean Transaction"
2024-02-01,2024-02,1887,North,Pro,Active,50.00,50.00,0,0,0.00,"Clean Transaction"
2024-02-01,2024-02,1888,South,Basic,Active,10.00,10.00,0,0,0.00,"Clean Transaction"
2024-02-01,2024-02,1889,West,Enterprise,Active,200.00,200.00,0,0,0.00,"Clean Transaction"
2024-02-01,2024-02,1890,North,Pro,Active,50.00,50.00,0,0,0.00,"Clean Transaction"
2024-02-01,2024-02,1891,East,Enterprise,Cancelled,200.00,200.00,0,0,0.00,"Clean Transaction"
2024-02-01,2024-02,1892,East,Enterprise,Active,200.00,200.00,0,0,0.00,"Clean Transaction"
2024-02-01,2024-02,1893,North,Enterprise,Active,200.00,200.00,0,0,0.00,"Clean Transaction"
2024-02-01,2024-02,1894,North,Pro,Active,50.00,50.00,0,0,0.00,"Clean Transaction"
2024-02-01,2024-02,1895,West,Basic,Cancelled,10.00,10.00,0,0,0.00,"Clean Transaction"
2024-02-01,2024-02,1896,West,Enterprise,Active,200.00,200.00,0,0,0.00,"Clean Transaction"
2024-02-01,2024-02,1897,South,Basic,Cancelled,10.00,10.00,0,0,0.00,"Clean Transaction"
2024-02-01,2024-02,1898,West,Pro,Active,50.00,50.00,0,0,0.00,"Clean Transaction"
2024-02-01,2024-02,1899,East,Enterprise,Active,200.00,200.00,0,0,0.00,"Clean Transaction"
2024-02-01,2024-02,1900,East,Pro,Active,50.00,50.00,0,0,0.00,"Clean Transaction"
2024-02-01,2024-02,1901,North,Enterprise,Active,200.00,200.00,0,0,0.00,"Clean Transaction"
2024-02-01,2024-02,1902,West,Basic,Active,10.00,10.00,0,0,0.00,"Clean Transaction"
2024-02-01,2024-02,1903,South,Pro,Active,50.00,50.00,0,0,0.00,"Clean Transaction"
2024-02-01,2024-02,1904,East,Pro,Active,50.00,50.00,0,0,0.00,"Clean Transaction"
2024-02-01,2024-02,1905,East,Pro,Active,50.00,50.00,0,0,0.00,"Clean Transaction"
2024-02-01,2024-02,1906,South,Basic,Active,10.00,10.00,0,0,0.00,"Clean Transaction"
2024-02-01,2024-02,1907,South,Enterprise,Active,200.00,200.00,0,0,0.00,"Clean Transaction"
2024-02-01,2024-02,1908,East,Basic,Active,10.00,10.00,0,0,0.00,"Clean Transaction"
2024-02-01,2024-02,1909,East,Enterprise,Active,200.00,200.00,0,0,0.00,"Clean Transaction"
2024-02-01,2024-02,1910,South,Basic,Active,10.00,10.00,0,0,0.00,"Clean Transaction"
2024-02-01,2024-02,1911,East,Pro,Active,50.00,50.00,0,0,0.00,"Clean Transaction"
2024-02-01,2024-02,1912,North,Basic,Active,10.00,10.00,0,0,0.00,"Clean Transaction"
2024-02-01,2024-02,1913,North,Pro,Cancelled,50.00,50.00,0,0,0.00,"Clean Transaction"
2024-02-01,2024-02,1914,South,Basic,Active,10.00,10.00,0,0,0.00,"Clean Transaction"
2024-02-01,2024-02,1915,West,Pro,Cancelled,50.00,50.00,0,0,0.00,"Clean Transaction"
2024-02-01,2024-02,1916,South,Enterprise,Active,200.00,200.00,0,0,0.00,"Clean Transaction"
2024-02-01,2024-02,1917,South,Pro,Active,50.00,50.00,0,0,0.00,"Clean Transaction"
2024-02-01,2024-02,1918,West,Pro,Active,50.00,50.00,0,0,0.00,"Clean Transaction"
2024-02-01,2024-02,1919,West,Pro,Active,50.00,50.00,0,0,0.00,"Clean Transaction"
2024-02-01,2024-02,1920,West,Pro,Active,50.00,50.00,0,0,0.00,"Clean Transaction"
2024-02-01,2024-02,1921,North,Basic,Active,10.00,10.00,0,0,0.00,"Clean Transaction"
2024-02-01,2024-02,1922,East,Enterprise,Active,200.00,200.00,0,0,0.00,"Clean Transaction"
2024-02-01,2024-02,1923,North,Enterprise,Active,200.00,200.00,0,0,0.00,"Clean Transaction"
2024-02-01,2024-02,1924,East,Enterprise,Active,200.00,200.00,0,0,0.00,"Clean Transaction"
2024-02-01,2024-02,1925,North,Basic,Active,10.00,10.00,0,0,0.00,"Clean Transaction"
2024-02-01,2024-02,1926,East,Enterprise,Active,200.00,200.00,0,0,0.00,"Clean Transaction"
2024-02-01,2024-02,1927,North,Enterprise,Active,200.00,200.00,0,0,0.00,"Clean Transaction"
2024-02-01,2024-02,1928,West,Enterprise,Active,200.00,200.00,0,0,0.00,"Clean Transaction"
2024-02-01,2024-02,1929,South,Pro,Active,50.00,50.00,0,0,0.00,"Clean Transaction"
2024-02-01,2024-02,1930,North,Enterprise,Cancelled,200.00,200.00,0,0,0.00,"Clean Transaction"
2024-02-01,2024-02,1931,East,Basic,Active,10.00,10.00,0,0,0.00,"Clean Transaction"
2024-02-01,2024-02,1932,West,Pro,Active,50.00,50.00,0,0,0.00,"Clean Transaction"
2024-02-01,2024-02,1933,North,Pro,Active,50.00,50.00,0,0,0.00,"Clean Transaction"
2024-02-01,2024-02,1934,North,Enterprise,Active,200.00,200.00,0,0,0.00,"Clean Transaction"
2024-02-01,2024-02,1935,West,Enterprise,Active,200.00,200.00,0,0,0.00,"Clean Transaction"
2024-02-01,2024-02,1936,North,Pro,Active,50.00,50.00,0,0,0.00,"Clean Transaction"
2024-02-01,2024-02,1937,South,Basic,Active,10.00,10.00,0,0,0.00,"Clean Transaction"
2024-02-01,2024-02,1938,North,Pro,Cancelled,50.00,50.00,0,0,0.00,"Clean Transaction"
2024-02-01,2024-02,1939,South,Pro,Active,50.00,50.00,0,0,0.00,"Clean Transaction"
2024-02-01,2024-02,1940,South,Enterprise,Active,200.00,0.00,1,0,200.00,"Unpaid Invoice"
2024-02-01,2024-02,1941,West,Basic,Active,10.00,9.86,0,0,0.14,"Partial Payment"
2024-02-01,2024-02,1942,North,Basic,Active,10.00,10.00,0,0,0.00,"Clean Transaction"
2024-02-01,2024-02,1944,North,Enterprise,Active,200.00,200.00,0,0,0.00,"Clean Transaction"
2024-02-01,2024-02,1945,North,Enterprise,Cancelled,200.00,200.00,0,0,0.00,"Clean Transaction"
2024-02-01,2024-02,1946,East,Enterprise,Active,200.00,200.00,0,0,0.00,"Clean Transaction"
2024-02-01,2024-02,1947,North,Enterprise,Active,200.00,200.00,0,0,0.00,"Clean Transaction"
2024-02-01,2024-02,1948,West,Basic,Active,10.00,10.00,0,0,0.00,"Clean Transaction"
2024-02-01,2024-02,1949,South,Basic,Active,10.00,10.00,0,0,0.00,"Clean Transaction"
2024-02-01,2024-02,1950,North,Pro,Active,50.00,50.00,0,0,0.00,"Clean Transaction"
2024-02-01,2024-02,1951,East,Pro,Active,50.00,50.00,0,0,0.00,"Clean Transaction"
2024-02-01,2024-02,1952,West,Basic,Active,10.00,10.00,0,0,0.00,"Clean Transaction"
2024-02-01,2024-02,1953,North,Pro,Active,50.00,50.00,0,0,0.00,"Clean Transaction"
2024-02-01,2024-02,1954,West,Enterprise,Active,200.00,200.00,0,0,0.00,"Clean Transaction"
2024-02-01,2024-02,1955,East,Pro,Active,50.00,50.00,0,0,0.00,"Clean Transaction"
2024-02-01,2024-02,1956,East,Enterprise,Active,200.00,200.00,0,0,0.00,"Clean Transaction"
2024-02-01,2024-02,1957,West,Pro,Active,50.00,50.00,0,0,0.00,"Clean Transaction"
2024-02-01,2024-02,1958,North,Pro,Active,50.00,50.00,0,0,0.00,"Clean Transaction"
2024-02-01,2024-02,1959,South,Enterprise,Active,200.00,200.00,0,0,0.00,"Clean Transaction"
2024-02-01,2024-02,1960,East,Basic,Active,10.00,10.00,0,0,0.00,"Clean Transaction"
2024-02-01,2024-02,1961,North,Enterprise,Active,200.00,200.00,0,0,0.00,"Clean Transaction"
2024-02-01,2024-02,1962,North,Basic,Active,10.00,10.00,0,0,0.00,"Clean Transaction"
2024-02-01,2024-02,1963,South,Enterprise,Cancelled,200.00,200.00,0,0,0.00,"Clean Transaction"
2024-02-01,2024-02,1964,East,Enterprise,Active,200.00,200.00,0,0,0.00,"Clean Transaction"
2024-02-01,2024-02,1965,East,Enterprise,Active,200.00,200.00,0,0,0.00,"Clean Transaction"
2024-02-01,2024-02,1966,North,Basic,Active,10.00,10.00,0,0,0.00,"Clean Transaction"
2024-02-01,2024-02,1967,North,Enterprise,Active,200.00,200.00,0,0,0.00,"Clean Transaction"
2024-02-01,2024-02,1968,South,Enterprise,Active,200.00,200.00,0,0,0.00,"Clean Transaction"
2024-02-01,2024-02,1969,South,Enterprise,Active,200.00,200.00,0,0,0.00,"Clean Transaction"
2024-02-01,2024-02,1970,East,Basic,Active,10.00,10.00,0,0,0.00,"Clean Transaction"
2024-02-01,2024-02,1971,West,Pro,Cancelled,50.00,50.00,0,0,0.00,"Clean Transaction"
2024-02-01,2024-02,1972,East,Enterprise,Cancelled,200.00,200.00,0,0,0.00,"Clean Transaction"
2024-02-01,2024-02,1973,North,Basic,Active,10.00,10.00,0,0,0.00,"Clean Transaction"
2024-02-01,2024-02,1974,East,Enterprise,Active,200.00,200.00,0,0,0.00,"Clean Transaction"
2024-02-01,2024-02,1975,West,Pro,Active,50.00,50.00,0,0,0.00,"Clean Transaction"
2024-02-01,2024-02,1976,South,Basic,Active,10.00,10.00,0,0,0.00,"Clean Transaction"
2024-02-01,2024-02,1977,West,Pro,Active,50.00,50.00,0,0,0.00,"Clean Transaction"
2024-02-01,2024-02,1978,West,Enterprise,Active,200.00,200.00,0,0,0.00,"Clean Transaction"
2024-02-01,2024-02,1979,West,Enterprise,Active,200.00,200.00,0,0,0.00,"Clean Transaction"
2024-02-01,2024-02,1980,South,Enterprise,Active,200.00,200.00,0,0,0.00,"Clean Transaction"
2024-02-01,2024-02,1981,West,Basic,Active,10.00,10.00,0,0,0.00,"Clean Transaction"
2024-02-01,2024-02,1982,West,Basic,Active,10.00,10.00,0,0,0.00,"Clean Transaction"
2024-02-01,2024-02,1983,West,Pro,Cancelled,50.00,50.00,0,0,0.00,"Clean Transaction"
2024-02-01,2024-02,1984,North,Enterprise,Cancelled,200.00,200.00,0,0,0.00,"Clean Transaction"
2024-02-01,2024-02,1985,West,Enterprise,Active,200.00,200.00,0,0,0.00,"Clean Transaction"
2024-02-01,2024-02,1986,South,Enterprise,Cancelled,200.00,190.95,0,0,9.05,"Partial Payment"
2024-02-01,2024-02,1987,West,Basic,Active,10.00,10.00,0,0,0.00,"Clean Transaction"
2024-02-01,2024-02,1988,West,Enterprise,Active,200.00,200.00,0,0,0.00,"Clean Transaction"
2024-02-01,2024-02,1989,South,Basic,Active,10.00,10.00,0,0,0.00,"Clean Transaction"
2024-02-01,2024-02,1990,West,Enterprise,Active,200.00,200.00,0,0,0.00,"Clean Transaction"
2024-02-01,2024-02,1991,South,Basic,Cancelled,10.00,10.00,0,0,0.00,"Clean Transaction"
2024-02-01,2024-02,1992,West,Basic,Active,10.00,10.00,0,0,0.00,"Clean Transaction"
2024-02-01,2024-02,1993,South,Pro,Active,50.00,50.00,0,0,0.00,"Clean Transaction"
2024-02-01,2024-02,1994,West,Basic,Active,10.00,10.00,0,0,0.00,"Clean Transaction"
2024-02-01,2024-02,1995,West,Basic,Active,10.00,10.00,0,0,0.00,"Clean Transaction"
2024-02-01,2024-02,1996,North,Basic,Active,10.00,10.00,0,0,0.00,"Clean Transaction"
2024-02-01,2024-02,1997,North,Basic,Active,10.00,10.00,0,0,0.00,"Clean Transaction"
2024-02-01,2024-02,1998,West,Basic,Active,10.00,10.00,0,0,0.00,"Clean Transaction"
2024-02-01,2024-02,1999,West,Pro,Active,50.00,50.00,0,0,0.00,"Clean Transaction"
2024-02-01,2024-02,2000,East,Pro,Cancelled,50.00,50.00,0,0,0.00,"Clean Transaction"
2024-03-01,2024-03,1001,East,Basic,Cancelled,10.00,10.00,0,0,0.00,"Clean Transaction"
2024-03-01,2024-03,1002,West,Basic,Active,10.00,10.00,0,0,0.00,"Clean Transaction"
2024-03-01,2024-03,1003,North,Enterprise,Cancelled,200.00,195.17,0,0,4.83,"Partial Payment"
2024-03-01,2024-03,1004,East,Basic,Active,10.00,10.00,0,0,0.00,"Clean Transaction"
2024-03-01,2024-03,1005,East,Pro,Cancelled,50.00,50.00,0,0,0.00,"Clean Transaction"
2024-03-01,2024-03,1006,West,Basic,Cancelled,10.00,10.00,0,0,0.00,"Clean Transaction"
2024-03-01,2024-03,1007,North,Enterprise,Active,200.00,200.00,0,0,0.00,"Clean Transaction"
2024-03-01,2024-03,1008,North,Pro,Active,50.00,50.00,0,0,0.00,"Clean Transaction"
2024-03-01,2024-03,1009,East,Enterprise,Active,200.00,200.00,0,0,0.00,"Clean Transaction"
2024-03-01,2024-03,1010,South,Pro,Active,50.00,48.20,0,0,1.80,"Partial Payment"
2024-03-01,2024-03,1011,East,Basic,Active,10.00,10.00,0,0,0.00,"Clean Transaction"
2024-03-01,2024-03,1013,East,Basic,Active,10.00,10.00,0,0,0.00,"Clean Transaction"
2024-03-01,2024-03,1014,East,Basic,Active,10.00,10.00,0,0,0.00,"Clean Transaction"
2024-03-01,2024-03,1015,West,Basic,Active,10.00,10.00,0,0,0.00,"Clean Transaction"
2024-03-01,2024-03,1016,North,Basic,Active,10.00,10.00,0,0,0.00,"Clean Transaction"
2024-03-01,2024-03,1017,West,Pro,Active,50.00,0.00,1,0,50.00,"Unpaid Invoice"
2024-03-01,2024-03,1018,West,Pro,Active,50.00,50.00,0,0,0.00,"Clean Transaction"
2024-03-01,2024-03,1019,West,Enterprise,Active,200.00,200.00,0,0,0.00,"Clean Transaction"
2024-03-01,2024-03,1020,East,Pro,Active,50.00,50.00,0,0,0.00,"Clean Transaction"
2024-03-01,2024-03,1021,South,Pro,Active,50.00,50.00,0,0,0.00,"Clean Transaction"
2024-03-01,2024-03,1022,North,Basic,Active,10.00,10.00,0,0,0.00,"Clean Transaction"
2024-03-01,2024-03,1023,South,Enterprise,Active,200.00,200.00,0,0,0.00,"Clean Transaction"
2024-03-01,2024-03,1024,West,Pro,Active,50.00,50.00,0,0,0.00,"Clean Transaction"
2024-03-01,2024-03,1025,West,Enterprise,Active,200.00,200.00,0,0,0.00,"Clean Transaction"
2024-03-01,2024-03,1026,South,Pro,Active,50.00,50.00,0,0,0.00,"Clean Transaction"
2024-03-01,2024-03,1027,South,Pro,Active,50.00,50.00,0,0,0.00,"Clean Transaction"
2024-03-01,2024-03,1028,South,Enterprise,Active,200.00,200.00,0,0,0.00,"Clean Transaction"
2024-03-01,2024-03,1029,West,Basic,Active,10.00,10.00,0,0,0.00,"Clean Transaction"
2024-03-01,2024-03,1030,West,Enterprise,Active,200.00,200.00,0,0,0.00,"Clean Transaction"
2024-03-01,2024-03,1031,North,Basic,Active,10.00,10.00,0,0,0.00,"Clean Transaction"
2024-03-01,2024-03,1032,North,Pro,Active,50.00,50.00,0,0,0.00,"Clean Transaction"
2024-03-01,2024-03,1033,West,Pro,Cancelled,50.00,50.00,0,0,0.00,"Clean Transaction"
2024-03-01,2024-03,1034,South,Pro,Active,50.00,50.00,0,0,0.00,"Clean Transaction"
2024-03-01,2024-03,1035,South,Enterprise,Active,200.00,200.00,0,0,0.00,"Clean Transaction"
2024-03-01,2024-03,1036,North,Enterprise,Active,200.00,200.00,0,0,0.00,"Clean Transaction"
2024-03-01,2024-03,1037,West,Basic,Active,10.00,10.00,0,0,0.00,"Clean Transaction"
2024-03-01,2024-03,1038,North,Enterprise,Active,200.00,200.00,0,0,0.00,"Clean Transaction"
2024-03-01,2024-03,1039,North,Basic,Active,10.00,10.00,0,0,0.00,"Clean Transaction"
2024-03-01,2024-03,1040,East,Basic,Active,10.00,10.00,0,0,0.00,"Clean Transaction"
2024-03-01,2024-03,1041,East,Pro,Active,50.00,50.00,0,0,0.00,"Clean Transaction"
2024-03-01,2024-03,1043,South,Pro,Active,50.00,50.00,0,0,0.00,"Clean Transaction"
2024-03-01,2024-03,1044,West,Pro,Active,50.00,50.00,0,0,0.00,"Clean Transaction"
2024-03-01,2024-03,1045,West,Basic,Cancelled,10.00,10.00,0,0,0.00,"Clean Transaction"
2024-03-01,2024-03,1046,West,Enterprise,Cancelled,200.00,200.00,0,0,0.00,"Clean Transaction"
2024-03-01,2024-03,1048,East,Basic,Active,10.00,10.00,0,0,0.00,"Clean Transaction"
2024-03-01,2024-03,1049,South,Enterprise,Active,200.00,200.00,0,0,0.00,"Clean Transaction"
2024-03-01,2024-03,1050,South,Pro,Active,50.00,50.00,0,0,0.00,"Clean Transaction"
2024-03-01,2024-03,1051,East,Pro,Active,50.00,50.00,0,0,0.00,"Clean Transaction"
2024-03-01,2024-03,1052,South,Enterprise,Cancelled,200.00,200.00,0,0,0.00,"Clean Transaction"
2024-03-01,2024-03,1053,East,Enterprise,Active,200.00,200.00,0,0,0.00,"Clean Transaction"
2024-03-01,2024-03,1054,West,Basic,Active,10.00,10.00,0,0,0.00,"Clean Transaction"
2024-03-01,2024-03,1055,East,Enterprise,Active,200.00,200.00,0,0,0.00,"Clean Transaction"
2024-03-01,2024-03,1056,West,Enterprise,Active,200.00,200.00,0,0,0.00,"Clean Transaction"
2024-03-01,2024-03,1057,West,Enterprise,Active,200.00,200.00,0,0,0.00,"Clean Transaction"
2024-03-01,2024-03,1058,North,Pro,Active,50.00,50.00,0,0,0.00,"Clean Transaction"
2024-03-01,2024-03,1059,East,Basic,Active,10.00,10.00,0,0,0.00,"Clean Transaction"
2024-03-01,2024-03,1060,North,Pro,Active,50.00,50.00,0,0,0.00,"Clean Transaction"
2024-03-01,2024-03,1061,East,Pro,Active,50.00,50.00,0,0,0.00,"Clean Transaction"
2024-03-01,2024-03,1062,East,Pro,Active,50.00,50.00,0,0,0.00,"Clean Transaction"
2024-03-01,2024-03,1063,North,Basic,Active,10.00,10.00,0,0,0.00,"Clean Transaction"
2024-03-01,2024-03,1064,North,Basic,Active,10.00,10.00,0,0,0.00,"Clean Transaction"
2024-03-01,2024-03,1065,East,Pro,Active,50.00,50.00,0,0,0.00,"Clean Transaction"
2024-03-01,2024-03,1066,South,Basic,Active,10.00,10.00,0,0,0.00,"Clean Transaction"
2024-03-01,2024-03,1067,West,Pro,Active,50.00,50.00,0,0,0.00,"Clean Transaction"
2024-03-01,2024-03,1068,North,Enterprise,Active,200.00,183.94,0,0,16.06,"Partial Payment"
2024-03-01,2024-03,1069,West,Enterprise,Active,200.00,200.00,0,0,0.00,"Clean Transaction"
2024-03-01,2024-03,1070,South,Enterprise,Active,200.00,200.00,0,0,0.00,"Clean Transaction"
2024-03-01,2024-03,1071,South,Enterprise,Active,200.00,200.00,0,0,0.00,"Clean Transaction"
2024-03-01,2024-03,1072,South,Enterprise,Cancelled,200.00,200.00,0,0,0.00,"Clean Transaction"
2024-03-01,2024-03,1073,North,Enterprise,Active,200.00,200.00,0,0,0.00,"Clean Transaction"
2024-03-01,2024-03,1074,South,Basic,Cancelled,10.00,10.00,0,0,0.00,"Clean Transaction"
2024-03-01,2024-03,1075,North,Enterprise,Active,200.00,200.00,0,0,0.00,"Clean Transaction"
2024-03-01,2024-03,1076,South,Enterprise,Active,200.00,200.00,0,0,0.00,"Clean Transaction"
2024-03-01,2024-03,1077,West,Basic,Active,10.00,10.00,0,0,0.00,"Clean Transaction"
2024-03-01,2024-03,1078,West,Pro,Active,50.00,50.00,0,0,0.00,"Clean Transaction"
2024-03-01,2024-03,1079,East,Basic,Active,10.00,10.00,0,0,0.00,"Clean Transaction"
2024-03-01,2024-03,1080,West,Enterprise,Active,200.00,200.00,0,0,0.00,"Clean Transaction"
2024-03-01,2024-03,1081,East,Pro,Active,50.00,50.00,0,0,0.00,"Clean Transaction"
2024-03-01,2024-03,1082,West,Basic,Active,10.00,10.00,0,0,0.00,"Clean Transaction"
2024-03-01,2024-03,1083,North,Pro,Cancelled,50.00,50.00,0,0,0.00,"Clean Transaction"
2024-03-01,2024-03,1084,West,Pro,Cancelled,50.00,50.00,0,0,0.00,"Clean Transaction"
2024-03-01,2024-03,1085,East,Basic,Active,10.00,10.00,0,0,0.00,"Clean Transaction"
2024-03-01,2024-03,1086,East,Basic,Active,10.00,10.00,0,0,0.00,"Clean Transaction"
2024-03-01,2024-03,1087,South,Pro,Active,50.00,50.00,0,0,0.00,"Clean Transaction"
2024-03-01,2024-03,1088,North,Pro,Active,50.00,46.30,0,0,3.70,"Partial Payment"
2024-03-01,2024-03,1089,West,Basic,Active,10.00,10.00,0,0,0.00,"Clean Transaction"
2024-03-01,2024-03,1090,South,Pro,Active,50.00,50.00,0,0,0.00,"Clean Transaction"
2024-03-01,2024-03,1091,West,Basic,Active,10.00,10.00,0,0,0.00,"Clean Transaction"
2024-03-01,2024-03,1092,West,Basic,Active,10.00,10.00,0,0,0.00,"Clean Transaction"
2024-03-01,2024-03,1093,South,Pro,Active,50.00,50.00,0,0,0.00,"Clean Transaction"
2024-03-01,2024-03,1094,South,Basic,Active,10.00,10.00,0,0,0.00,"Clean Transaction"
2024-03-01,2024-03,1095,South,Pro,Active,50.00,50.00,0,0,0.00,"Clean Transaction"
2024-03-01,2024-03,1096,South,Pro,Active,50.00,50.00,0,0,0.00,"Clean Transaction"
2024-03-01,2024-03,1097,South,Enterprise,Active,200.00,200.00,0,0,0.00,"Clean Transaction"
2024-03-01,2024-03,1098,West,Enterprise,Active,200.00,200.00,0,0,0.00,"Clean Transaction"
2024-03-01,2024-03,1099,South,Enterprise,Active,200.00,200.00,0,0,0.00,"Clean Transaction"
2024-03-01,2024-03,1100,North,Basic,Active,10.00,10.00,0,0,0.00,"Clean Transaction"
2024-03-01,2024-03,1101,East,Enterprise,Active,200.00,200.00,0,0,0.00,"Clean Transaction"
2024-03-01,2024-03,1102,South,Enterprise,Active,200.00,200.00,0,0,0.00,"Clean Transaction"
2024-03-01,2024-03,1103,South,Enterprise,Active,200.00,200.00,0,0,0.00,"Clean Transaction"
2024-03-01,2024-03,1104,West,Enterprise,Active,200.00,200.00,0,0,0.00,"Clean Transaction"
2024-03-01,2024-03,1105,South,Pro,Active,50.00,50.00,0,0,0.00,"Clean Transaction"
2024-03-01,2024-03,1106,South,Basic,Active,10.00,10.00,0,0,0.00,"Clean Transaction"
2024-03-01,2024-03,1107,South,Basic,Active,10.00,10.00,0,0,0.00,"Clean Transaction"
2024-03-01,2024-03,1108,West,Pro,Active,50.00,50.00,0,0,0.00,"Clean Transaction"
2024-03-01,2024-03,1109,South,Pro,Active,50.00,50.00,0,0,0.00,"Clean Transaction"
2024-03-01,2024-03,1110,East,Basic,Active,10.00,10.00,0,0,0.00,"Clean Transaction"
2024-03-01,2024-03,1111,West,Enterprise,Active,200.00,200.00,0,0,0.00,"Clean Transaction"
2024-03-01,2024-03,1112,East,Enterprise,Active,200.00,0.00,1,0,200.00,"Unpaid Invoice"
2024-03-01,2024-03,1113,West,Basic,Active,10.00,10.00,0,0,0.00,"Clean Transaction"
2024-03-01,2024-03,1114,South,Basic,Active,10.00,10.00,0,0,0.00,"Clean Transaction"
2024-03-01,2024-03,1115,East,Enterprise,Cancelled,200.00,200.00,0,0,0.00,"Clean Transaction"
2024-03-01,2024-03,1116,West,Enterprise,Active,200.00,200.00,0,0,0.00,"Clean Transaction"
2024-03-01,2024-03,1117,North,Pro,Active,50.00,50.00,0,0,0.00,"Clean Transaction"
2024-03-01,2024-03,1118,South,Enterprise,Active,200.00,200.00,0,0,0.00,"Clean Transaction"
2024-03-01,2024-03,1119,West,Pro,Active,50.00,50.00,0,0,0.00,"Clean Transaction"
2024-03-01,2024-03,1120,North,Pro,Active,50.00,50.00,0,0,0.00,"Clean Transaction"
2024-03-01,2024-03,1121,West,Enterprise,Active,200.00,200.00,0,0,0.00,"Clean Transaction"
2024-03-01,2024-03,1122,North,Basic,Active,10.00,10.00,0,0,0.00,"Clean Transaction"
2024-03-01,2024-03,1123,South,Enterprise,Active,200.00,200.00,0,0,0.00,"Clean Transaction"
2024-03-01,2024-03,1124,East,Basic,Cancelled,10.00,10.00,0,0,0.00,"Clean Transaction"
2024-03-01,2024-03,1125,North,Pro,Active,50.00,50.00,0,0,0.00,"Clean Transaction"
2024-03-01,2024-03,1126,West,Basic,Active,10.00,10.00,0,0,0.00,"Clean Transaction"
2024-03-01,2024-03,1127,South,Pro,Active,50.00,50.00,0,0,0.00,"Clean Transaction"
2024-03-01,2024-03,1128,North,Enterprise,Active,200.00,200.00,0,0,0.00,"Clean Transaction"
2024-03-01,2024-03,1129,West,Basic,Active,10.00,10.00,0,0,0.00,"Clean Transaction"
2024-03-01,2024-03,1130,West,Pro,Cancelled,50.00,50.00,0,0,0.00,"Clean Transaction"
2024-03-01,2024-03,1131,West,Pro,Active,50.00,50.00,0,0,0.00,"Clean Transaction"
2024-03-01,2024-03,1132,North,Pro,Active,50.00,50.00,0,0,0.00,"Clean Transaction"
2024-03-01,2024-03,1133,North,Enterprise,Active,200.00,200.00,0,0,0.00,"Clean Transaction"
2024-03-01,2024-03,1134,North,Enterprise,Active,200.00,200.00,0,0,0.00,"Clean Transaction"
2024-03-01,2024-03,1135,East,Enterprise,Active,200.00,200.00,0,0,0.00,"Clean Transaction"
2024-03-01,2024-03,1136,North,Basic,Active,10.00,10.00,0,0,0.00,"Clean Transaction"
2024-03-01,2024-03,1137,North,Basic,Active,10.00,10.00,0,0,0.00,"Clean Transaction"
2024-03-01,2024-03,1138,North,Enterprise,Active,200.00,200.00,0,0,0.00,"Clean Transaction"
2024-03-01,2024-03,1139,East,Pro,Active,50.00,50.00,0,0,0.00,"Clean Transaction"
2024-03-01,2024-03,1140,North,Basic,Active,10.00,10.00,0,0,0.00,"Clean Transaction"
2024-03-01,2024-03,1141,West,Pro,Active,50.00,50.00,0,0,0.00,"Clean Transaction"
2024-03-01,2024-03,1142,North,Basic,Cancelled,10.00,10.00,0,0,0.00,"Clean Transaction"
2024-03-01,2024-03,1143,West,Basic,Active,10.00,10.00,0,0,0.00,"Clean Transaction"
2024-03-01,2024-03,1144,West,Enterprise,Active,200.00,200.00,0,0,0.00,"Clean Transaction"
2024-03-01,2024-03,1145,West,Basic,Active,10.00,10.00,0,0,0.00,"Clean Transaction"
2024-03-01,2024-03,1146,East,Enterprise,Cancelled,200.00,196.51,0,0,3.49,"Partial Payment"
2024-03-01,2024-03,1147,East,Enterprise,Active,200.00,200.00,0,0,0.00,"Clean Transaction"
2024-03-01,2024-03,1148,East,Pro,Active,50.00,50.00,0,0,0.00,"Clean Transaction"
2024-03-01,2024-03,1149,North,Pro,Active,50.00,50.00,0,0,0.00,"Clean Transaction"
2024-03-01,2024-03,1150,West,Basic,Active,10.00,10.00,0,0,0.00,"Clean Transaction"
2024-03-01,2024-03,1151,East,Pro,Active,50.00,50.00,0,0,0.00,"Clean Transaction"
2024-03-01,2024-03,1152,East,Pro,Active,50.00,50.00,0,0,0.00,"Clean Transaction"
2024-03-01,2024-03,1153,North,Enterprise,Active,200.00,200.00,0,0,0.00,"Clean Transaction"
2024-03-01,2024-03,1154,East,Enterprise,Active,200.00,200.00,0,0,0.00,"Clean Transaction"
2024-03-01,2024-03,1155,North,Basic,Active,10.00,10.00,0,0,0.00,"Clean Transaction"
2024-03-01,2024-03,1156,South,Pro,Active,50.00,46.04,0,0,3.96,"Partial Payment"
2024-03-01,2024-03,1157,East,Enterprise,Active,200.00,200.00,0,0,0.00,"Clean Transaction"
2024-03-01,2024-03,1158,South,Pro,Active,50.00,50.00,0,0,0.00,"Clean Transaction"
2024-03-01,2024-03,1159,North,Pro,Active,50.00,50.00,0,0,0.00,"Clean Transaction"
2024-03-01,2024-03,1160,West,Basic,Active,10.00,10.00,0,0,0.00,"Clean Transaction"
2024-03-01,2024-03,1161,East,Enterprise,Active,200.00,200.00,0,0,0.00,"Clean Transaction"
2024-03-01,2024-03,1162,North,Basic,Active,10.00,10.00,0,0,0.00,"Clean Transaction"
2024-03-01,2024-03,1163,West,Basic,Active,10.00,10.00,0,0,0.00,"Clean Transaction"
2024-03-01,2024-03,1165,South,Basic,Active,10.00,10.00,0,0,0.00,"Clean Transaction"
2024-03-01,2024-03,1166,North,Pro,Active,50.00,50.00,0,0,0.00,"Clean Transaction"
2024-03-01,2024-03,1168,East,Pro,Active,50.00,50.00,0,0,0.00,"Clean Transaction"
2024-03-01,2024-03,1169,East,Pro,Active,50.00,50.00,0,0,0.00,"Clean Transaction"
2024-03-01,2024-03,1170,South,Pro,Active,50.00,0.00,1,0,50.00,"Unpaid Invoice"
2024-03-01,2024-03,1171,West,Pro,Active,50.00,50.00,0,0,0.00,"Clean Transaction"
2024-03-01,2024-03,1172,North,Pro,Active,50.00,50.00,0,0,0.00,"Clean Transaction"
2024-03-01,2024-03,1173,East,Basic,Active,10.00,10.00,0,0,0.00,"Clean Transaction"
2024-03-01,2024-03,1174,West,Basic,Active,10.00,10.00,0,0,0.00,"Clean Transaction"
2024-03-01,2024-03,1175,West,Pro,Active,50.00,50.00,0,0,0.00,"Clean Transaction"
2024-03-01,2024-03,1176,South,Pro,Active,50.00,50.00,0,0,0.00,"Clean Transaction"
2024-03-01,2024-03,1177,East,Pro,Active,50.00,46.53,0,0,3.47,"Partial Payment"
2024-03-01,2024-03,1178,East,Basic,Active,10.00,10.00,0,0,0.00,"Clean Transaction"
2024-03-01,2024-03,1179,North,Pro,Active,50.00,50.00,0,0,0.00,"Clean Transaction"
2024-03-01,2024-03,1180,East,Basic,Active,10.00,10.00,0,0,0.00,"Clean Transaction"
2024-03-01,2024-03,1181,North,Basic,Active,10.00,10.00,0,0,0.00,"Clean Transaction"
2024-03-01,2024-03,1182,East,Basic,Active,10.00,9.85,0,0,0.15,"Partial Payment"
2024-03-01,2024-03,1183,South,Pro,Active,50.00,50.00,0,0,0.00,"Clean Transaction"
2024-03-01,2024-03,1184,East,Basic,Active,10.00,10.00,0,0,0.00,"Clean Transaction"
2024-03-01,2024-03,1185,North,Basic,Active,10.00,10.00,0,0,0.00,"Clean Transaction"
2024-03-01,2024-03,1186,North,Pro,Active,50.00,50.00,0,0,0.00,"Clean Transaction"
2024-03-01,2024-03,1187,South,Pro,Active,50.00,50.00,0,0,0.00,"Clean Transaction"
2024-03-01,2024-03,1188,East,Basic,Active,10.00,10.00,0,0,0.00,"Clean Transaction"
2024-03-01,2024-03,1189,East,Basic,Active,10.00,10.00,0,0,0.00,"Clean Transaction"
2024-03-01,2024-03,1190,South,Enterprise,Active,200.00,200.00,0,0,0.00,"Clean Transaction"
2024-03-01,2024-03,1191,East,Enterprise,Active,200.00,0.00,1,0,200.00,"Unpaid Invoice"
2024-03-01,2024-03,1192,East,Enterprise,Active,200.00,200.00,0,0,0.00,"Clean Transaction"
2024-03-01,2024-03,1193,North,Pro,Active,50.00,50.00,0,0,0.00,"Clean Transaction"
2024-03-01,2024-03,1194,East,Pro,Active,50.00,50.00,0,0,0.00,"Clean Transaction"
2024-03-01,2024-03,1195,East,Enterprise,Active,200.00,200.00,0,0,0.00,"Clean Transaction"
2024-03-01,2024-03,1196,South,Pro,Cancelled,50.00,50.00,0,0,0.00,"Clean Transaction"
2024-03-01,2024-03,1197,South,Basic,Active,10.00,9.25,0,0,0.75,"Partial Payment"
2024-03-01,2024-03,1198,West,Basic,Active,10.00,10.00,0,0,0.00,"Clean Transaction"
2024-03-01,2024-03,1199,North,Pro,Active,50.00,50.00,0,0,0.00,"Clean Transaction"
2024-03-01,2024-03,1200,East,Enterprise,Active,200.00,200.00,0,0,0.00,"Clean Transaction"
2024-03-01,2024-03,1203,East,Basic,Cancelled,10.00,10.00,0,0,0.00,"Clean Transaction"
2024-03-01,2024-03,1204,North,Enterprise,Active,200.00,200.00,0,0,0.00,"Clean Transaction"
2024-03-01,2024-03,1205,West,Pro,Active,50.00,50.00,0,0,0.00,"Clean Transaction"
2024-03-01,2024-03,1206,North,Enterprise,Active,200.00,200.00,0,0,0.00,"Clean Transaction"
2024-03-01,2024-03,1207,West,Basic,Active,10.00,10.00,0,0,0.00,"Clean Transaction"
2024-03-01,2024-03,1208,West,Basic,Active,10.00,10.00,0,0,0.00,"Clean Transaction"
2024-03-01,2024-03,1209,South,Enterprise,Active,200.00,200.00,0,0,0.00,"Clean Transaction"
2024-03-01,2024-03,1210,North,Basic,Active,10.00,10.00,0,0,0.00,"Clean Transaction"
2024-03-01,2024-03,1211,East,Enterprise,Cancelled,200.00,200.00,0,0,0.00,"Clean Transaction"
2024-03-01,2024-03,1212,East,Basic,Active,10.00,10.00,0,0,0.00,"Clean Transaction"
2024-03-01,2024-03,1213,North,Pro,Active,50.00,50.00,0,0,0.00,"Clean Transaction"
2024-03-01,2024-03,1214,East,Basic,Active,10.00,10.00,0,0,0.00,"Clean Transaction"
2024-03-01,2024-03,1215,East,Enterprise,Active,200.00,200.00,0,0,0.00,"Clean Transaction"
2024-03-01,2024-03,1216,North,Pro,Active,50.00,50.00,0,0,0.00,"Clean Transaction"
2024-03-01,2024-03,1217,West,Pro,Active,50.00,50.00,0,0,0.00,"Clean Transaction"
2024-03-01,2024-03,1218,North,Basic,Active,10.00,10.00,0,0,0.00,"Clean Transaction"
2024-03-01,2024-03,1219,West,Enterprise,Active,200.00,200.00,0,0,0.00,"Clean Transaction"
2024-03-01,2024-03,1220,East,Pro,Active,50.00,50.00,0,0,0.00,"Clean Transaction"
2024-03-01,2024-03,1221,East,Pro,Active,50.00,50.00,0,0,0.00,"Clean Transaction"
2024-03-01,2024-03,1222,East,Enterprise,Active,200.00,200.00,0,0,0.00,"Clean Transaction"
2024-03-01,2024-03,1223,South,Basic,Active,10.00,10.00,0,0,0.00,"Clean Transaction"
2024-03-01,2024-03,1224,West,Basic,Active,10.00,10.00,0,0,0.00,"Clean Transaction"
2024-03-01,2024-03,1225,South,Pro,Active,50.00,50.00,0,0,0.00,"Clean Transaction"
2024-03-01,2024-03,1226,South,Pro,Active,50.00,50.00,0,0,0.00,"Clean Transaction"
2024-03-01,2024-03,1227,North,Basic,Cancelled,10.00,10.00,0,0,0.00,"Clean Transaction"
2024-03-01,2024-03,1228,South,Enterprise,Active,200.00,195.19,0,0,4.81,"Partial Payment"
2024-03-01,2024-03,1230,North,Basic,Cancelled,10.00,10.00,0,0,0.00,"Clean Transaction"
2024-03-01,2024-03,1231,South,Enterprise,Active,200.00,200.00,0,0,0.00,"Clean Transaction"
2024-03-01,2024-03,1232,West,Basic,Active,10.00,10.00,0,0,0.00,"Clean Transaction"
2024-03-01,2024-03,1233,West,Basic,Active,10.00,10.00,0,0,0.00,"Clean Transaction"
2024-03-01,2024-03,1234,West,Pro,Active,50.00,50.00,0,0,0.00,"Clean Transaction"
2024-03-01,2024-03,1235,West,Pro,Active,50.00,50.00,0,0,0.00,"Clean Transaction"
2024-03-01,2024-03,1236,West,Basic,Cancelled,10.00,10.00,0,0,0.00,"Clean Transaction"
2024-03-01,2024-03,1237,South,Basic,Active,10.00,9.54,0,0,0.46,"Partial Payment"
2024-03-01,2024-03,1238,South,Enterprise,Active,200.00,200.00,0,0,0.00,"Clean Transaction"
2024-03-01,2024-03,1239,East,Pro,Active,50.00,50.00,0,0,0.00,"Clean Transaction"
2024-03-01,2024-03,1240,West,Enterprise,Active,200.00,200.00,0,0,0.00,"Clean Transaction"
2024-03-01,2024-03,1241,South,Basic,Active,10.00,10.00,0,0,0.00,"Clean Transaction"
2024-03-01,2024-03,1242,East,Basic,Cancelled,10.00,10.00,0,0,0.00,"Clean Transaction"
2024-03-01,2024-03,1243,West,Enterprise,Active,200.00,200.00,0,0,0.00,"Clean Transaction"
2024-03-01,2024-03,1244,North,Enterprise,Active,200.00,200.00,0,0,0.00,"Clean Transaction"
2024-03-01,2024-03,1245,East,Basic,Active,10.00,10.00,0,0,0.00,"Clean Transaction"
2024-03-01,2024-03,1246,South,Pro,Active,50.00,50.00,0,0,0.00,"Clean Transaction"
2024-03-01,2024-03,1247,North,Enterprise,Cancelled,200.00,200.00,0,0,0.00,"Clean Transaction"
2024-03-01,2024-03,1248,North,Pro,Active,50.00,50.00,0,0,0.00,"Clean Transaction"
2024-03-01,2024-03,1249,North,Enterprise,Active,200.00,200.00,0,0,0.00,"Clean Transaction"
2024-03-01,2024-03,1250,East,Basic,Active,10.00,10.00,0,0,0.00,"Clean Transaction"
2024-03-01,2024-03,1251,South,Enterprise,Active,200.00,200.00,0,0,0.00,"Clean Transaction"
2024-03-01,2024-03,1252,North,Basic,Active,10.00,10.00,0,0,0.00,"Clean Transaction"
2024-03-01,2024-03,1253,West,Basic,Active,10.00,10.00,0,0,0.00,"Clean Transaction"
2024-03-01,2024-03,1254,North,Enterprise,Active,200.00,193.10,0,0,6.90,"Partial Payment"
2024-03-01,2024-03,1255,North,Basic,Active,10.00,10.00,0,0,0.00,"Clean Transaction"
2024-03-01,2024-03,1256,East,Pro,Active,50.00,50.00,0,0,0.00,"Clean Transaction"
2024-03-01,2024-03,1257,East,Basic,Active,10.00,10.00,0,0,0.00,"Clean Transaction"
2024-03-01,2024-03,1258,South,Pro,Active,50.00,50.00,0,0,0.00,"Clean Transaction"
2024-03-01,2024-03,1259,West,Enterprise,Active,200.00,200.00,0,0,0.00,"Clean Transaction"
2024-03-01,2024-03,1260,East,Pro,Active,50.00,50.00,0,0,0.00,"Clean Transaction"
2024-03-01,2024-03,1261,North,Basic,Active,10.00,10.00,0,0,0.00,"Clean Transaction"
2024-03-01,2024-03,1262,South,Pro,Cancelled,50.00,50.00,0,0,0.00,"Clean Transaction"
2024-03-01,2024-03,1263,North,Enterprise,Active,200.00,190.73,0,0,9.27,"Partial Payment"
2024-03-01,2024-03,1264,North,Enterprise,Active,200.00,200.00,0,0,0.00,"Clean Transaction"
2024-03-01,2024-03,1265,East,Enterprise,Active,200.00,200.00,0,0,0.00,"Clean Transaction"
2024-03-01,2024-03,1266,South,Basic,Active,10.00,10.00,0,0,0.00,"Clean Transaction"
2024-03-01,2024-03,1267,West,Basic,Active,10.00,10.00,0,0,0.00,"Clean Transaction"
2024-03-01,2024-03,1268,West,Basic,Active,10.00,10.00,0,0,0.00,"Clean Transaction"
2024-03-01,2024-03,1269,East,Enterprise,Active,200.00,200.00,0,0,0.00,"Clean Transaction"
2024-03-01,2024-03,1270,East,Basic,Active,10.00,10.00,0,0,0.00,"Clean Transaction"
2024-03-01,2024-03,1271,South,Enterprise,Active,200.00,200.00,0,0,0.00,"Clean Transaction"
2024-03-01,2024-03,1272,West,Pro,Active,50.00,50.00,0,0,0.00,"Clean Transaction"
2024-03-01,2024-03,1273,West,Pro,Active,50.00,50.00,0,0,0.00,"Clean Transaction"
2024-03-01,2024-03,1274,West,Pro,Active,50.00,50.00,0,0,0.00,"Clean Transaction"
2024-03-01,2024-03,1275,North,Enterprise,Active,200.00,200.00,0,0,0.00,"Clean Transaction"
2024-03-01,2024-03,1276,West,Basic,Cancelled,10.00,0.00,1,0,10.00,"Unpaid Invoice"
2024-03-01,2024-03,1277,North,Enterprise,Active,200.00,200.00,0,0,0.00,"Clean Transaction"
2024-03-01,2024-03,1278,South,Pro,Cancelled,50.00,50.00,0,0,0.00,"Clean Transaction"
2024-03-01,2024-03,1279,North,Pro,Active,50.00,50.00,0,0,0.00,"Clean Transaction"
2024-03-01,2024-03,1280,South,Enterprise,Active,200.00,200.00,0,0,0.00,"Clean Transaction"
2024-03-01,2024-03,1281,West,Pro,Active,50.00,50.00,0,0,0.00,"Clean Transaction"
2024-03-01,2024-03,1282,West,Pro,Active,50.00,50.00,0,0,0.00,"Clean Transaction"
2024-03-01,2024-03,1283,South,Basic,Active,10.00,10.00,0,0,0.00,"Clean Transaction"
2024-03-01,2024-03,1284,East,Pro,Cancelled,50.00,50.00,0,0,0.00,"Clean Transaction"
2024-03-01,2024-03,1285,South,Pro,Cancelled,50.00,50.00,0,0,0.00,"Clean Transaction"
2024-03-01,2024-03,1286,East,Basic,Active,10.00,10.00,0,0,0.00,"Clean Transaction"
2024-03-01,2024-03,1287,North,Basic,Active,10.00,10.00,0,0,0.00,"Clean Transaction"
2024-03-01,2024-03,1288,North,Pro,Cancelled,50.00,50.00,0,0,0.00,"Clean Transaction"
2024-03-01,2024-03,1289,North,Enterprise,Active,200.00,200.00,0,0,0.00,"Clean Transaction"
2024-03-01,2024-03,1290,West,Basic,Cancelled,10.00,10.00,0,0,0.00,"Clean Transaction"
2024-03-01,2024-03,1291,North,Basic,Active,10.00,0.00,1,0,10.00,"Unpaid Invoice"
2024-03-01,2024-03,1292,East,Enterprise,Active,200.00,200.00,0,0,0.00,"Clean Transaction"
2024-03-01,2024-03,1293,North,Pro,Active,50.00,50.00,0,0,0.00,"Clean Transaction"
2024-03-01,2024-03,1294,South,Pro,Active,50.00,50.00,0,0,0.00,"Clean Transaction"
2024-03-01,2024-03,1295,South,Basic,Active,10.00,10.00,0,0,0.00,"Clean Transaction"
2024-03-01,2024-03,1296,West,Basic,Active,10.00,10.00,0,0,0.00,"Clean Transaction"
2024-03-01,2024-03,1297,South,Basic,Active,10.00,10.00,0,0,0.00,"Clean Transaction"
2024-03-01,2024-03,1298,East,Basic,Active,10.00,10.00,0,0,0.00,"Clean Transaction"
2024-03-01,2024-03,1299,North,Basic,Active,10.00,10.00,0,0,0.00,"Clean Transaction"
2024-03-01,2024-03,1300,West,Enterprise,Active,200.00,200.00,0,0,0.00,"Clean Transaction"
2024-03-01,2024-03,1301,North,Basic,Active,10.00,10.00,0,0,0.00,"Clean Transaction"
2024-03-01,2024-03,1302,North,Enterprise,Active,200.00,200.00,0,0,0.00,"Clean Transaction"
2024-03-01,2024-03,1303,East,Basic,Active,10.00,10.00,0,0,0.00,"Clean Transaction"
2024-03-01,2024-03,1305,South,Enterprise,Active,200.00,200.00,0,0,0.00,"Clean Transaction"
2024-03-01,2024-03,1307,West,Enterprise,Active,200.00,200.00,0,0,0.00,"Clean Transaction"
2024-03-01,2024-03,1308,South,Pro,Active,50.00,50.00,0,0,0.00,"Clean Transaction"
2024-03-01,2024-03,1309,West,Pro,Active,50.00,50.00,0,0,0.00,"Clean Transaction"
2024-03-01,2024-03,1311,West,Enterprise,Active,200.00,200.00,0,0,0.00,"Clean Transaction"
2024-03-01,2024-03,1312,East,Enterprise,Active,200.00,200.00,0,0,0.00,"Clean Transaction"
2024-03-01,2024-03,1313,West,Basic,Active,10.00,10.00,0,0,0.00,"Clean Transaction"
2024-03-01,2024-03,1314,East,Pro,Active,50.00,50.00,0,0,0.00,"Clean Transaction"
2024-03-01,2024-03,1315,East,Pro,Active,50.00,50.00,0,0,0.00,"Clean Transaction"
2024-03-01,2024-03,1316,West,Basic,Active,10.00,10.00,0,0,0.00,"Clean Transaction"
2024-03-01,2024-03,1317,East,Enterprise,Active,200.00,200.00,0,0,0.00,"Clean Transaction"
2024-03-01,2024-03,1318,North,Basic,Active,10.00,10.00,0,0,0.00,"Clean Transaction"
2024-03-01,2024-03,1319,East,Pro,Active,50.00,50.00,0,0,0.00,"Clean Transaction"
2024-03-01,2024-03,1320,South,Pro,Cancelled,50.00,50.00,0,0,0.00,"Clean Transaction"
2024-03-01,2024-03,1321,West,Pro,Active,50.00,50.00,0,0,0.00,"Clean Transaction"
2024-03-01,2024-03,1322,North,Pro,Active,50.00,50.00,0,0,0.00,"Clean Transaction"
2024-03-01,2024-03,1323,West,Pro,Cancelled,50.00,47.72,0,0,2.28,"Partial Payment"
2024-03-01,2024-03,1324,South,Enterprise,Active,200.00,200.00,0,0,0.00,"Clean Transaction"
2024-03-01,2024-03,1325,South,Pro,Active,50.00,50.00,0,0,0.00,"Clean Transaction"
2024-03-01,2024-03,1326,South,Enterprise,Active,200.00,200.00,0,0,0.00,"Clean Transaction"
2024-03-01,2024-03,1327,East,Enterprise,Active,200.00,200.00,0,0,0.00,"Clean Transaction"
2024-03-01,2024-03,1328,East,Pro,Active,50.00,50.00,0,0,0.00,"Clean Transaction"
2024-03-01,2024-03,1329,West,Enterprise,Active,200.00,200.00,0,0,0.00,"Clean Transaction"
2024-03-01,2024-03,1330,West,Pro,Active,50.00,50.00,0,0,0.00,"Clean Transaction"
2024-03-01,2024-03,1331,North,Pro,Active,50.00,50.00,0,0,0.00,"Clean Transaction"
2024-03-01,2024-03,1332,North,Enterprise,Active,200.00,200.00,0,0,0.00,"Clean Transaction"
2024-03-01,2024-03,1333,West,Pro,Cancelled,50.00,50.00,0,0,0.00,"Clean Transaction"
2024-03-01,2024-03,1334,East,Enterprise,Active,200.00,200.00,0,0,0.00,"Clean Transaction"
2024-03-01,2024-03,1335,South,Pro,Cancelled,50.00,50.00,0,0,0.00,"Clean Transaction"
2024-03-01,2024-03,1337,North,Basic,Active,10.00,10.00,0,0,0.00,"Clean Transaction"
2024-03-01,2024-03,1338,East,Enterprise,Active,200.00,200.00,0,0,0.00,"Clean Transaction"
2024-03-01,2024-03,1339,West,Basic,Active,10.00,10.00,0,0,0.00,"Clean Transaction"
2024-03-01,2024-03,1340,West,Enterprise,Active,200.00,200.00,0,0,0.00,"Clean Transaction"
2024-03-01,2024-03,1341,East,Pro,Cancelled,50.00,50.00,0,0,0.00,"Clean Transaction"
2024-03-01,2024-03,1342,West,Basic,Active,10.00,10.00,0,0,0.00,"Clean Transaction"
2024-03-01,2024-03,1343,East,Pro,Active,50.00,0.00,1,0,50.00,"Unpaid Invoice"
2024-03-01,2024-03,1344,South,Pro,Active,50.00,50.00,0,0,0.00,"Clean Transaction"
2024-03-01,2024-03,1345,East,Basic,Active,10.00,10.00,0,0,0.00,"Clean Transaction"
2024-03-01,2024-03,1346,East,Basic,Active,10.00,10.00,0,0,0.00,"Clean Transaction"
2024-03-01,2024-03,1347,East,Pro,Active,50.00,50.00,0,0,0.00,"Clean Transaction"
2024-03-01,2024-03,1348,West,Pro,Active,50.00,50.00,0,0,0.00,"Clean Transaction"
2024-03-01,2024-03,1349,West,Basic,Active,10.00,10.00,0,0,0.00,"Clean Transaction"
2024-03-01,2024-03,1350,East,Pro,Cancelled,50.00,50.00,0,0,0.00,"Clean Transaction"
2024-03-01,2024-03,1351,West,Pro,Active,50.00,50.00,0,0,0.00,"Clean Transaction"
2024-03-01,2024-03,1352,North,Enterprise,Active,200.00,200.00,0,0,0.00,"Clean Transaction"
2024-03-01,2024-03,1353,North,Enterprise,Active,200.00,200.00,0,0,0.00,"Clean Transaction"
2024-03-01,2024-03,1354,West,Basic,Active,10.00,10.00,0,0,0.00,"Clean Transaction"
2024-03-01,2024-03,1355,West,Pro,Active,50.00,0.00,1,0,50.00,"Unpaid Invoice"
2024-03-01,2024-03,1356,East,Pro,Active,50.00,50.00,0,0,0.00,"Clean Transaction"
2024-03-01,2024-03,1357,South,Basic,Active,10.00,10.00,0,0,0.00,"Clean Transaction"
2024-03-01,2024-03,1358,West,Basic,Active,10.00,10.00,0,0,0.00,"Clean Transaction"
2024-03-01,2024-03,1359,North,Enterprise,Active,200.00,200.00,0,0,0.00,"Clean Transaction"
2024-03-01,2024-03,1360,East,Pro,Active,50.00,50.00,0,0,0.00,"Clean Transaction"
2024-03-01,2024-03,1361,West,Basic,Active,10.00,10.00,0,0,0.00,"Clean Transaction"
2024-03-01,2024-03,1362,North,Basic,Active,10.00,10.00,0,0,0.00,"Clean Transaction"
2024-03-01,2024-03,1363,North,Basic,Active,10.00,10.00,0,0,0.00,"Clean Transaction"
2024-03-01,2024-03,1364,South,Pro,Active,50.00,50.00,0,0,0.00,"Clean Transaction"
2024-03-01,2024-03,1365,East,Pro,Active,50.00,50.00,0,0,0.00,"Clean Transaction"
2024-03-01,2024-03,1366,East,Pro,Active,50.00,50.00,0,0,0.00,"Clean Transaction"
2024-03-01,2024-03,1367,South,Enterprise,Active,200.00,200.00,0,0,0.00,"Clean Transaction"
2024-03-01,2024-03,1368,South,Pro,Active,50.00,50.00,0,0,0.00,"Clean Transaction"
2024-03-01,2024-03,1369,East,Basic,Cancelled,10.00,10.00,0,0,0.00,"Clean Transaction"
2024-03-01,2024-03,1370,East,Basic,Active,10.00,10.00,0,0,0.00,"Clean Transaction"
2024-03-01,2024-03,1371,West,Enterprise,Active,200.00,200.00,0,0,0.00,"Clean Transaction"
2024-03-01,2024-03,1372,West,Pro,Active,50.00,50.00,0,0,0.00,"Clean Transaction"
2024-03-01,2024-03,1373,South,Pro,Cancelled,50.00,50.00,0,0,0.00,"Clean Transaction"
2024-03-01,2024-03,1374,West,Pro,Active,50.00,50.00,0,0,0.00,"Clean Transaction"
2024-03-01,2024-03,1375,North,Basic,Active,10.00,10.00,0,0,0.00,"Clean Transaction"
2024-03-01,2024-03,1376,West,Pro,Active,50.00,50.00,0,0,0.00,"Clean Transaction"
2024-03-01,2024-03,1377,West,Basic,Active,10.00,10.00,0,0,0.00,"Clean Transaction"
2024-03-01,2024-03,1378,North,Enterprise,Active,200.00,200.00,0,0,0.00,"Clean Transaction"
2024-03-01,2024-03,1379,South,Pro,Active,50.00,0.00,1,0,50.00,"Unpaid Invoice"
2024-03-01,2024-03,1380,North,Enterprise,Active,200.00,200.00,0,0,0.00,"Clean Transaction"
2024-03-01,2024-03,1381,West,Pro,Active,50.00,50.00,0,0,0.00,"Clean Transaction"
2024-03-01,2024-03,1382,South,Pro,Cancelled,50.00,50.00,0,0,0.00,"Clean Transaction"
2024-03-01,2024-03,1383,West,Basic,Active,10.00,10.00,0,0,0.00,"Clean Transaction"
2024-03-01,2024-03,1384,North,Basic,Active,10.00,10.00,0,0,0.00,"Clean Transaction"
2024-03-01,2024-03,1385,North,Enterprise,Active,200.00,200.00,0,0,0.00,"Clean Transaction"
2024-03-01,2024-03,1386,West,Basic,Active,10.00,0.00,1,0,10.00,"Unpaid Invoice"
2024-03-01,2024-03,1387,East,Enterprise,Active,200.00,186.05,0,0,13.95,"Partial Payment"
2024-03-01,2024-03,1388,East,Basic,Active,10.00,10.00,0,0,0.00,"Clean Transaction"
2024-03-01,2024-03,1389,North,Basic,Active,10.00,10.00,0,0,0.00,"Clean Transaction"
2024-03-01,2024-03,1390,North,Basic,Active,10.00,10.00,0,0,0.00,"Clean Transaction"
2024-03-01,2024-03,1391,East,Pro,Active,50.00,50.00,0,0,0.00,"Clean Transaction"
2024-03-01,2024-03,1392,East,Basic,Active,10.00,10.00,0,0,0.00,"Clean Transaction"
2024-03-01,2024-03,1393,West,Pro,Active,50.00,50.00,0,0,0.00,"Clean Transaction"
2024-03-01,2024-03,1394,West,Basic,Active,10.00,10.00,0,0,0.00,"Clean Transaction"
2024-03-01,2024-03,1395,East,Basic,Active,10.00,10.00,0,0,0.00,"Clean Transaction"
2024-03-01,2024-03,1396,West,Enterprise,Active,200.00,200.00,0,0,0.00,"Clean Transaction"
2024-03-01,2024-03,1397,West,Pro,Active,50.00,50.00,0,0,0.00,"Clean Transaction"
2024-03-01,2024-03,1398,South,Enterprise,Active,200.00,200.00,0,0,0.00,"Clean Transaction"
2024-03-01,2024-03,1399,West,Basic,Active,10.00,10.00,0,0,0.00,"Clean Transaction"
2024-03-01,2024-03,1400,North,Enterprise,Active,200.00,200.00,0,0,0.00,"Clean Transaction"
2024-03-01,2024-03,1402,West,Basic,Cancelled,10.00,10.00,0,0,0.00,"Clean Transaction"
2024-03-01,2024-03,1403,East,Enterprise,Active,200.00,200.00,0,0,0.00,"Clean Transaction"
2024-03-01,2024-03,1404,North,Basic,Active,10.00,9.88,0,0,0.12,"Partial Payment"
2024-03-01,2024-03,1405,West,Pro,Active,50.00,50.00,0,0,0.00,"Clean Transaction"
2024-03-01,2024-03,1406,West,Pro,Active,50.00,50.00,0,0,0.00,"Clean Transaction"
2024-03-01,2024-03,1407,South,Pro,Active,50.00,50.00,0,0,0.00,"Clean Transaction"
2024-03-01,2024-03,1408,West,Basic,Active,10.00,10.00,0,0,0.00,"Clean Transaction"
2024-03-01,2024-03,1409,West,Basic,Active,10.00,10.00,0,0,0.00,"Clean Transaction"
2024-03-01,2024-03,1410,South,Enterprise,Active,200.00,200.00,0,0,0.00,"Clean Transaction"
2024-03-01,2024-03,1411,East,Pro,Active,50.00,50.00,0,0,0.00,"Clean Transaction"
2024-03-01,2024-03,1412,West,Enterprise,Active,200.00,200.00,0,0,0.00,"Clean Transaction"
2024-03-01,2024-03,1413,South,Enterprise,Active,200.00,200.00,0,0,0.00,"Clean Transaction"
2024-03-01,2024-03,1414,North,Enterprise,Active,200.00,200.00,0,0,0.00,"Clean Transaction"
2024-03-01,2024-03,1415,East,Basic,Cancelled,10.00,10.00,0,0,0.00,"Clean Transaction"
2024-03-01,2024-03,1416,North,Pro,Active,50.00,50.00,0,0,0.00,"Clean Transaction"
2024-03-01,2024-03,1417,North,Enterprise,Active,200.00,200.00,0,0,0.00,"Clean Transaction"
2024-03-01,2024-03,1418,South,Enterprise,Active,200.00,200.00,0,0,0.00,"Clean Transaction"
2024-03-01,2024-03,1419,West,Pro,Active,50.00,50.00,0,0,0.00,"Clean Transaction"
2024-03-01,2024-03,1420,South,Basic,Active,10.00,10.00,0,0,0.00,"Clean Transaction"
2024-03-01,2024-03,1421,South,Pro,Active,50.00,50.00,0,0,0.00,"Clean Transaction"
2024-03-01,2024-03,1422,South,Pro,Active,50.00,50.00,0,0,0.00,"Clean Transaction"
2024-03-01,2024-03,1423,South,Enterprise,Active,200.00,200.00,0,0,0.00,"Clean Transaction"
2024-03-01,2024-03,1424,East,Basic,Active,10.00,10.00,0,0,0.00,"Clean Transaction"
2024-03-01,2024-03,1425,West,Pro,Active,50.00,50.00,0,0,0.00,"Clean Transaction"
2024-03-01,2024-03,1426,North,Basic,Active,10.00,10.00,0,0,0.00,"Clean Transaction"
2024-03-01,2024-03,1427,North,Basic,Active,10.00,10.00,0,0,0.00,"Clean Transaction"
2024-03-01,2024-03,1428,West,Basic,Active,10.00,10.00,0,0,0.00,"Clean Transaction"
2024-03-01,2024-03,1429,North,Pro,Active,50.00,50.00,0,0,0.00,"Clean Transaction"
2024-03-01,2024-03,1430,West,Pro,Active,50.00,50.00,0,0,0.00,"Clean Transaction"
2024-03-01,2024-03,1431,North,Basic,Active,10.00,10.00,0,0,0.00,"Clean Transaction"
2024-03-01,2024-03,1432,South,Pro,Active,50.00,50.00,0,0,0.00,"Clean Transaction"
2024-03-01,2024-03,1433,North,Enterprise,Active,200.00,200.00,0,0,0.00,"Clean Transaction"
2024-03-01,2024-03,1434,West,Enterprise,Active,200.00,200.00,0,0,0.00,"Clean Transaction"
2024-03-01,2024-03,1435,West,Enterprise,Active,200.00,200.00,0,0,0.00,"Clean Transaction"
2024-03-01,2024-03,1436,West,Basic,Active,10.00,10.00,0,0,0.00,"Clean Transaction"
2024-03-01,2024-03,1437,West,Basic,Active,10.00,10.00,0,0,0.00,"Clean Transaction"
2024-03-01,2024-03,1438,West,Pro,Active,50.00,50.00,0,0,0.00,"Clean Transaction"
2024-03-01,2024-03,1439,East,Enterprise,Active,200.00,0.00,1,0,200.00,"Unpaid Invoice"
2024-03-01,2024-03,1440,East,Pro,Active,50.00,50.00,0,0,0.00,"Clean Transaction"
2024-03-01,2024-03,1441,North,Basic,Active,10.00,10.00,0,0,0.00,"Clean Transaction"
2024-03-01,2024-03,1442,West,Enterprise,Active,200.00,197.57,0,0,2.43,"Partial Payment"
2024-03-01,2024-03,1443,North,Enterprise,Active,200.00,200.00,0,0,0.00,"Clean Transaction"
2024-03-01,2024-03,1444,West,Enterprise,Active,200.00,200.00,0,0,0.00,"Clean Transaction"
2024-03-01,2024-03,1445,West,Pro,Active,50.00,0.00,1,0,50.00,"Unpaid Invoice"
2024-03-01,2024-03,1446,East,Pro,Active,50.00,50.00,0,0,0.00,"Clean Transaction"
2024-03-01,2024-03,1447,East,Basic,Active,10.00,10.00,0,0,0.00,"Clean Transaction"
2024-03-01,2024-03,1448,South,Enterprise,Cancelled,200.00,200.00,0,0,0.00,"Clean Transaction"
2024-03-01,2024-03,1449,East,Enterprise,Active,200.00,200.00,0,0,0.00,"Clean Transaction"
2024-03-01,2024-03,1450,South,Basic,Active,10.00,10.00,0,0,0.00,"Clean Transaction"
2024-03-01,2024-03,1451,South,Basic,Active,10.00,0.00,1,0,10.00,"Unpaid Invoice"
2024-03-01,2024-03,1453,South,Enterprise,Active,200.00,200.00,0,0,0.00,"Clean Transaction"
2024-03-01,2024-03,1454,South,Pro,Active,50.00,50.00,0,0,0.00,"Clean Transaction"
2024-03-01,2024-03,1455,North,Pro,Active,50.00,50.00,0,0,0.00,"Clean Transaction"
2024-03-01,2024-03,1456,East,Pro,Active,50.00,50.00,0,0,0.00,"Clean Transaction"
2024-03-01,2024-03,1457,South,Pro,Active,50.00,50.00,0,0,0.00,"Clean Transaction"
2024-03-01,2024-03,1458,West,Basic,Active,10.00,10.00,0,0,0.00,"Clean Transaction"
2024-03-01,2024-03,1459,East,Basic,Active,10.00,10.00,0,0,0.00,"Clean Transaction"
2024-03-01,2024-03,1461,South,Basic,Active,10.00,10.00,0,0,0.00,"Clean Transaction"
2024-03-01,2024-03,1462,North,Enterprise,Active,200.00,200.00,0,0,0.00,"Clean Transaction"
2024-03-01,2024-03,1463,South,Enterprise,Active,200.00,200.00,0,0,0.00,"Clean Transaction"
2024-03-01,2024-03,1465,West,Basic,Active,10.00,10.00,0,0,0.00,"Clean Transaction"
2024-03-01,2024-03,1466,East,Pro,Active,50.00,50.00,0,0,0.00,"Clean Transaction"
2024-03-01,2024-03,1467,West,Basic,Cancelled,10.00,10.00,0,0,0.00,"Clean Transaction"
2024-03-01,2024-03,1468,North,Pro,Active,50.00,50.00,0,0,0.00,"Clean Transaction"
2024-03-01,2024-03,1469,North,Pro,Cancelled,50.00,50.00,0,0,0.00,"Clean Transaction"
2024-03-01,2024-03,1470,West,Pro,Active,50.00,50.00,0,0,0.00,"Clean Transaction"
2024-03-01,2024-03,1471,North,Pro,Active,50.00,50.00,0,0,0.00,"Clean Transaction"
2024-03-01,2024-03,1472,West,Pro,Active,50.00,50.00,0,0,0.00,"Clean Transaction"
2024-03-01,2024-03,1473,East,Pro,Active,50.00,50.00,0,0,0.00,"Clean Transaction"
2024-03-01,2024-03,1474,West,Basic,Active,10.00,10.00,0,0,0.00,"Clean Transaction"
2024-03-01,2024-03,1475,East,Enterprise,Active,200.00,200.00,0,0,0.00,"Clean Transaction"
2024-03-01,2024-03,1476,West,Pro,Active,50.00,50.00,0,0,0.00,"Clean Transaction"
2024-03-01,2024-03,1477,North,Pro,Active,50.00,50.00,0,0,0.00,"Clean Transaction"
2024-03-01,2024-03,1478,West,Enterprise,Active,200.00,200.00,0,0,0.00,"Clean Transaction"
2024-03-01,2024-03,1479,North,Basic,Active,10.00,10.00,0,0,0.00,"Clean Transaction"
2024-03-01,2024-03,1480,West,Pro,Active,50.00,50.00,0,0,0.00,"Clean Transaction"
2024-03-01,2024-03,1481,West,Pro,Active,50.00,50.00,0,0,0.00,"Clean Transaction"
2024-03-01,2024-03,1482,South,Basic,Active,10.00,10.00,0,0,0.00,"Clean Transaction"
2024-03-01,2024-03,1483,North,Enterprise,Active,200.00,200.00,0,0,0.00,"Clean Transaction"
2024-03-01,2024-03,1484,South,Pro,Active,50.00,50.00,0,0,0.00,"Clean Transaction"
2024-03-01,2024-03,1485,North,Enterprise,Active,200.00,200.00,0,0,0.00,"Clean Transaction"
2024-03-01,2024-03,1487,East,Basic,Active,10.00,10.00,0,0,0.00,"Clean Transaction"
2024-03-01,2024-03,1488,West,Basic,Active,10.00,10.00,0,0,0.00,"Clean Transaction"
2024-03-01,2024-03,1489,North,Pro,Active,50.00,50.00,0,0,0.00,"Clean Transaction"
2024-03-01,2024-03,1490,North,Basic,Active,10.00,10.00,0,0,0.00,"Clean Transaction"
2024-03-01,2024-03,1491,West,Enterprise,Active,200.00,200.00,0,0,0.00,"Clean Transaction"
2024-03-01,2024-03,1492,North,Basic,Active,10.00,10.00,0,0,0.00,"Clean Transaction"
2024-03-01,2024-03,1493,North,Basic,Active,10.00,10.00,0,0,0.00,"Clean Transaction"
2024-03-01,2024-03,1494,South,Pro,Active,50.00,50.00,0,0,0.00,"Clean Transaction"
2024-03-01,2024-03,1495,North,Enterprise,Active,200.00,200.00,0,0,0.00,"Clean Transaction"
2024-03-01,2024-03,1496,East,Basic,Active,10.00,10.00,0,0,0.00,"Clean Transaction"
2024-03-01,2024-03,1497,East,Pro,Cancelled,50.00,50.00,0,0,0.00,"Clean Transaction"
2024-03-01,2024-03,1498,West,Basic,Active,10.00,10.00,0,0,0.00,"Clean Transaction"
2024-03-01,2024-03,1499,North,Basic,Active,10.00,10.00,0,0,0.00,"Clean Transaction"
2024-03-01,2024-03,1501,East,Enterprise,Active,200.00,0.00,1,0,200.00,"Unpaid Invoice"
2024-03-01,2024-03,1502,North,Enterprise,Active,200.00,200.00,0,0,0.00,"Clean Transaction"
2024-03-01,2024-03,1503,North,Enterprise,Active,200.00,200.00,0,0,0.00,"Clean Transaction"
2024-03-01,2024-03,1504,West,Pro,Active,50.00,50.00,0,0,0.00,"Clean Transaction"
2024-03-01,2024-03,1505,East,Basic,Active,10.00,10.00,0,0,0.00,"Clean Transaction"
2024-03-01,2024-03,1506,North,Enterprise,Active,200.00,200.00,0,0,0.00,"Clean Transaction"
2024-03-01,2024-03,1507,West,Basic,Active,10.00,10.00,0,0,0.00,"Clean Transaction"
2024-03-01,2024-03,1508,East,Basic,Active,10.00,10.00,0,0,0.00,"Clean Transaction"
2024-03-01,2024-03,1509,West,Enterprise,Active,200.00,200.00,0,0,0.00,"Clean Transaction"
2024-03-01,2024-03,1510,South,Pro,Active,50.00,50.00,0,0,0.00,"Clean Transaction"
2024-03-01,2024-03,1511,North,Basic,Active,10.00,10.00,0,0,0.00,"Clean Transaction"
2024-03-01,2024-03,1512,South,Basic,Cancelled,10.00,10.00,0,0,0.00,"Clean Transaction"
2024-03-01,2024-03,1513,East,Enterprise,Active,200.00,200.00,0,0,0.00,"Clean Transaction"
2024-03-01,2024-03,1514,South,Basic,Active,10.00,10.00,0,0,0.00,"Clean Transaction"
2024-03-01,2024-03,1515,South,Pro,Active,50.00,50.00,0,0,0.00,"Clean Transaction"
2024-03-01,2024-03,1516,East,Basic,Active,10.00,10.00,0,0,0.00,"Clean Transaction"
2024-03-01,2024-03,1517,West,Pro,Active,50.00,50.00,0,0,0.00,"Clean Transaction"
2024-03-01,2024-03,1518,South,Basic,Active,10.00,10.00,0,0,0.00,"Clean Transaction"
2024-03-01,2024-03,1519,West,Basic,Active,10.00,10.00,0,0,0.00,"Clean Transaction"
2024-03-01,2024-03,1520,South,Basic,Active,10.00,0.00,1,0,10.00,"Unpaid Invoice"
2024-03-01,2024-03,1521,West,Pro,Active,50.00,50.00,0,0,0.00,"Clean Transaction"
2024-03-01,2024-03,1522,East,Enterprise,Active,200.00,186.34,0,0,13.66,"Partial Payment"
2024-03-01,2024-03,1523,South,Basic,Active,10.00,10.00,0,0,0.00,"Clean Transaction"
2024-03-01,2024-03,1524,East,Basic,Active,10.00,10.00,0,0,0.00,"Clean Transaction"
2024-03-01,2024-03,1526,East,Basic,Cancelled,10.00,10.00,0,0,0.00,"Clean Transaction"
2024-03-01,2024-03,1527,East,Enterprise,Active,200.00,200.00,0,0,0.00,"Clean Transaction"
2024-03-01,2024-03,1528,South,Basic,Cancelled,10.00,10.00,0,0,0.00,"Clean Transaction"
2024-03-01,2024-03,1529,South,Pro,Active,50.00,50.00,0,0,0.00,"Clean Transaction"
2024-03-01,2024-03,1530,South,Enterprise,Active,200.00,200.00,0,0,0.00,"Clean Transaction"
2024-03-01,2024-03,1531,North,Enterprise,Active,200.00,200.00,0,0,0.00,"Clean Transaction"
2024-03-01,2024-03,1532,West,Basic,Active,10.00,10.00,0,0,0.00,"Clean Transaction"
2024-03-01,2024-03,1533,North,Pro,Active,50.00,50.00,0,0,0.00,"Clean Transaction"
2024-03-01,2024-03,1534,North,Basic,Cancelled,10.00,10.00,0,0,0.00,"Clean Transaction"
2024-03-01,2024-03,1535,East,Basic,Active,10.00,10.00,0,0,0.00,"Clean Transaction"
2024-03-01,2024-03,1536,South,Pro,Active,50.00,47.75,0,0,2.25,"Partial Payment"
2024-03-01,2024-03,1537,West,Pro,Active,50.00,50.00,0,0,0.00,"Clean Transaction"
2024-03-01,2024-03,1538,East,Pro,Active,50.00,50.00,0,0,0.00,"Clean Transaction"
2024-03-01,2024-03,1539,North,Basic,Cancelled,10.00,10.00,0,0,0.00,"Clean Transaction"
2024-03-01,2024-03,1540,South,Pro,Active,50.00,50.00,0,0,0.00,"Clean Transaction"
2024-03-01,2024-03,1541,East,Enterprise,Active,200.00,200.00,0,0,0.00,"Clean Transaction"
2024-03-01,2024-03,1542,South,Pro,Active,50.00,50.00,0,0,0.00,"Clean Transaction"
2024-03-01,2024-03,1543,East,Pro,Cancelled,50.00,50.00,0,0,0.00,"Clean Transaction"
2024-03-01,2024-03,1544,South,Pro,Cancelled,50.00,50.00,0,0,0.00,"Clean Transaction"
2024-03-01,2024-03,1545,North,Pro,Active,50.00,50.00,0,0,0.00,"Clean Transaction"
2024-03-01,2024-03,1546,West,Enterprise,Active,200.00,200.00,0,0,0.00,"Clean Transaction"
2024-03-01,2024-03,1547,North,Pro,Cancelled,50.00,50.00,0,0,0.00,"Clean Transaction"
2024-03-01,2024-03,1548,West,Basic,Active,10.00,10.00,0,0,0.00,"Clean Transaction"
2024-03-01,2024-03,1549,South,Pro,Active,50.00,50.00,0,0,0.00,"Clean Transaction"
2024-03-01,2024-03,1550,East,Pro,Active,50.00,50.00,0,0,0.00,"Clean Transaction"
2024-03-01,2024-03,1551,North,Enterprise,Active,200.00,200.00,0,0,0.00,"Clean Transaction"
2024-03-01,2024-03,1552,West,Pro,Cancelled,50.00,50.00,0,0,0.00,"Clean Transaction"
2024-03-01,2024-03,1553,North,Pro,Active,50.00,50.00,0,0,0.00,"Clean Transaction"
2024-03-01,2024-03,1554,West,Basic,Active,10.00,10.00,0,0,0.00,"Clean Transaction"
2024-03-01,2024-03,1555,North,Enterprise,Cancelled,200.00,189.88,0,0,10.12,"Partial Payment"
2024-03-01,2024-03,1556,West,Basic,Active,10.00,10.00,0,0,0.00,"Clean Transaction"
2024-03-01,2024-03,1557,West,Basic,Active,10.00,10.00,0,0,0.00,"Clean Transaction"
2024-03-01,2024-03,1558,South,Enterprise,Active,200.00,200.00,0,0,0.00,"Clean Transaction"
2024-03-01,2024-03,1559,West,Basic,Active,10.00,10.00,0,0,0.00,"Clean Transaction"
2024-03-01,2024-03,1560,South,Enterprise,Active,200.00,200.00,0,0,0.00,"Clean Transaction"
2024-03-01,2024-03,1561,West,Enterprise,Active,200.00,200.00,0,0,0.00,"Clean Transaction"
2024-03-01,2024-03,1562,East,Basic,Active,10.00,10.00,0,0,0.00,"Clean Transaction"
2024-03-01,2024-03,1563,East,Enterprise,Active,200.00,200.00,0,0,0.00,"Clean Transaction"
2024-03-01,2024-03,1564,East,Pro,Active,50.00,50.00,0,0,0.00,"Clean Transaction"
2024-03-01,2024-03,1565,West,Basic,Active,10.00,10.00,0,0,0.00,"Clean Transaction"
2024-03-01,2024-03,1566,South,Enterprise,Active,200.00,200.00,0,0,0.00,"Clean Transaction"
2024-03-01,2024-03,1567,South,Basic,Active,10.00,10.00,0,0,0.00,"Clean Transaction"
2024-03-01,2024-03,1568,West,Pro,Active,50.00,50.00,0,0,0.00,"Clean Transaction"
2024-03-01,2024-03,1569,East,Pro,Active,50.00,50.00,0,0,0.00,"Clean Transaction"
2024-03-01,2024-03,1570,East,Pro,Active,50.00,50.00,0,0,0.00,"Clean Transaction"
2024-03-01,2024-03,1571,South,Basic,Active,10.00,10.00,0,0,0.00,"Clean Transaction"
2024-03-01,2024-03,1572,East,Enterprise,Active,200.00,200.00,0,0,0.00,"Clean Transaction"
2024-03-01,2024-03,1573,North,Basic,Active,10.00,9.47,0,0,0.53,"Partial Payment"
2024-03-01,2024-03,1574,South,Basic,Active,10.00,10.00,0,0,0.00,"Clean Transaction"
2024-03-01,2024-03,1575,East,Pro,Active,50.00,50.00,0,0,0.00,"Clean Transaction"
2024-03-01,2024-03,1576,South,Pro,Active,50.00,47.87,0,0,2.13,"Partial Payment"
2024-03-01,2024-03,1577,North,Pro,Cancelled,50.00,50.00,0,0,0.00,"Clean Transaction"
2024-03-01,2024-03,1578,South,Basic,Active,10.00,10.00,0,0,0.00,"Clean Transaction"
2024-03-01,2024-03,1579,South,Basic,Active,10.00,10.00,0,0,0.00,"Clean Transaction"
2024-03-01,2024-03,1580,South,Basic,Active,10.00,10.00,0,0,0.00,"Clean Transaction"
2024-03-01,2024-03,1581,South,Pro,Active,50.00,50.00,0,0,0.00,"Clean Transaction"
2024-03-01,2024-03,1582,North,Pro,Active,50.00,50.00,0,0,0.00,"Clean Transaction"
2024-03-01,2024-03,1583,West,Enterprise,Cancelled,200.00,200.00,0,0,0.00,"Clean Transaction"
2024-03-01,2024-03,1584,South,Pro,Cancelled,50.00,50.00,0,0,0.00,"Clean Transaction"
2024-03-01,2024-03,1585,South,Enterprise,Active,200.00,200.00,0,0,0.00,"Clean Transaction"
2024-03-01,2024-03,1586,East,Pro,Active,50.00,50.00,0,0,0.00,"Clean Transaction"
2024-03-01,2024-03,1587,South,Basic,Active,10.00,10.00,0,0,0.00,"Clean Transaction"
2024-03-01,2024-03,1588,East,Basic,Active,10.00,10.00,0,0,0.00,"Clean Transaction"
2024-03-01,2024-03,1589,West,Enterprise,Active,200.00,200.00,0,0,0.00,"Clean Transaction"
2024-03-01,2024-03,1590,North,Basic,Active,10.00,10.00,0,0,0.00,"Clean Transaction"
2024-03-01,2024-03,1591,North,Enterprise,Active,200.00,200.00,0,0,0.00,"Clean Transaction"
2024-03-01,2024-03,1592,West,Pro,Active,50.00,50.00,0,0,0.00,"Clean Transaction"
2024-03-01,2024-03,1593,North,Basic,Active,10.00,10.00,0,0,0.00,"Clean Transaction"
2024-03-01,2024-03,1594,West,Basic,Active,10.00,10.00,0,0,0.00,"Clean Transaction"
2024-03-01,2024-03,1595,West,Pro,Active,50.00,50.00,0,0,0.00,"Clean Transaction"
2024-03-01,2024-03,1596,West,Pro,Cancelled,50.00,50.00,0,0,0.00,"Clean Transaction"
2024-03-01,2024-03,1597,North,Pro,Active,50.00,50.00,0,0,0.00,"Clean Transaction"
2024-03-01,2024-03,1598,East,Enterprise,Active,200.00,200.00,0,0,0.00,"Clean Transaction"
2024-03-01,2024-03,1599,West,Basic,Active,10.00,10.00,0,0,0.00,"Clean Transaction"
2024-03-01,2024-03,1600,South,Basic,Active,10.00,10.00,0,0,0.00,"Clean Transaction"
2024-03-01,2024-03,1601,North,Pro,Active,50.00,0.00,1,0,50.00,"Unpaid Invoice"
2024-03-01,2024-03,1602,West,Basic,Active,10.00,10.00,0,0,0.00,"Clean Transaction"
2024-03-01,2024-03,1603,West,Pro,Cancelled,50.00,50.00,0,0,0.00,"Clean Transaction"
2024-03-01,2024-03,1604,South,Basic,Active,10.00,10.00,0,0,0.00,"Clean Transaction"
2024-03-01,2024-03,1605,East,Basic,Active,10.00,10.00,0,0,0.00,"Clean Transaction"
2024-03-01,2024-03,1606,East,Pro,Cancelled,50.00,50.00,0,0,0.00,"Clean Transaction"
2024-03-01,2024-03,1607,East,Enterprise,Active,200.00,200.00,0,0,0.00,"Clean Transaction"
2024-03-01,2024-03,1608,West,Pro,Active,50.00,50.00,0,0,0.00,"Clean Transaction"
2024-03-01,2024-03,1609,West,Pro,Active,50.00,50.00,0,0,0.00,"Clean Transaction"
2024-03-01,2024-03,1610,West,Basic,Active,10.00,10.00,0,0,0.00,"Clean Transaction"
2024-03-01,2024-03,1611,North,Pro,Cancelled,50.00,50.00,0,0,0.00,"Clean Transaction"
2024-03-01,2024-03,1612,South,Basic,Active,10.00,10.00,0,0,0.00,"Clean Transaction"
2024-03-01,2024-03,1613,West,Enterprise,Active,200.00,194.98,0,0,5.02,"Partial Payment"
2024-03-01,2024-03,1614,South,Enterprise,Cancelled,200.00,200.00,0,0,0.00,"Clean Transaction"
2024-03-01,2024-03,1615,South,Enterprise,Active,200.00,200.00,0,0,0.00,"Clean Transaction"
2024-03-01,2024-03,1616,East,Pro,Active,50.00,50.00,0,0,0.00,"Clean Transaction"
2024-03-01,2024-03,1617,North,Basic,Active,10.00,10.00,0,0,0.00,"Clean Transaction"
2024-03-01,2024-03,1618,West,Enterprise,Active,200.00,200.00,0,0,0.00,"Clean Transaction"
2024-03-01,2024-03,1619,East,Basic,Active,10.00,10.00,0,0,0.00,"Clean Transaction"
2024-03-01,2024-03,1620,East,Basic,Active,10.00,10.00,0,0,0.00,"Clean Transaction"
2024-03-01,2024-03,1621,West,Enterprise,Cancelled,200.00,200.00,0,0,0.00,"Clean Transaction"
2024-03-01,2024-03,1622,South,Enterprise,Cancelled,200.00,200.00,0,0,0.00,"Clean Transaction"
2024-03-01,2024-03,1623,East,Basic,Active,10.00,10.00,0,0,0.00,"Clean Transaction"
2024-03-01,2024-03,1624,South,Pro,Active,50.00,50.00,0,0,0.00,"Clean Transaction"
2024-03-01,2024-03,1625,North,Basic,Cancelled,10.00,10.00,0,0,0.00,"Clean Transaction"
2024-03-01,2024-03,1626,South,Pro,Active,50.00,50.00,0,0,0.00,"Clean Transaction"
2024-03-01,2024-03,1627,North,Pro,Active,50.00,50.00,0,0,0.00,"Clean Transaction"
2024-03-01,2024-03,1628,South,Basic,Active,10.00,10.00,0,0,0.00,"Clean Transaction"
2024-03-01,2024-03,1629,East,Enterprise,Cancelled,200.00,200.00,0,0,0.00,"Clean Transaction"
2024-03-01,2024-03,1630,East,Enterprise,Active,200.00,200.00,0,0,0.00,"Clean Transaction"
2024-03-01,2024-03,1631,North,Pro,Active,50.00,50.00,0,0,0.00,"Clean Transaction"
2024-03-01,2024-03,1632,West,Basic,Cancelled,10.00,10.00,0,0,0.00,"Clean Transaction"
2024-03-01,2024-03,1633,North,Pro,Active,50.00,50.00,0,0,0.00,"Clean Transaction"
2024-03-01,2024-03,1634,North,Pro,Active,50.00,50.00,0,0,0.00,"Clean Transaction"
2024-03-01,2024-03,1635,South,Basic,Active,10.00,10.00,0,0,0.00,"Clean Transaction"
2024-03-01,2024-03,1637,North,Pro,Active,50.00,50.00,0,0,0.00,"Clean Transaction"
2024-03-01,2024-03,1638,East,Pro,Active,50.00,50.00,0,0,0.00,"Clean Transaction"
2024-03-01,2024-03,1639,South,Basic,Active,10.00,10.00,0,0,0.00,"Clean Transaction"
2024-03-01,2024-03,1640,West,Pro,Active,50.00,50.00,0,0,0.00,"Clean Transaction"
2024-03-01,2024-03,1641,South,Basic,Active,10.00,10.00,0,0,0.00,"Clean Transaction"
2024-03-01,2024-03,1642,South,Enterprise,Active,200.00,200.00,0,0,0.00,"Clean Transaction"
2024-03-01,2024-03,1643,West,Pro,Active,50.00,50.00,0,0,0.00,"Clean Transaction"
2024-03-01,2024-03,1644,North,Basic,Active,10.00,10.00,0,0,0.00,"Clean Transaction"
2024-03-01,2024-03,1645,West,Enterprise,Active,200.00,200.00,0,0,0.00,"Clean Transaction"
2024-03-01,2024-03,1646,North,Pro,Active,50.00,50.00,0,0,0.00,"Clean Transaction"
2024-03-01,2024-03,1647,North,Pro,Active,50.00,50.00,0,0,0.00,"Clean Transaction"
2024-03-01,2024-03,1648,North,Enterprise,Active,200.00,200.00,0,0,0.00,"Clean Transaction"
2024-03-01,2024-03,1649,West,Enterprise,Active,200.00,200.00,0,0,0.00,"Clean Transaction"
2024-03-01,2024-03,1650,North,Basic,Active,10.00,10.00,0,0,0.00,"Clean Transaction"
2024-03-01,2024-03,1651,East,Enterprise,Active,200.00,0.00,1,0,200.00,"Unpaid Invoice"
2024-03-01,2024-03,1652,West,Pro,Active,50.00,50.00,0,0,0.00,"Clean Transaction"
2024-03-01,2024-03,1653,East,Basic,Cancelled,10.00,10.00,0,0,0.00,"Clean Transaction"
2024-03-01,2024-03,1654,North,Enterprise,Active,200.00,0.00,1,0,200.00,"Unpaid Invoice"
2024-03-01,2024-03,1655,South,Basic,Active,10.00,10.00,0,0,0.00,"Clean Transaction"
2024-03-01,2024-03,1656,North,Pro,Active,50.00,50.00,0,0,0.00,"Clean Transaction"
2024-03-01,2024-03,1657,East,Pro,Active,50.00,50.00,0,0,0.00,"Clean Transaction"
2024-03-01,2024-03,1658,East,Enterprise,Active,200.00,200.00,0,0,0.00,"Clean Transaction"
2024-03-01,2024-03,1659,West,Basic,Cancelled,10.00,10.00,0,0,0.00,"Clean Transaction"
2024-03-01,2024-03,1660,South,Enterprise,Cancelled,200.00,200.00,0,0,0.00,"Clean Transaction"
2024-03-01,2024-03,1661,West,Pro,Active,50.00,50.00,0,0,0.00,"Clean Transaction"
2024-03-01,2024-03,1662,East,Basic,Active,10.00,10.00,0,0,0.00,"Clean Transaction"
2024-03-01,2024-03,1663,North,Basic,Active,10.00,10.00,0,0,0.00,"Clean Transaction"
2024-03-01,2024-03,1664,South,Pro,Active,50.00,50.00,0,0,0.00,"Clean Transaction"
2024-03-01,2024-03,1665,North,Pro,Active,50.00,50.00,0,0,0.00,"Clean Transaction"
2024-03-01,2024-03,1666,North,Enterprise,Active,200.00,200.00,0,0,0.00,"Clean Transaction"
2024-03-01,2024-03,1667,South,Enterprise,Active,200.00,200.00,0,0,0.00,"Clean Transaction"
2024-03-01,2024-03,1668,West,Basic,Active,10.00,10.00,0,0,0.00,"Clean Transaction"
2024-03-01,2024-03,1669,North,Pro,Active,50.00,50.00,0,0,0.00,"Clean Transaction"
2024-03-01,2024-03,1670,East,Enterprise,Active,200.00,200.00,0,0,0.00,"Clean Transaction"
2024-03-01,2024-03,1671,North,Pro,Active,50.00,50.00,0,0,0.00,"Clean Transaction"
2024-03-01,2024-03,1672,South,Enterprise,Active,200.00,200.00,0,0,0.00,"Clean Transaction"
2024-03-01,2024-03,1673,South,Basic,Active,10.00,10.00,0,0,0.00,"Clean Transaction"
2024-03-01,2024-03,1674,South,Pro,Active,50.00,50.00,0,0,0.00,"Clean Transaction"
2024-03-01,2024-03,1675,West,Enterprise,Active,200.00,200.00,0,0,0.00,"Clean Transaction"
2024-03-01,2024-03,1676,North,Pro,Active,50.00,50.00,0,0,0.00,"Clean Transaction"
2024-03-01,2024-03,1677,West,Basic,Active,10.00,10.00,0,0,0.00,"Clean Transaction"
2024-03-01,2024-03,1678,West,Basic,Active,10.00,10.00,0,0,0.00,"Clean Transaction"
2024-03-01,2024-03,1679,South,Basic,Active,10.00,10.00,0,0,0.00,"Clean Transaction"
2024-03-01,2024-03,1680,South,Enterprise,Active,200.00,200.00,0,0,0.00,"Clean Transaction"
2024-03-01,2024-03,1681,West,Pro,Active,50.00,50.00,0,0,0.00,"Clean Transaction"
2024-03-01,2024-03,1682,North,Basic,Active,10.00,10.00,0,0,0.00,"Clean Transaction"
2024-03-01,2024-03,1683,East,Enterprise,Active,200.00,200.00,0,0,0.00,"Clean Transaction"
2024-03-01,2024-03,1684,West,Basic,Active,10.00,0.00,1,0,10.00,"Unpaid Invoice"
2024-03-01,2024-03,1685,North,Pro,Active,50.00,50.00,0,0,0.00,"Clean Transaction"
2024-03-01,2024-03,1686,South,Basic,Active,10.00,10.00,0,0,0.00,"Clean Transaction"
2024-03-01,2024-03,1687,South,Enterprise,Active,200.00,200.00,0,0,0.00,"Clean Transaction"
2024-03-01,2024-03,1688,North,Basic,Active,10.00,10.00,0,0,0.00,"Clean Transaction"
2024-03-01,2024-03,1689,East,Basic,Active,10.00,10.00,0,0,0.00,"Clean Transaction"
2024-03-01,2024-03,1690,South,Enterprise,Active,200.00,200.00,0,0,0.00,"Clean Transaction"
2024-03-01,2024-03,1691,South,Basic,Active,10.00,10.00,0,0,0.00,"Clean Transaction"
2024-03-01,2024-03,1692,South,Basic,Cancelled,10.00,10.00,0,0,0.00,"Clean Transaction"
2024-03-01,2024-03,1693,North,Basic,Active,10.00,10.00,0,0,0.00,"Clean Transaction"
2024-03-01,2024-03,1694,West,Enterprise,Active,200.00,200.00,0,0,0.00,"Clean Transaction"
2024-03-01,2024-03,1695,South,Enterprise,Active,200.00,200.00,0,0,0.00,"Clean Transaction"
2024-03-01,2024-03,1696,West,Pro,Active,50.00,50.00,0,0,0.00,"Clean Transaction"
2024-03-01,2024-03,1697,East,Basic,Active,10.00,10.00,0,0,0.00,"Clean Transaction"
2024-03-01,2024-03,1698,South,Enterprise,Active,200.00,200.00,0,0,0.00,"Clean Transaction"
2024-03-01,2024-03,1699,South,Basic,Active,10.00,10.00,0,0,0.00,"Clean Transaction"
2024-03-01,2024-03,1700,East,Enterprise,Cancelled,200.00,200.00,0,0,0.00,"Clean Transaction"
2024-03-01,2024-03,1701,South,Basic,Active,10.00,10.00,0,0,0.00,"Clean Transaction"
2024-03-01,2024-03,1702,West,Basic,Cancelled,10.00,10.00,0,0,0.00,"Clean Transaction"
2024-03-01,2024-03,1703,North,Basic,Active,10.00,10.00,0,0,0.00,"Clean Transaction"
2024-03-01,2024-03,1704,West,Enterprise,Active,200.00,200.00,0,0,0.00,"Clean Transaction"
2024-03-01,2024-03,1705,North,Basic,Active,10.00,0.00,1,0,10.00,"Unpaid Invoice"
2024-03-01,2024-03,1706,North,Enterprise,Active,200.00,200.00,0,0,0.00,"Clean Transaction"
2024-03-01,2024-03,1707,West,Pro,Active,50.00,50.00,0,0,0.00,"Clean Transaction"
2024-03-01,2024-03,1708,West,Enterprise,Active,200.00,200.00,0,0,0.00,"Clean Transaction"
2024-03-01,2024-03,1709,West,Pro,Active,50.00,50.00,0,0,0.00,"Clean Transaction"
2024-03-01,2024-03,1710,West,Pro,Active,50.00,50.00,0,0,0.00,"Clean Transaction"
2024-03-01,2024-03,1711,East,Enterprise,Active,200.00,200.00,0,0,0.00,"Clean Transaction"
2024-03-01,2024-03,1712,South,Pro,Active,50.00,50.00,0,0,0.00,"Clean Transaction"
2024-03-01,2024-03,1713,North,Pro,Active,50.00,50.00,0,0,0.00,"Clean Transaction"
2024-03-01,2024-03,1714,West,Pro,Active,50.00,50.00,0,0,0.00,"Clean Transaction"
2024-03-01,2024-03,1716,West,Pro,Active,50.00,50.00,0,0,0.00,"Clean Transaction"
2024-03-01,2024-03,1717,East,Basic,Active,10.00,10.00,0,0,0.00,"Clean Transaction"
2024-03-01,2024-03,1718,West,Pro,Active,50.00,50.00,0,0,0.00,"Clean Transaction"
2024-03-01,2024-03,1719,West,Pro,Active,50.00,50.00,0,0,0.00,"Clean Transaction"
2024-03-01,2024-03,1720,West,Basic,Active,10.00,10.00,0,0,0.00,"Clean Transaction"
2024-03-01,2024-03,1721,South,Basic,Active,10.00,0.00,1,0,10.00,"Unpaid Invoice"
2024-03-01,2024-03,1722,East,Pro,Active,50.00,50.00,0,0,0.00,"Clean Transaction"
2024-03-01,2024-03,1723,West,Enterprise,Cancelled,200.00,200.00,0,0,0.00,"Clean Transaction"
2024-03-01,2024-03,1724,North,Pro,Active,50.00,50.00,0,0,0.00,"Clean Transaction"
2024-03-01,2024-03,1725,North,Pro,Active,50.00,50.00,0,0,0.00,"Clean Transaction"
2024-03-01,2024-03,1726,North,Pro,Active,50.00,0.00,1,0,50.00,"Unpaid Invoice"
2024-03-01,2024-03,1727,East,Basic,Active,10.00,9.20,0,0,0.80,"Partial Payment"
2024-03-01,2024-03,1728,East,Basic,Active,10.00,10.00,0,0,0.00,"Clean Transaction"
2024-03-01,2024-03,1729,North,Basic,Active,10.00,10.00,0,0,0.00,"Clean Transaction"
2024-03-01,2024-03,1731,East,Basic,Active,10.00,9.60,0,0,0.40,"Partial Payment"
2024-03-01,2024-03,1732,North,Basic,Active,10.00,10.00,0,0,0.00,"Clean Transaction"
2024-03-01,2024-03,1733,North,Basic,Active,10.00,10.00,0,0,0.00,"Clean Transaction"
2024-03-01,2024-03,1734,West,Basic,Active,10.00,10.00,0,0,0.00,"Clean Transaction"
2024-03-01,2024-03,1735,South,Pro,Active,50.00,50.00,0,0,0.00,"Clean Transaction"
2024-03-01,2024-03,1736,East,Enterprise,Cancelled,200.00,200.00,0,0,0.00,"Clean Transaction"
2024-03-01,2024-03,1737,West,Enterprise,Active,200.00,200.00,0,0,0.00,"Clean Transaction"
2024-03-01,2024-03,1738,North,Pro,Active,50.00,50.00,0,0,0.00,"Clean Transaction"
2024-03-01,2024-03,1739,North,Pro,Active,50.00,50.00,0,0,0.00,"Clean Transaction"
2024-03-01,2024-03,1740,West,Pro,Active,50.00,50.00,0,0,0.00,"Clean Transaction"
2024-03-01,2024-03,1741,East,Basic,Active,10.00,10.00,0,0,0.00,"Clean Transaction"
2024-03-01,2024-03,1742,South,Basic,Cancelled,10.00,10.00,0,0,0.00,"Clean Transaction"
2024-03-01,2024-03,1743,South,Enterprise,Active,200.00,200.00,0,0,0.00,"Clean Transaction"
2024-03-01,2024-03,1744,North,Enterprise,Active,200.00,200.00,0,0,0.00,"Clean Transaction"
2024-03-01,2024-03,1745,East,Enterprise,Active,200.00,200.00,0,0,0.00,"Clean Transaction"
2024-03-01,2024-03,1746,South,Pro,Active,50.00,50.00,0,0,0.00,"Clean Transaction"
2024-03-01,2024-03,1747,East,Basic,Active,10.00,10.00,0,0,0.00,"Clean Transaction"
2024-03-01,2024-03,1748,East,Pro,Active,50.00,50.00,0,0,0.00,"Clean Transaction"
2024-03-01,2024-03,1749,North,Basic,Active,10.00,10.00,0,0,0.00,"Clean Transaction"
2024-03-01,2024-03,1750,South,Basic,Active,10.00,10.00,0,0,0.00,"Clean Transaction"
2024-03-01,2024-03,1751,West,Pro,Active,50.00,50.00,0,0,0.00,"Clean Transaction"
2024-03-01,2024-03,1752,North,Basic,Active,10.00,10.00,0,0,0.00,"Clean Transaction"
2024-03-01,2024-03,1753,South,Enterprise,Active,200.00,200.00,0,0,0.00,"Clean Transaction"
2024-03-01,2024-03,1754,South,Basic,Active,10.00,9.45,0,0,0.55,"Partial Payment"
2024-03-01,2024-03,1755,South,Enterprise,Active,200.00,200.00,0,0,0.00,"Clean Transaction"
2024-03-01,2024-03,1756,South,Basic,Active,10.00,10.00,0,0,0.00,"Clean Transaction"
2024-03-01,2024-03,1757,South,Pro,Active,50.00,50.00,0,0,0.00,"Clean Transaction"
2024-03-01,2024-03,1758,East,Enterprise,Active,200.00,200.00,0,0,0.00,"Clean Transaction"
2024-03-01,2024-03,1759,North,Enterprise,Active,200.00,200.00,0,0,0.00,"Clean Transaction"
2024-03-01,2024-03,1760,East,Pro,Cancelled,50.00,50.00,0,0,0.00,"Clean Transaction"
2024-03-01,2024-03,1761,West,Enterprise,Active,200.00,200.00,0,0,0.00,"Clean Transaction"
2024-03-01,2024-03,1762,South,Basic,Active,10.00,10.00,0,0,0.00,"Clean Transaction"
2024-03-01,2024-03,1763,North,Basic,Active,10.00,10.00,0,0,0.00,"Clean Transaction"
2024-03-01,2024-03,1764,South,Enterprise,Active,200.00,200.00,0,0,0.00,"Clean Transaction"
2024-03-01,2024-03,1765,North,Pro,Active,50.00,50.00,0,0,0.00,"Clean Transaction"
2024-03-01,2024-03,1766,East,Enterprise,Active,200.00,200.00,0,0,0.00,"Clean Transaction"
2024-03-01,2024-03,1767,North,Basic,Active,10.00,10.00,0,0,0.00,"Clean Transaction"
2024-03-01,2024-03,1768,West,Pro,Active,50.00,50.00,0,0,0.00,"Clean Transaction"
2024-03-01,2024-03,1769,West,Pro,Active,50.00,50.00,0,0,0.00,"Clean Transaction"
2024-03-01,2024-03,1770,North,Basic,Active,10.00,10.00,0,0,0.00,"Clean Transaction"
2024-03-01,2024-03,1771,North,Enterprise,Active,200.00,200.00,0,0,0.00,"Clean Transaction"
2024-03-01,2024-03,1772,North,Pro,Active,50.00,50.00,0,0,0.00,"Clean Transaction"
2024-03-01,2024-03,1773,North,Enterprise,Active,200.00,0.00,1,0,200.00,"Unpaid Invoice"
2024-03-01,2024-03,1774,West,Enterprise,Active,200.00,200.00,0,0,0.00,"Clean Transaction"
2024-03-01,2024-03,1775,South,Enterprise,Active,200.00,200.00,0,0,0.00,"Clean Transaction"
2024-03-01,2024-03,1776,North,Basic,Active,10.00,10.00,0,0,0.00,"Clean Transaction"
2024-03-01,2024-03,1778,West,Enterprise,Active,200.00,200.00,0,0,0.00,"Clean Transaction"
2024-03-01,2024-03,1779,West,Basic,Active,10.00,9.84,0,0,0.16,"Partial Payment"
2024-03-01,2024-03,1780,East,Enterprise,Cancelled,200.00,200.00,0,0,0.00,"Clean Transaction"
2024-03-01,2024-03,1781,North,Basic,Active,10.00,10.00,0,0,0.00,"Clean Transaction"
2024-03-01,2024-03,1782,East,Basic,Active,10.00,10.00,0,0,0.00,"Clean Transaction"
2024-03-01,2024-03,1783,West,Pro,Active,50.00,50.00,0,0,0.00,"Clean Transaction"
2024-03-01,2024-03,1784,West,Enterprise,Active,200.00,200.00,0,0,0.00,"Clean Transaction"
2024-03-01,2024-03,1785,South,Pro,Active,50.00,50.00,0,0,0.00,"Clean Transaction"
2024-03-01,2024-03,1786,North,Enterprise,Active,200.00,200.00,0,0,0.00,"Clean Transaction"
2024-03-01,2024-03,1787,East,Enterprise,Active,200.00,200.00,0,0,0.00,"Clean Transaction"
2024-03-01,2024-03,1788,West,Enterprise,Active,200.00,200.00,0,0,0.00,"Clean Transaction"
2024-03-01,2024-03,1789,West,Enterprise,Active,200.00,200.00,0,0,0.00,"Clean Transaction"
2024-03-01,2024-03,1790,East,Basic,Active,10.00,10.00,0,0,0.00,"Clean Transaction"
2024-03-01,2024-03,1791,South,Enterprise,Active,200.00,200.00,0,0,0.00,"Clean Transaction"
2024-03-01,2024-03,1792,West,Pro,Active,50.00,50.00,0,0,0.00,"Clean Transaction"
2024-03-01,2024-03,1793,North,Pro,Active,50.00,50.00,0,0,0.00,"Clean Transaction"
2024-03-01,2024-03,1794,West,Basic,Active,10.00,10.00,0,0,0.00,"Clean Transaction"
2024-03-01,2024-03,1795,North,Pro,Active,50.00,50.00,0,0,0.00,"Clean Transaction"
2024-03-01,2024-03,1796,East,Enterprise,Active,200.00,200.00,0,0,0.00,"Clean Transaction"
2024-03-01,2024-03,1797,North,Pro,Active,50.00,50.00,0,0,0.00,"Clean Transaction"
2024-03-01,2024-03,1798,East,Pro,Active,50.00,50.00,0,0,0.00,"Clean Transaction"
2024-03-01,2024-03,1799,North,Enterprise,Active,200.00,0.00,1,0,200.00,"Unpaid Invoice"
2024-03-01,2024-03,1800,East,Basic,Cancelled,10.00,10.00,0,0,0.00,"Clean Transaction"
2024-03-01,2024-03,1802,South,Pro,Active,50.00,50.00,0,0,0.00,"Clean Transaction"
2024-03-01,2024-03,1803,North,Pro,Active,50.00,50.00,0,0,0.00,"Clean Transaction"
2024-03-01,2024-03,1804,North,Enterprise,Active,200.00,200.00,0,0,0.00,"Clean Transaction"
2024-03-01,2024-03,1805,South,Basic,Active,10.00,10.00,0,0,0.00,"Clean Transaction"
2024-03-01,2024-03,1806,West,Enterprise,Active,200.00,200.00,0,0,0.00,"Clean Transaction"
2024-03-01,2024-03,1807,West,Enterprise,Active,200.00,200.00,0,0,0.00,"Clean Transaction"
2024-03-01,2024-03,1808,North,Enterprise,Active,200.00,200.00,0,0,0.00,"Clean Transaction"
2024-03-01,2024-03,1809,South,Enterprise,Cancelled,200.00,200.00,0,0,0.00,"Clean Transaction"
2024-03-01,2024-03,1810,North,Enterprise,Active,200.00,200.00,0,0,0.00,"Clean Transaction"
2024-03-01,2024-03,1811,East,Basic,Active,10.00,10.00,0,0,0.00,"Clean Transaction"
2024-03-01,2024-03,1812,East,Pro,Active,50.00,50.00,0,0,0.00,"Clean Transaction"
2024-03-01,2024-03,1813,North,Pro,Active,50.00,50.00,0,0,0.00,"Clean Transaction"
2024-03-01,2024-03,1814,West,Pro,Active,50.00,50.00,0,0,0.00,"Clean Transaction"
2024-03-01,2024-03,1815,West,Pro,Active,50.00,50.00,0,0,0.00,"Clean Transaction"
2024-03-01,2024-03,1816,North,Pro,Active,50.00,50.00,0,0,0.00,"Clean Transaction"
2024-03-01,2024-03,1817,North,Enterprise,Active,200.00,200.00,0,0,0.00,"Clean Transaction"
2024-03-01,2024-03,1818,East,Pro,Active,50.00,50.00,0,0,0.00,"Clean Transaction"
2024-03-01,2024-03,1821,East,Basic,Active,10.00,10.00,0,0,0.00,"Clean Transaction"
2024-03-01,2024-03,1822,West,Basic,Active,10.00,10.00,0,0,0.00,"Clean Transaction"
2024-03-01,2024-03,1823,South,Enterprise,Active,200.00,200.00,0,0,0.00,"Clean Transaction"
2024-03-01,2024-03,1824,East,Pro,Active,50.00,50.00,0,0,0.00,"Clean Transaction"
2024-03-01,2024-03,1825,West,Pro,Active,50.00,50.00,0,0,0.00,"Clean Transaction"
2024-03-01,2024-03,1826,West,Enterprise,Active,200.00,200.00,0,0,0.00,"Clean Transaction"
2024-03-01,2024-03,1827,East,Enterprise,Active,200.00,200.00,0,0,0.00,"Clean Transaction"
2024-03-01,2024-03,1828,South,Pro,Active,50.00,50.00,0,0,0.00,"Clean Transaction"
2024-03-01,2024-03,1829,East,Enterprise,Active,200.00,200.00,0,0,0.00,"Clean Transaction"
2024-03-01,2024-03,1830,West,Basic,Active,10.00,10.00,0,0,0.00,"Clean Transaction"
2024-03-01,2024-03,1831,North,Pro,Active,50.00,46.90,0,0,3.10,"Partial Payment"
2024-03-01,2024-03,1832,North,Pro,Active,50.00,50.00,0,0,0.00,"Clean Transaction"
2024-03-01,2024-03,1833,East,Enterprise,Active,200.00,200.00,0,0,0.00,"Clean Transaction"
2024-03-01,2024-03,1834,West,Enterprise,Active,200.00,200.00,0,0,0.00,"Clean Transaction"
2024-03-01,2024-03,1835,North,Pro,Active,50.00,50.00,0,0,0.00,"Clean Transaction"
2024-03-01,2024-03,1836,West,Basic,Active,10.00,10.00,0,0,0.00,"Clean Transaction"
2024-03-01,2024-03,1837,East,Basic,Active,10.00,10.00,0,0,0.00,"Clean Transaction"
2024-03-01,2024-03,1838,North,Basic,Active,10.00,10.00,0,0,0.00,"Clean Transaction"
2024-03-01,2024-03,1839,West,Enterprise,Active,200.00,200.00,0,0,0.00,"Clean Transaction"
2024-03-01,2024-03,1840,North,Enterprise,Active,200.00,200.00,0,0,0.00,"Clean Transaction"
2024-03-01,2024-03,1841,East,Pro,Active,50.00,50.00,0,0,0.00,"Clean Transaction"
2024-03-01,2024-03,1842,West,Pro,Active,50.00,50.00,0,0,0.00,"Clean Transaction"
2024-03-01,2024-03,1843,North,Pro,Active,50.00,50.00,0,0,0.00,"Clean Transaction"
2024-03-01,2024-03,1844,East,Pro,Active,50.00,50.00,0,0,0.00,"Clean Transaction"
2024-03-01,2024-03,1845,North,Pro,Active,50.00,50.00,0,0,0.00,"Clean Transaction"
2024-03-01,2024-03,1846,North,Basic,Active,10.00,10.00,0,0,0.00,"Clean Transaction"
2024-03-01,2024-03,1847,South,Pro,Active,50.00,50.00,0,0,0.00,"Clean Transaction"
2024-03-01,2024-03,1848,South,Pro,Active,50.00,50.00,0,0,0.00,"Clean Transaction"
2024-03-01,2024-03,1849,East,Pro,Active,50.00,50.00,0,0,0.00,"Clean Transaction"
2024-03-01,2024-03,1850,South,Basic,Cancelled,10.00,10.00,0,0,0.00,"Clean Transaction"
2024-03-01,2024-03,1851,East,Basic,Active,10.00,10.00,0,0,0.00,"Clean Transaction"
2024-03-01,2024-03,1852,South,Pro,Active,50.00,50.00,0,0,0.00,"Clean Transaction"
2024-03-01,2024-03,1853,North,Pro,Active,50.00,50.00,0,0,0.00,"Clean Transaction"
2024-03-01,2024-03,1854,East,Basic,Active,10.00,10.00,0,0,0.00,"Clean Transaction"
2024-03-01,2024-03,1855,East,Basic,Active,10.00,10.00,0,0,0.00,"Clean Transaction"
2024-03-01,2024-03,1856,North,Basic,Active,10.00,10.00,0,0,0.00,"Clean Transaction"
2024-03-01,2024-03,1857,East,Pro,Active,50.00,50.00,0,0,0.00,"Clean Transaction"
2024-03-01,2024-03,1858,East,Pro,Active,50.00,50.00,0,0,0.00,"Clean Transaction"
2024-03-01,2024-03,1859,South,Enterprise,Active,200.00,200.00,0,0,0.00,"Clean Transaction"
2024-03-01,2024-03,1860,East,Enterprise,Active,200.00,200.00,0,0,0.00,"Clean Transaction"
2024-03-01,2024-03,1861,West,Enterprise,Active,200.00,200.00,0,0,0.00,"Clean Transaction"
2024-03-01,2024-03,1862,North,Enterprise,Active,200.00,200.00,0,0,0.00,"Clean Transaction"
2024-03-01,2024-03,1863,South,Enterprise,Active,200.00,200.00,0,0,0.00,"Clean Transaction"
2024-03-01,2024-03,1864,South,Enterprise,Active,200.00,200.00,0,0,0.00,"Clean Transaction"
2024-03-01,2024-03,1865,West,Pro,Active,50.00,50.00,0,0,0.00,"Clean Transaction"
2024-03-01,2024-03,1866,North,Enterprise,Active,200.00,200.00,0,0,0.00,"Clean Transaction"
2024-03-01,2024-03,1867,North,Basic,Active,10.00,10.00,0,0,0.00,"Clean Transaction"
2024-03-01,2024-03,1868,South,Enterprise,Active,200.00,200.00,0,0,0.00,"Clean Transaction"
2024-03-01,2024-03,1869,East,Enterprise,Active,200.00,200.00,0,0,0.00,"Clean Transaction"
2024-03-01,2024-03,1870,South,Pro,Active,50.00,50.00,0,0,0.00,"Clean Transaction"
2024-03-01,2024-03,1871,North,Enterprise,Active,200.00,200.00,0,0,0.00,"Clean Transaction"
2024-03-01,2024-03,1872,West,Basic,Active,10.00,10.00,0,0,0.00,"Clean Transaction"
2024-03-01,2024-03,1873,South,Basic,Active,10.00,10.00,0,0,0.00,"Clean Transaction"
2024-03-01,2024-03,1874,North,Pro,Active,50.00,50.00,0,0,0.00,"Clean Transaction"
2024-03-01,2024-03,1875,South,Basic,Active,10.00,10.00,0,0,0.00,"Clean Transaction"
2024-03-01,2024-03,1876,East,Enterprise,Active,200.00,200.00,0,0,0.00,"Clean Transaction"
2024-03-01,2024-03,1877,South,Pro,Active,50.00,50.00,0,0,0.00,"Clean Transaction"
2024-03-01,2024-03,1878,South,Pro,Active,50.00,50.00,0,0,0.00,"Clean Transaction"
2024-03-01,2024-03,1879,North,Basic,Active,10.00,10.00,0,0,0.00,"Clean Transaction"
2024-03-01,2024-03,1881,North,Pro,Active,50.00,50.00,0,0,0.00,"Clean Transaction"
2024-03-01,2024-03,1882,South,Basic,Active,10.00,10.00,0,0,0.00,"Clean Transaction"
2024-03-01,2024-03,1883,East,Pro,Cancelled,50.00,50.00,0,0,0.00,"Clean Transaction"
2024-03-01,2024-03,1884,West,Basic,Active,10.00,0.00,1,0,10.00,"Unpaid Invoice"
2024-03-01,2024-03,1885,West,Basic,Active,10.00,10.00,0,0,0.00,"Clean Transaction"
2024-03-01,2024-03,1886,North,Basic,Active,10.00,10.00,0,0,0.00,"Clean Transaction"
2024-03-01,2024-03,1887,North,Pro,Active,50.00,50.00,0,0,0.00,"Clean Transaction"
2024-03-01,2024-03,1888,South,Basic,Active,10.00,10.00,0,0,0.00,"Clean Transaction"
2024-03-01,2024-03,1889,West,Enterprise,Active,200.00,200.00,0,0,0.00,"Clean Transaction"
2024-03-01,2024-03,1890,North,Pro,Active,50.00,50.00,0,0,0.00,"Clean Transaction"
2024-03-01,2024-03,1891,East,Enterprise,Cancelled,200.00,200.00,0,0,0.00,"Clean Transaction"
2024-03-01,2024-03,1892,East,Enterprise,Active,200.00,200.00,0,0,0.00,"Clean Transaction"
2024-03-01,2024-03,1893,North,Enterprise,Active,200.00,196.90,0,0,3.10,"Partial Payment"
2024-03-01,2024-03,1894,North,Pro,Active,50.00,50.00,0,0,0.00,"Clean Transaction"
2024-03-01,2024-03,1895,West,Basic,Cancelled,10.00,10.00,0,0,0.00,"Clean Transaction"
2024-03-01,2024-03,1896,West,Enterprise,Active,200.00,200.00,0,0,0.00,"Clean Transaction"
2024-03-01,2024-03,1897,South,Basic,Cancelled,10.00,10.00,0,0,0.00,"Clean Transaction"
2024-03-01,2024-03,1898,West,Pro,Active,50.00,50.00,0,0,0.00,"Clean Transaction"
2024-03-01,2024-03,1899,East,Enterprise,Active,200.00,200.00,0,0,0.00,"Clean Transaction"
2024-03-01,2024-03,1900,East,Pro,Active,50.00,50.00,0,0,0.00,"Clean Transaction"
2024-03-01,2024-03,1901,North,Enterprise,Active,200.00,200.00,0,0,0.00,"Clean Transaction"
2024-03-01,2024-03,1902,West,Basic,Active,10.00,10.00,0,0,0.00,"Clean Transaction"
2024-03-01,2024-03,1903,South,Pro,Active,50.00,50.00,0,0,0.00,"Clean Transaction"
2024-03-01,2024-03,1904,East,Pro,Active,50.00,50.00,0,0,0.00,"Clean Transaction"
2024-03-01,2024-03,1905,East,Pro,Active,50.00,50.00,0,0,0.00,"Clean Transaction"
2024-03-01,2024-03,1906,South,Basic,Active,10.00,10.00,0,0,0.00,"Clean Transaction"
2024-03-01,2024-03,1907,South,Enterprise,Active,200.00,200.00,0,0,0.00,"Clean Transaction"
2024-03-01,2024-03,1908,East,Basic,Active,10.00,9.23,0,0,0.77,"Partial Payment"
2024-03-01,2024-03,1909,East,Enterprise,Active,200.00,200.00,0,0,0.00,"Clean Transaction"
2024-03-01,2024-03,1910,South,Basic,Active,10.00,10.00,0,0,0.00,"Clean Transaction"
2024-03-01,2024-03,1911,East,Pro,Active,50.00,50.00,0,0,0.00,"Clean Transaction"
2024-03-01,2024-03,1912,North,Basic,Active,10.00,10.00,0,0,0.00,"Clean Transaction"
2024-03-01,2024-03,1913,North,Pro,Cancelled,50.00,50.00,0,0,0.00,"Clean Transaction"
2024-03-01,2024-03,1914,South,Basic,Active,10.00,10.00,0,0,0.00,"Clean Transaction"
2024-03-01,2024-03,1915,West,Pro,Cancelled,50.00,50.00,0,0,0.00,"Clean Transaction"
2024-03-01,2024-03,1916,South,Enterprise,Active,200.00,200.00,0,0,0.00,"Clean Transaction"
2024-03-01,2024-03,1917,South,Pro,Active,50.00,50.00,0,0,0.00,"Clean Transaction"
2024-03-01,2024-03,1918,West,Pro,Active,50.00,50.00,0,0,0.00,"Clean Transaction"
2024-03-01,2024-03,1919,West,Pro,Active,50.00,50.00,0,0,0.00,"Clean Transaction"
2024-03-01,2024-03,1920,West,Pro,Active,50.00,50.00,0,0,0.00,"Clean Transaction"
2024-03-01,2024-03,1921,North,Basic,Active,10.00,10.00,0,0,0.00,"Clean Transaction"
2024-03-01,2024-03,1922,East,Enterprise,Active,200.00,200.00,0,0,0.00,"Clean Transaction"
2024-03-01,2024-03,1924,East,Enterprise,Active,200.00,200.00,0,0,0.00,"Clean Transaction"
2024-03-01,2024-03,1925,North,Basic,Active,10.00,10.00,0,0,0.00,"Clean Transaction"
2024-03-01,2024-03,1926,East,Enterprise,Active,200.00,200.00,0,0,0.00,"Clean Transaction"
2024-03-01,2024-03,1927,North,Enterprise,Active,200.00,200.00,0,0,0.00,"Clean Transaction"
2024-03-01,2024-03,1928,West,Enterprise,Active,200.00,200.00,0,0,0.00,"Clean Transaction"
2024-03-01,2024-03,1929,South,Pro,Active,50.00,50.00,0,0,0.00,"Clean Transaction"
2024-03-01,2024-03,1930,North,Enterprise,Cancelled,200.00,200.00,0,0,0.00,"Clean Transaction"
2024-03-01,2024-03,1931,East,Basic,Active,10.00,10.00,0,0,0.00,"Clean Transaction"
2024-03-01,2024-03,1932,West,Pro,Active,50.00,50.00,0,0,0.00,"Clean Transaction"
2024-03-01,2024-03,1933,North,Pro,Active,50.00,50.00,0,0,0.00,"Clean Transaction"
2024-03-01,2024-03,1934,North,Enterprise,Active,200.00,200.00,0,0,0.00,"Clean Transaction"
2024-03-01,2024-03,1935,West,Enterprise,Active,200.00,200.00,0,0,0.00,"Clean Transaction"
2024-03-01,2024-03,1936,North,Pro,Active,50.00,50.00,0,0,0.00,"Clean Transaction"
2024-03-01,2024-03,1937,South,Basic,Active,10.00,10.00,0,0,0.00,"Clean Transaction"
2024-03-01,2024-03,1938,North,Pro,Cancelled,50.00,50.00,0,0,0.00,"Clean Transaction"
2024-03-01,2024-03,1939,South,Pro,Active,50.00,50.00,0,0,0.00,"Clean Transaction"
2024-03-01,2024-03,1940,South,Enterprise,Active,200.00,200.00,0,0,0.00,"Clean Transaction"
2024-03-01,2024-03,1941,West,Basic,Active,10.00,10.00,0,0,0.00,"Clean Transaction"
2024-03-01,2024-03,1942,North,Basic,Active,10.00,10.00,0,0,0.00,"Clean Transaction"
2024-03-01,2024-03,1943,West,Pro,Active,50.00,50.00,0,0,0.00,"Clean Transaction"
2024-03-01,2024-03,1944,North,Enterprise,Active,200.00,200.00,0,0,0.00,"Clean Transaction"
2024-03-01,2024-03,1945,North,Enterprise,Cancelled,200.00,200.00,0,0,0.00,"Clean Transaction"
2024-03-01,2024-03,1946,East,Enterprise,Active,200.00,200.00,0,0,0.00,"Clean Transaction"
2024-03-01,2024-03,1947,North,Enterprise,Active,200.00,197.57,0,0,2.43,"Partial Payment"
2024-03-01,2024-03,1948,West,Basic,Active,10.00,10.00,0,0,0.00,"Clean Transaction"
2024-03-01,2024-03,1949,South,Basic,Active,10.00,10.00,0,0,0.00,"Clean Transaction"
2024-03-01,2024-03,1950,North,Pro,Active,50.00,50.00,0,0,0.00,"Clean Transaction"
2024-03-01,2024-03,1951,East,Pro,Active,50.00,50.00,0,0,0.00,"Clean Transaction"
2024-03-01,2024-03,1952,West,Basic,Active,10.00,0.00,1,0,10.00,"Unpaid Invoice"
2024-03-01,2024-03,1953,North,Pro,Active,50.00,50.00,0,0,0.00,"Clean Transaction"
2024-03-01,2024-03,1954,West,Enterprise,Active,200.00,200.00,0,0,0.00,"Clean Transaction"
2024-03-01,2024-03,1955,East,Pro,Active,50.00,50.00,0,0,0.00,"Clean Transaction"
2024-03-01,2024-03,1956,East,Enterprise,Active,200.00,200.00,0,0,0.00,"Clean Transaction"
2024-03-01,2024-03,1957,West,Pro,Active,50.00,50.00,0,0,0.00,"Clean Transaction"
2024-03-01,2024-03,1958,North,Pro,Active,50.00,50.00,0,0,0.00,"Clean Transaction"
2024-03-01,2024-03,1959,South,Enterprise,Active,200.00,200.00,0,0,0.00,"Clean Transaction"
2024-03-01,2024-03,1960,East,Basic,Active,10.00,9.25,0,0,0.75,"Partial Payment"
2024-03-01,2024-03,1962,North,Basic,Active,10.00,10.00,0,0,0.00,"Clean Transaction"
2024-03-01,2024-03,1963,South,Enterprise,Cancelled,200.00,200.00,0,0,0.00,"Clean Transaction"
2024-03-01,2024-03,1964,East,Enterprise,Active,200.00,200.00,0,0,0.00,"Clean Transaction"
2024-03-01,2024-03,1965,East,Enterprise,Active,200.00,200.00,0,0,0.00,"Clean Transaction"
2024-03-01,2024-03,1966,North,Basic,Active,10.00,10.00,0,0,0.00,"Clean Transaction"
2024-03-01,2024-03,1967,North,Enterprise,Active,200.00,200.00,0,0,0.00,"Clean Transaction"
2024-03-01,2024-03,1968,South,Enterprise,Active,200.00,200.00,0,0,0.00,"Clean Transaction"
2024-03-01,2024-03,1969,South,Enterprise,Active,200.00,200.00,0,0,0.00,"Clean Transaction"
2024-03-01,2024-03,1970,East,Basic,Active,10.00,10.00,0,0,0.00,"Clean Transaction"
2024-03-01,2024-03,1971,West,Pro,Cancelled,50.00,50.00,0,0,0.00,"Clean Transaction"
2024-03-01,2024-03,1972,East,Enterprise,Cancelled,200.00,0.00,1,0,200.00,"Unpaid Invoice"
2024-03-01,2024-03,1973,North,Basic,Active,10.00,10.00,0,0,0.00,"Clean Transaction"
2024-03-01,2024-03,1974,East,Enterprise,Active,200.00,200.00,0,0,0.00,"Clean Transaction"
2024-03-01,2024-03,1975,West,Pro,Active,50.00,50.00,0,0,0.00,"Clean Transaction"
2024-03-01,2024-03,1976,South,Basic,Active,10.00,10.00,0,0,0.00,"Clean Transaction"
2024-03-01,2024-03,1977,West,Pro,Active,50.00,50.00,0,0,0.00,"Clean Transaction"
2024-03-01,2024-03,1978,West,Enterprise,Active,200.00,200.00,0,0,0.00,"Clean Transaction"
2024-03-01,2024-03,1979,West,Enterprise,Active,200.00,200.00,0,0,0.00,"Clean Transaction"
2024-03-01,2024-03,1980,South,Enterprise,Active,200.00,200.00,0,0,0.00,"Clean Transaction"
2024-03-01,2024-03,1981,West,Basic,Active,10.00,10.00,0,0,0.00,"Clean Transaction"
2024-03-01,2024-03,1982,West,Basic,Active,10.00,10.00,0,0,0.00,"Clean Transaction"
2024-03-01,2024-03,1983,West,Pro,Cancelled,50.00,50.00,0,0,0.00,"Clean Transaction"
2024-03-01,2024-03,1984,North,Enterprise,Cancelled,200.00,200.00,0,0,0.00,"Clean Transaction"
2024-03-01,2024-03,1985,West,Enterprise,Active,200.00,200.00,0,0,0.00,"Clean Transaction"
2024-03-01,2024-03,1986,South,Enterprise,Cancelled,200.00,200.00,0,0,0.00,"Clean Transaction"
2024-03-01,2024-03,1987,West,Basic,Active,10.00,10.00,0,0,0.00,"Clean Transaction"
2024-03-01,2024-03,1988,West,Enterprise,Active,200.00,200.00,0,0,0.00,"Clean Transaction"
2024-03-01,2024-03,1989,South,Basic,Active,10.00,10.00,0,0,0.00,"Clean Transaction"
2024-03-01,2024-03,1990,West,Enterprise,Active,200.00,200.00,0,0,0.00,"Clean Transaction"
2024-03-01,2024-03,1991,South,Basic,Cancelled,10.00,10.00,0,0,0.00,"Clean Transaction"
2024-03-01,2024-03,1992,West,Basic,Active,10.00,10.00,0,0,0.00,"Clean Transaction"
2024-03-01,2024-03,1993,South,Pro,Active,50.00,50.00,0,0,0.00,"Clean Transaction"
2024-03-01,2024-03,1994,West,Basic,Active,10.00,10.00,0,0,0.00,"Clean Transaction"
2024-03-01,2024-03,1995,West,Basic,Active,10.00,10.00,0,0,0.00,"Clean Transaction"
2024-03-01,2024-03,1996,North,Basic,Active,10.00,10.00,0,0,0.00,"Clean Transaction"
2024-03-01,2024-03,1997,North,Basic,Active,10.00,10.00,0,0,0.00,"Clean Transaction"
2024-03-01,2024-03,1998,West,Basic,Active,10.00,10.00,0,0,0.00,"Clean Transaction"
2024-03-01,2024-03,1999,West,Pro,Active,50.00,50.00,0,0,0.00,"Clean Transaction"
2024-03-01,2024-03,2000,East,Pro,Cancelled,50.00,50.00,0,0,0.00,"Clean Transaction"
2024-04-01,2024-04,1001,East,Basic,Cancelled,10.00,10.00,0,0,0.00,"Clean Transaction"
2024-04-01,2024-04,1002,West,Basic,Active,10.00,10.00,0,0,0.00,"Clean Transaction"
2024-04-01,2024-04,1003,North,Enterprise,Cancelled,200.00,191.34,0,0,8.66,"Partial Payment"
2024-04-01,2024-04,1004,East,Basic,Active,10.00,10.00,0,0,0.00,"Clean Transaction"
2024-04-01,2024-04,1005,East,Pro,Cancelled,50.00,50.00,0,0,0.00,"Clean Transaction"
2024-04-01,2024-04,1006,West,Basic,Cancelled,10.00,10.00,0,0,0.00,"Clean Transaction"
2024-04-01,2024-04,1007,North,Enterprise,Active,200.00,181.50,0,0,18.50,"Partial Payment"
2024-04-01,2024-04,1008,North,Pro,Active,50.00,50.00,0,0,0.00,"Clean Transaction"
2024-04-01,2024-04,1009,East,Enterprise,Active,200.00,200.00,0,0,0.00,"Clean Transaction"
2024-04-01,2024-04,1010,South,Pro,Active,50.00,50.00,0,0,0.00,"Clean Transaction"
2024-04-01,2024-04,1011,East,Basic,Active,10.00,10.00,0,0,0.00,"Clean Transaction"
2024-04-01,2024-04,1013,East,Basic,Active,10.00,10.00,0,0,0.00,"Clean Transaction"
2024-04-01,2024-04,1014,East,Basic,Active,10.00,10.00,0,0,0.00,"Clean Transaction"
2024-04-01,2024-04,1015,West,Basic,Active,10.00,10.00,0,0,0.00,"Clean Transaction"
2024-04-01,2024-04,1016,North,Basic,Active,10.00,10.00,0,0,0.00,"Clean Transaction"
2024-04-01,2024-04,1017,West,Pro,Active,50.00,50.00,0,0,0.00,"Clean Transaction"
2024-04-01,2024-04,1018,West,Pro,Active,50.00,50.00,0,0,0.00,"Clean Transaction"
2024-04-01,2024-04,1019,West,Enterprise,Active,200.00,200.00,0,0,0.00,"Clean Transaction"
2024-04-01,2024-04,1020,East,Pro,Active,50.00,50.00,0,0,0.00,"Clean Transaction"
2024-04-01,2024-04,1022,North,Basic,Active,10.00,10.00,0,0,0.00,"Clean Transaction"
2024-04-01,2024-04,1023,South,Enterprise,Active,200.00,200.00,0,0,0.00,"Clean Transaction"
2024-04-01,2024-04,1024,West,Pro,Active,50.00,50.00,0,0,0.00,"Clean Transaction"
2024-04-01,2024-04,1025,West,Enterprise,Active,200.00,200.00,0,0,0.00,"Clean Transaction"
2024-04-01,2024-04,1026,South,Pro,Active,50.00,50.00,0,0,0.00,"Clean Transaction"
2024-04-01,2024-04,1027,South,Pro,Active,50.00,50.00,0,0,0.00,"Clean Transaction"
2024-04-01,2024-04,1028,South,Enterprise,Active,200.00,200.00,0,0,0.00,"Clean Transaction"
2024-04-01,2024-04,1029,West,Basic,Active,10.00,10.00,0,0,0.00,"Clean Transaction"
2024-04-01,2024-04,1030,West,Enterprise,Active,200.00,200.00,0,0,0.00,"Clean Transaction"
2024-04-01,2024-04,1031,North,Basic,Active,10.00,10.00,0,0,0.00,"Clean Transaction"
2024-04-01,2024-04,1032,North,Pro,Active,50.00,50.00,0,0,0.00,"Clean Transaction"
2024-04-01,2024-04,1033,West,Pro,Cancelled,50.00,50.00,0,0,0.00,"Clean Transaction"
2024-04-01,2024-04,1034,South,Pro,Active,50.00,50.00,0,0,0.00,"Clean Transaction"
2024-04-01,2024-04,1035,South,Enterprise,Active,200.00,200.00,0,0,0.00,"Clean Transaction"
2024-04-01,2024-04,1036,North,Enterprise,Active,200.00,192.95,0,0,7.05,"Partial Payment"
2024-04-01,2024-04,1037,West,Basic,Active,10.00,10.00,0,0,0.00,"Clean Transaction"
2024-04-01,2024-04,1038,North,Enterprise,Active,200.00,200.00,0,0,0.00,"Clean Transaction"
2024-04-01,2024-04,1039,North,Basic,Active,10.00,10.00,0,0,0.00,"Clean Transaction"
2024-04-01,2024-04,1040,East,Basic,Active,10.00,10.00,0,0,0.00,"Clean Transaction"
2024-04-01,2024-04,1041,East,Pro,Active,50.00,50.00,0,0,0.00,"Clean Transaction"
2024-04-01,2024-04,1043,South,Pro,Active,50.00,50.00,0,0,0.00,"Clean Transaction"
2024-04-01,2024-04,1044,West,Pro,Active,50.00,50.00,0,0,0.00,"Clean Transaction"
2024-04-01,2024-04,1046,West,Enterprise,Cancelled,200.00,200.00,0,0,0.00,"Clean Transaction"
2024-04-01,2024-04,1048,East,Basic,Active,10.00,9.66,0,0,0.34,"Partial Payment"
2024-04-01,2024-04,1049,South,Enterprise,Active,200.00,200.00,0,0,0.00,"Clean Transaction"
2024-04-01,2024-04,1050,South,Pro,Active,50.00,50.00,0,0,0.00,"Clean Transaction"
2024-04-01,2024-04,1051,East,Pro,Active,50.00,50.00,0,0,0.00,"Clean Transaction"
2024-04-01,2024-04,1052,South,Enterprise,Cancelled,200.00,200.00,0,0,0.00,"Clean Transaction"
2024-04-01,2024-04,1053,East,Enterprise,Active,200.00,200.00,0,0,0.00,"Clean Transaction"
2024-04-01,2024-04,1054,West,Basic,Active,10.00,10.00,0,0,0.00,"Clean Transaction"
2024-04-01,2024-04,1055,East,Enterprise,Active,200.00,200.00,0,0,0.00,"Clean Transaction"
2024-04-01,2024-04,1056,West,Enterprise,Active,200.00,200.00,0,0,0.00,"Clean Transaction"
2024-04-01,2024-04,1057,West,Enterprise,Active,200.00,200.00,0,0,0.00,"Clean Transaction"
2024-04-01,2024-04,1058,North,Pro,Active,50.00,50.00,0,0,0.00,"Clean Transaction"
2024-04-01,2024-04,1060,North,Pro,Active,50.00,50.00,0,0,0.00,"Clean Transaction"
2024-04-01,2024-04,1061,East,Pro,Active,50.00,50.00,0,0,0.00,"Clean Transaction"
2024-04-01,2024-04,1062,East,Pro,Active,50.00,50.00,0,0,0.00,"Clean Transaction"
2024-04-01,2024-04,1063,North,Basic,Active,10.00,10.00,0,0,0.00,"Clean Transaction"
2024-04-01,2024-04,1064,North,Basic,Active,10.00,10.00,0,0,0.00,"Clean Transaction"
2024-04-01,2024-04,1065,East,Pro,Active,50.00,50.00,0,0,0.00,"Clean Transaction"
2024-04-01,2024-04,1066,South,Basic,Active,10.00,10.00,0,0,0.00,"Clean Transaction"
2024-04-01,2024-04,1067,West,Pro,Active,50.00,50.00,0,0,0.00,"Clean Transaction"
2024-04-01,2024-04,1068,North,Enterprise,Active,200.00,200.00,0,0,0.00,"Clean Transaction"
2024-04-01,2024-04,1069,West,Enterprise,Active,200.00,194.17,0,0,5.83,"Partial Payment"
2024-04-01,2024-04,1070,South,Enterprise,Active,200.00,200.00,0,0,0.00,"Clean Transaction"
2024-04-01,2024-04,1071,South,Enterprise,Active,200.00,200.00,0,0,0.00,"Clean Transaction"
2024-04-01,2024-04,1072,South,Enterprise,Cancelled,200.00,200.00,0,0,0.00,"Clean Transaction"
2024-04-01,2024-04,1073,North,Enterprise,Active,200.00,200.00,0,0,0.00,"Clean Transaction"
2024-04-01,2024-04,1074,South,Basic,Cancelled,10.00,0.00,1,0,10.00,"Unpaid Invoice"
2024-04-01,2024-04,1075,North,Enterprise,Active,200.00,200.00,0,0,0.00,"Clean Transaction"
2024-04-01,2024-04,1076,South,Enterprise,Active,200.00,200.00,0,0,0.00,"Clean Transaction"
2024-04-01,2024-04,1077,West,Basic,Active,10.00,10.00,0,0,0.00,"Clean Transaction"
2024-04-01,2024-04,1078,West,Pro,Active,50.00,50.00,0,0,0.00,"Clean Transaction"
2024-04-01,2024-04,1079,East,Basic,Active,10.00,10.00,0,0,0.00,"Clean Transaction"
2024-04-01,2024-04,1080,West,Enterprise,Active,200.00,200.00,0,0,0.00,"Clean Transaction"
2024-04-01,2024-04,1081,East,Pro,Active,50.00,50.00,0,0,0.00,"Clean Transaction"
2024-04-01,2024-04,1082,West,Basic,Active,10.00,10.00,0,0,0.00,"Clean Transaction"
2024-04-01,2024-04,1083,North,Pro,Cancelled,50.00,50.00,0,0,0.00,"Clean Transaction"
2024-04-01,2024-04,1084,West,Pro,Cancelled,50.00,50.00,0,0,0.00,"Clean Transaction"
2024-04-01,2024-04,1085,East,Basic,Active,10.00,10.00,0,0,0.00,"Clean Transaction"
2024-04-01,2024-04,1086,East,Basic,Active,10.00,10.00,0,0,0.00,"Clean Transaction"
2024-04-01,2024-04,1087,South,Pro,Active,50.00,50.00,0,0,0.00,"Clean Transaction"
2024-04-01,2024-04,1088,North,Pro,Active,50.00,50.00,0,0,0.00,"Clean Transaction"
2024-04-01,2024-04,1089,West,Basic,Active,10.00,10.00,0,0,0.00,"Clean Transaction"
2024-04-01,2024-04,1090,South,Pro,Active,50.00,50.00,0,0,0.00,"Clean Transaction"
2024-04-01,2024-04,1091,West,Basic,Active,10.00,10.00,0,0,0.00,"Clean Transaction"
2024-04-01,2024-04,1092,West,Basic,Active,10.00,10.00,0,0,0.00,"Clean Transaction"
2024-04-01,2024-04,1093,South,Pro,Active,50.00,50.00,0,0,0.00,"Clean Transaction"
2024-04-01,2024-04,1094,South,Basic,Active,10.00,10.00,0,0,0.00,"Clean Transaction"
2024-04-01,2024-04,1095,South,Pro,Active,50.00,0.00,1,0,50.00,"Unpaid Invoice"
2024-04-01,2024-04,1096,South,Pro,Active,50.00,50.00,0,0,0.00,"Clean Transaction"
2024-04-01,2024-04,1097,South,Enterprise,Active,200.00,200.00,0,0,0.00,"Clean Transaction"
2024-04-01,2024-04,1098,West,Enterprise,Active,200.00,200.00,0,0,0.00,"Clean Transaction"
2024-04-01,2024-04,1099,South,Enterprise,Active,200.00,200.00,0,0,0.00,"Clean Transaction"
2024-04-01,2024-04,1100,North,Basic,Active,10.00,10.00,0,0,0.00,"Clean Transaction"
2024-04-01,2024-04,1101,East,Enterprise,Active,200.00,200.00,0,0,0.00,"Clean Transaction"
2024-04-01,2024-04,1102,South,Enterprise,Active,200.00,200.00,0,0,0.00,"Clean Transaction"
2024-04-01,2024-04,1103,South,Enterprise,Active,200.00,200.00,0,0,0.00,"Clean Transaction"
2024-04-01,2024-04,1104,West,Enterprise,Active,200.00,200.00,0,0,0.00,"Clean Transaction"
2024-04-01,2024-04,1105,South,Pro,Active,50.00,50.00,0,0,0.00,"Clean Transaction"
2024-04-01,2024-04,1106,South,Basic,Active,10.00,10.00,0,0,0.00,"Clean Transaction"
2024-04-01,2024-04,1107,South,Basic,Active,10.00,10.00,0,0,0.00,"Clean Transaction"
2024-04-01,2024-04,1108,West,Pro,Active,50.00,50.00,0,0,0.00,"Clean Transaction"
2024-04-01,2024-04,1109,South,Pro,Active,50.00,50.00,0,0,0.00,"Clean Transaction"
2024-04-01,2024-04,1110,East,Basic,Active,10.00,10.00,0,0,0.00,"Clean Transaction"
2024-04-01,2024-04,1111,West,Enterprise,Active,200.00,200.00,0,0,0.00,"Clean Transaction"
2024-04-01,2024-04,1112,East,Enterprise,Active,200.00,200.00,0,0,0.00,"Clean Transaction"
2024-04-01,2024-04,1113,West,Basic,Active,10.00,10.00,0,0,0.00,"Clean Transaction"
2024-04-01,2024-04,1114,South,Basic,Active,10.00,10.00,0,0,0.00,"Clean Transaction"
2024-04-01,2024-04,1115,East,Enterprise,Cancelled,200.00,200.00,0,0,0.00,"Clean Transaction"
2024-04-01,2024-04,1116,West,Enterprise,Active,200.00,200.00,0,0,0.00,"Clean Transaction"
2024-04-01,2024-04,1117,North,Pro,Active,50.00,50.00,0,0,0.00,"Clean Transaction"
2024-04-01,2024-04,1118,South,Enterprise,Active,200.00,200.00,0,0,0.00,"Clean Transaction"
2024-04-01,2024-04,1119,West,Pro,Active,50.00,50.00,0,0,0.00,"Clean Transaction"
2024-04-01,2024-04,1120,North,Pro,Active,50.00,50.00,0,0,0.00,"Clean Transaction"
2024-04-01,2024-04,1121,West,Enterprise,Active,200.00,200.00,0,0,0.00,"Clean Transaction"
2024-04-01,2024-04,1122,North,Basic,Active,10.00,10.00,0,0,0.00,"Clean Transaction"
2024-04-01,2024-04,1123,South,Enterprise,Active,200.00,200.00,0,0,0.00,"Clean Transaction"
2024-04-01,2024-04,1125,North,Pro,Active,50.00,50.00,0,0,0.00,"Clean Transaction"
2024-04-01,2024-04,1126,West,Basic,Active,10.00,10.00,0,0,0.00,"Clean Transaction"
2024-04-01,2024-04,1127,South,Pro,Active,50.00,50.00,0,0,0.00,"Clean Transaction"
2024-04-01,2024-04,1128,North,Enterprise,Active,200.00,200.00,0,0,0.00,"Clean Transaction"
2024-04-01,2024-04,1129,West,Basic,Active,10.00,10.00,0,0,0.00,"Clean Transaction"
2024-04-01,2024-04,1130,West,Pro,Cancelled,50.00,50.00,0,0,0.00,"Clean Transaction"
2024-04-01,2024-04,1131,West,Pro,Active,50.00,50.00,0,0,0.00,"Clean Transaction"
2024-04-01,2024-04,1132,North,Pro,Active,50.00,50.00,0,0,0.00,"Clean Transaction"
2024-04-01,2024-04,1133,North,Enterprise,Active,200.00,0.00,1,0,200.00,"Unpaid Invoice"
2024-04-01,2024-04,1134,North,Enterprise,Active,200.00,200.00,0,0,0.00,"Clean Transaction"
2024-04-01,2024-04,1135,East,Enterprise,Active,200.00,200.00,0,0,0.00,"Clean Transaction"
2024-04-01,2024-04,1136,North,Basic,Active,10.00,10.00,0,0,0.00,"Clean Transaction"
2024-04-01,2024-04,1137,North,Basic,Active,10.00,10.00,0,0,0.00,"Clean Transaction"
2024-04-01,2024-04,1138,North,Enterprise,Active,200.00,200.00,0,0,0.00,"Clean Transaction"
2024-04-01,2024-04,1139,East,Pro,Active,50.00,50.00,0,0,0.00,"Clean Transaction"
2024-04-01,2024-04,1140,North,Basic,Active,10.00,10.00,0,0,0.00,"Clean Transaction"
2024-04-01,2024-04,1141,West,Pro,Active,50.00,50.00,0,0,0.00,"Clean Transaction"
2024-04-01,2024-04,1142,North,Basic,Cancelled,10.00,10.00,0,0,0.00,"Clean Transaction"
2024-04-01,2024-04,1143,West,Basic,Active,10.00,10.00,0,0,0.00,"Clean Transaction"
2024-04-01,2024-04,1144,West,Enterprise,Active,200.00,200.00,0,0,0.00,"Clean Transaction"
2024-04-01,2024-04,1145,West,Basic,Active,10.00,10.00,0,0,0.00,"Clean Transaction"
2024-04-01,2024-04,1146,East,Enterprise,Cancelled,200.00,200.00,0,0,0.00,"Clean Transaction"
2024-04-01,2024-04,1147,East,Enterprise,Active,200.00,200.00,0,0,0.00,"Clean Transaction"
2024-04-01,2024-04,1148,East,Pro,Active,50.00,50.00,0,0,0.00,"Clean Transaction"
2024-04-01,2024-04,1149,North,Pro,Active,50.00,50.00,0,0,0.00,"Clean Transaction"
2024-04-01,2024-04,1150,West,Basic,Active,10.00,10.00,0,0,0.00,"Clean Transaction"
2024-04-01,2024-04,1151,East,Pro,Active,50.00,50.00,0,0,0.00,"Clean Transaction"
2024-04-01,2024-04,1152,East,Pro,Active,50.00,50.00,0,0,0.00,"Clean Transaction"
2024-04-01,2024-04,1153,North,Enterprise,Active,200.00,200.00,0,0,0.00,"Clean Transaction"
2024-04-01,2024-04,1154,East,Enterprise,Active,200.00,200.00,0,0,0.00,"Clean Transaction"
2024-04-01,2024-04,1155,North,Basic,Active,10.00,10.00,0,0,0.00,"Clean Transaction"
2024-04-01,2024-04,1156,South,Pro,Active,50.00,50.00,0,0,0.00,"Clean Transaction"
2024-04-01,2024-04,1157,East,Enterprise,Active,200.00,200.00,0,0,0.00,"Clean Transaction"
2024-04-01,2024-04,1158,South,Pro,Active,50.00,50.00,0,0,0.00,"Clean Transaction"
2024-04-01,2024-04,1159,North,Pro,Active,50.00,50.00,0,0,0.00,"Clean Transaction"
2024-04-01,2024-04,1160,West,Basic,Active,10.00,10.00,0,0,0.00,"Clean Transaction"
2024-04-01,2024-04,1161,East,Enterprise,Active,200.00,200.00,0,0,0.00,"Clean Transaction"
2024-04-01,2024-04,1162,North,Basic,Active,10.00,10.00,0,0,0.00,"Clean Transaction"
2024-04-01,2024-04,1163,West,Basic,Active,10.00,10.00,0,0,0.00,"Clean Transaction"
2024-04-01,2024-04,1164,West,Pro,Active,50.00,50.00,0,0,0.00,"Clean Transaction"
2024-04-01,2024-04,1165,South,Basic,Active,10.00,10.00,0,0,0.00,"Clean Transaction"
2024-04-01,2024-04,1166,North,Pro,Active,50.00,50.00,0,0,0.00,"Clean Transaction"
2024-04-01,2024-04,1168,East,Pro,Active,50.00,50.00,0,0,0.00,"Clean Transaction"
2024-04-01,2024-04,1169,East,Pro,Active,50.00,50.00,0,0,0.00,"Clean Transaction"
2024-04-01,2024-04,1170,South,Pro,Active,50.00,50.00,0,0,0.00,"Clean Transaction"
2024-04-01,2024-04,1171,West,Pro,Active,50.00,50.00,0,0,0.00,"Clean Transaction"
2024-04-01,2024-04,1172,North,Pro,Active,50.00,50.00,0,0,0.00,"Clean Transaction"
2024-04-01,2024-04,1173,East,Basic,Active,10.00,10.00,0,0,0.00,"Clean Transaction"
2024-04-01,2024-04,1174,West,Basic,Active,10.00,10.00,0,0,0.00,"Clean Transaction"
2024-04-01,2024-04,1175,West,Pro,Active,50.00,50.00,0,0,0.00,"Clean Transaction"
2024-04-01,2024-04,1176,South,Pro,Active,50.00,50.00,0,0,0.00,"Clean Transaction"
2024-04-01,2024-04,1177,East,Pro,Active,50.00,45.58,0,0,4.42,"Partial Payment"
2024-04-01,2024-04,1178,East,Basic,Active,10.00,10.00,0,0,0.00,"Clean Transaction"
2024-04-01,2024-04,1179,North,Pro,Active,50.00,50.00,0,0,0.00,"Clean Transaction"
2024-04-01,2024-04,1180,East,Basic,Active,10.00,10.00,0,0,0.00,"Clean Transaction"
2024-04-01,2024-04,1181,North,Basic,Active,10.00,10.00,0,0,0.00,"Clean Transaction"
2024-04-01,2024-04,1182,East,Basic,Active,10.00,10.00,0,0,0.00,"Clean Transaction"
2024-04-01,2024-04,1183,South,Pro,Active,50.00,50.00,0,0,0.00,"Clean Transaction"
2024-04-01,2024-04,1184,East,Basic,Active,10.00,10.00,0,0,0.00,"Clean Transaction"
2024-04-01,2024-04,1185,North,Basic,Active,10.00,10.00,0,0,0.00,"Clean Transaction"
2024-04-01,2024-04,1186,North,Pro,Active,50.00,50.00,0,0,0.00,"Clean Transaction"
2024-04-01,2024-04,1187,South,Pro,Active,50.00,50.00,0,0,0.00,"Clean Transaction"
2024-04-01,2024-04,1188,East,Basic,Active,10.00,10.00,0,0,0.00,"Clean Transaction"
2024-04-01,2024-04,1189,East,Basic,Active,10.00,10.00,0,0,0.00,"Clean Transaction"
2024-04-01,2024-04,1190,South,Enterprise,Active,200.00,200.00,0,0,0.00,"Clean Transaction"
2024-04-01,2024-04,1191,East,Enterprise,Active,200.00,200.00,0,0,0.00,"Clean Transaction"
2024-04-01,2024-04,1192,East,Enterprise,Active,200.00,200.00,0,0,0.00,"Clean Transaction"
2024-04-01,2024-04,1193,North,Pro,Active,50.00,50.00,0,0,0.00,"Clean Transaction"
2024-04-01,2024-04,1194,East,Pro,Active,50.00,48.99,0,0,1.01,"Partial Payment"
2024-04-01,2024-04,1195,East,Enterprise,Active,200.00,200.00,0,0,0.00,"Clean Transaction"
2024-04-01,2024-04,1196,South,Pro,Cancelled,50.00,50.00,0,0,0.00,"Clean Transaction"
2024-04-01,2024-04,1197,South,Basic,Active,10.00,10.00,0,0,0.00,"Clean Transaction"
2024-04-01,2024-04,1198,West,Basic,Active,10.00,10.00,0,0,0.00,"Clean Transaction"
2024-04-01,2024-04,1199,North,Pro,Active,50.00,50.00,0,0,0.00,"Clean Transaction"
2024-04-01,2024-04,1200,East,Enterprise,Active,200.00,200.00,0,0,0.00,"Clean Transaction"
2024-04-01,2024-04,1201,East,Enterprise,Active,200.00,200.00,0,0,0.00,"Clean Transaction"
2024-04-01,2024-04,1203,East,Basic,Cancelled,10.00,10.00,0,0,0.00,"Clean Transaction"
2024-04-01,2024-04,1204,North,Enterprise,Active,200.00,200.00,0,0,0.00,"Clean Transaction"
2024-04-01,2024-04,1205,West,Pro,Active,50.00,50.00,0,0,0.00,"Clean Transaction"
2024-04-01,2024-04,1206,North,Enterprise,Active,200.00,200.00,0,0,0.00,"Clean Transaction"
2024-04-01,2024-04,1207,West,Basic,Active,10.00,10.00,0,0,0.00,"Clean Transaction"
2024-04-01,2024-04,1208,West,Basic,Active,10.00,10.00,0,0,0.00,"Clean Transaction"
2024-04-01,2024-04,1209,South,Enterprise,Active,200.00,200.00,0,0,0.00,"Clean Transaction"
2024-04-01,2024-04,1210,North,Basic,Active,10.00,10.00,0,0,0.00,"Clean Transaction"
2024-04-01,2024-04,1211,East,Enterprise,Cancelled,200.00,200.00,0,0,0.00,"Clean Transaction"
2024-04-01,2024-04,1212,East,Basic,Active,10.00,10.00,0,0,0.00,"Clean Transaction"
2024-04-01,2024-04,1213,North,Pro,Active,50.00,50.00,0,0,0.00,"Clean Transaction"
2024-04-01,2024-04,1214,East,Basic,Active,10.00,10.00,0,0,0.00,"Clean Transaction"
2024-04-01,2024-04,1215,East,Enterprise,Active,200.00,200.00,0,0,0.00,"Clean Transaction"
2024-04-01,2024-04,1217,West,Pro,Active,50.00,50.00,0,0,0.00,"Clean Transaction"
2024-04-01,2024-04,1218,North,Basic,Active,10.00,10.00,0,0,0.00,"Clean Transaction"
2024-04-01,2024-04,1219,West,Enterprise,Active,200.00,200.00,0,0,0.00,"Clean Transaction"
2024-04-01,2024-04,1220,East,Pro,Active,50.00,50.00,0,0,0.00,"Clean Transaction"
2024-04-01,2024-04,1221,East,Pro,Active,50.00,50.00,0,0,0.00,"Clean Transaction"
2024-04-01,2024-04,1222,East,Enterprise,Active,200.00,200.00,0,0,0.00,"Clean Transaction"
2024-04-01,2024-04,1223,South,Basic,Active,10.00,10.00,0,0,0.00,"Clean Transaction"
2024-04-01,2024-04,1224,West,Basic,Active,10.00,10.00,0,0,0.00,"Clean Transaction"
2024-04-01,2024-04,1225,South,Pro,Active,50.00,50.00,0,0,0.00,"Clean Transaction"
2024-04-01,2024-04,1226,South,Pro,Active,50.00,50.00,0,0,0.00,"Clean Transaction"
2024-04-01,2024-04,1227,North,Basic,Cancelled,10.00,10.00,0,0,0.00,"Clean Transaction"
2024-04-01,2024-04,1228,South,Enterprise,Active,200.00,200.00,0,0,0.00,"Clean Transaction"
2024-04-01,2024-04,1230,North,Basic,Cancelled,10.00,10.00,0,0,0.00,"Clean Transaction"
2024-04-01,2024-04,1231,South,Enterprise,Active,200.00,200.00,0,0,0.00,"Clean Transaction"
2024-04-01,2024-04,1232,West,Basic,Active,10.00,10.00,0,0,0.00,"Clean Transaction"
2024-04-01,2024-04,1233,West,Basic,Active,10.00,10.00,0,0,0.00,"Clean Transaction"
2024-04-01,2024-04,1234,West,Pro,Active,50.00,50.00,0,0,0.00,"Clean Transaction"
2024-04-01,2024-04,1236,West,Basic,Cancelled,10.00,10.00,0,0,0.00,"Clean Transaction"
2024-04-01,2024-04,1237,South,Basic,Active,10.00,10.00,0,0,0.00,"Clean Transaction"
2024-04-01,2024-04,1238,South,Enterprise,Active,200.00,200.00,0,0,0.00,"Clean Transaction"
2024-04-01,2024-04,1239,East,Pro,Active,50.00,50.00,0,0,0.00,"Clean Transaction"
2024-04-01,2024-04,1240,West,Enterprise,Active,200.00,200.00,0,0,0.00,"Clean Transaction"
2024-04-01,2024-04,1241,South,Basic,Active,10.00,10.00,0,0,0.00,"Clean Transaction"
2024-04-01,2024-04,1243,West,Enterprise,Active,200.00,200.00,0,0,0.00,"Clean Transaction"
2024-04-01,2024-04,1244,North,Enterprise,Active,200.00,200.00,0,0,0.00,"Clean Transaction"
2024-04-01,2024-04,1245,East,Basic,Active,10.00,10.00,0,0,0.00,"Clean Transaction"
2024-04-01,2024-04,1246,South,Pro,Active,50.00,50.00,0,0,0.00,"Clean Transaction"
2024-04-01,2024-04,1248,North,Pro,Active,50.00,45.69,0,0,4.31,"Partial Payment"
2024-04-01,2024-04,1249,North,Enterprise,Active,200.00,200.00,0,0,0.00,"Clean Transaction"
2024-04-01,2024-04,1250,East,Basic,Active,10.00,9.66,0,0,0.34,"Partial Payment"
2024-04-01,2024-04,1251,South,Enterprise,Active,200.00,200.00,0,0,0.00,"Clean Transaction"
2024-04-01,2024-04,1252,North,Basic,Active,10.00,10.00,0,0,0.00,"Clean Transaction"
2024-04-01,2024-04,1253,West,Basic,Active,10.00,10.00,0,0,0.00,"Clean Transaction"
2024-04-01,2024-04,1254,North,Enterprise,Active,200.00,200.00,0,0,0.00,"Clean Transaction"
2024-04-01,2024-04,1255,North,Basic,Active,10.00,10.00,0,0,0.00,"Clean Transaction"
2024-04-01,2024-04,1256,East,Pro,Active,50.00,50.00,0,0,0.00,"Clean Transaction"
2024-04-01,2024-04,1257,East,Basic,Active,10.00,10.00,0,0,0.00,"Clean Transaction"
2024-04-01,2024-04,1258,South,Pro,Active,50.00,50.00,0,0,0.00,"Clean Transaction"
2024-04-01,2024-04,1259,West,Enterprise,Active,200.00,200.00,0,0,0.00,"Clean Transaction"
2024-04-01,2024-04,1260,East,Pro,Active,50.00,50.00,0,0,0.00,"Clean Transaction"
2024-04-01,2024-04,1261,North,Basic,Active,10.00,10.00,0,0,0.00,"Clean Transaction"
2024-04-01,2024-04,1262,South,Pro,Cancelled,50.00,50.00,0,0,0.00,"Clean Transaction"
2024-04-01,2024-04,1263,North,Enterprise,Active,200.00,200.00,0,0,0.00,"Clean Transaction"
2024-04-01,2024-04,1264,North,Enterprise,Active,200.00,200.00,0,0,0.00,"Clean Transaction"
2024-04-01,2024-04,1265,East,Enterprise,Active,200.00,200.00,0,0,0.00,"Clean Transaction"
2024-04-01,2024-04,1266,South,Basic,Active,10.00,10.00,0,0,0.00,"Clean Transaction"
2024-04-01,2024-04,1267,West,Basic,Active,10.00,10.00,0,0,0.00,"Clean Transaction"
2024-04-01,2024-04,1268,West,Basic,Active,10.00,10.00,0,0,0.00,"Clean Transaction"
2024-04-01,2024-04,1269,East,Enterprise,Active,200.00,200.00,0,0,0.00,"Clean Transaction"
2024-04-01,2024-04,1270,East,Basic,Active,10.00,10.00,0,0,0.00,"Clean Transaction"
2024-04-01,2024-04,1271,South,Enterprise,Active,200.00,200.00,0,0,0.00,"Clean Transaction"
2024-04-01,2024-04,1272,West,Pro,Active,50.00,50.00,0,0,0.00,"Clean Transaction"
2024-04-01,2024-04,1273,West,Pro,Active,50.00,50.00,0,0,0.00,"Clean Transaction"
2024-04-01,2024-04,1275,North,Enterprise,Active,200.00,200.00,0,0,0.00,"Clean Transaction"
2024-04-01,2024-04,1276,West,Basic,Cancelled,10.00,10.00,0,0,0.00,"Clean Transaction"
2024-04-01,2024-04,1277,North,Enterprise,Active,200.00,200.00,0,0,0.00,"Clean Transaction"
2024-04-01,2024-04,1278,South,Pro,Cancelled,50.00,50.00,0,0,0.00,"Clean Transaction"
2024-04-01,2024-04,1279,North,Pro,Active,50.00,50.00,0,0,0.00,"Clean Transaction"
2024-04-01,2024-04,1280,South,Enterprise,Active,200.00,200.00,0,0,0.00,"Clean Transaction"
2024-04-01,2024-04,1281,West,Pro,Active,50.00,48.46,0,0,1.54,"Partial Payment"
2024-04-01,2024-04,1282,West,Pro,Active,50.00,50.00,0,0,0.00,"Clean Transaction"
2024-04-01,2024-04,1283,South,Basic,Active,10.00,0.00,1,0,10.00,"Unpaid Invoice"
2024-04-01,2024-04,1284,East,Pro,Cancelled,50.00,50.00,0,0,0.00,"Clean Transaction"
2024-04-01,2024-04,1285,South,Pro,Cancelled,50.00,50.00,0,0,0.00,"Clean Transaction"
2024-04-01,2024-04,1286,East,Basic,Active,10.00,10.00,0,0,0.00,"Clean Transaction"
2024-04-01,2024-04,1287,North,Basic,Active,10.00,10.00,0,0,0.00,"Clean Transaction"
2024-04-01,2024-04,1289,North,Enterprise,Active,200.00,200.00,0,0,0.00,"Clean Transaction"
2024-04-01,2024-04,1290,West,Basic,Cancelled,10.00,10.00,0,0,0.00,"Clean Transaction"
2024-04-01,2024-04,1292,East,Enterprise,Active,200.00,200.00,0,0,0.00,"Clean Transaction"
2024-04-01,2024-04,1293,North,Pro,Active,50.00,50.00,0,0,0.00,"Clean Transaction"
2024-04-01,2024-04,1294,South,Pro,Active,50.00,50.00,0,0,0.00,"Clean Transaction"
2024-04-01,2024-04,1295,South,Basic,Active,10.00,10.00,0,0,0.00,"Clean Transaction"
2024-04-01,2024-04,1296,West,Basic,Active,10.00,10.00,0,0,0.00,"Clean Transaction"
2024-04-01,2024-04,1297,South,Basic,Active,10.00,10.00,0,0,0.00,"Clean Transaction"
2024-04-01,2024-04,1298,East,Basic,Active,10.00,10.00,0,0,0.00,"Clean Transaction"
2024-04-01,2024-04,1299,North,Basic,Active,10.00,10.00,0,0,0.00,"Clean Transaction"
2024-04-01,2024-04,1300,West,Enterprise,Active,200.00,200.00,0,0,0.00,"Clean Transaction"
2024-04-01,2024-04,1301,North,Basic,Active,10.00,10.00,0,0,0.00,"Clean Transaction"
2024-04-01,2024-04,1302,North,Enterprise,Active,200.00,200.00,0,0,0.00,"Clean Transaction"
2024-04-01,2024-04,1303,East,Basic,Active,10.00,10.00,0,0,0.00,"Clean Transaction"
2024-04-01,2024-04,1305,South,Enterprise,Active,200.00,200.00,0,0,0.00,"Clean Transaction"
2024-04-01,2024-04,1306,North,Basic,Active,10.00,9.74,0,0,0.26,"Partial Payment"
2024-04-01,2024-04,1307,West,Enterprise,Active,200.00,200.00,0,0,0.00,"Clean Transaction"
2024-04-01,2024-04,1308,South,Pro,Active,50.00,50.00,0,0,0.00,"Clean Transaction"
2024-04-01,2024-04,1309,West,Pro,Active,50.00,45.09,0,0,4.91,"Partial Payment"
2024-04-01,2024-04,1310,South,Basic,Active,10.00,10.00,0,0,0.00,"Clean Transaction"
2024-04-01,2024-04,1311,West,Enterprise,Active,200.00,200.00,0,0,0.00,"Clean Transaction"
2024-04-01,2024-04,1312,East,Enterprise,Active,200.00,200.00,0,0,0.00,"Clean Transaction"
2024-04-01,2024-04,1313,West,Basic,Active,10.00,10.00,0,0,0.00,"Clean Transaction"
2024-04-01,2024-04,1314,East,Pro,Active,50.00,50.00,0,0,0.00,"Clean Transaction"
2024-04-01,2024-04,1315,East,Pro,Active,50.00,50.00,0,0,0.00,"Clean Transaction"
2024-04-01,2024-04,1316,West,Basic,Active,10.00,10.00,0,0,0.00,"Clean Transaction"
2024-04-01,2024-04,1317,East,Enterprise,Active,200.00,200.00,0,0,0.00,"Clean Transaction"
2024-04-01,2024-04,1318,North,Basic,Active,10.00,10.00,0,0,0.00,"Clean Transaction"
2024-04-01,2024-04,1319,East,Pro,Active,50.00,50.00,0,0,0.00,"Clean Transaction"
2024-04-01,2024-04,1320,South,Pro,Cancelled,50.00,50.00,0,0,0.00,"Clean Transaction"
2024-04-01,2024-04,1321,West,Pro,Active,50.00,50.00,0,0,0.00,"Clean Transaction"
2024-04-01,2024-04,1322,North,Pro,Active,50.00,50.00,0,0,0.00,"Clean Transaction"
2024-04-01,2024-04,1323,West,Pro,Cancelled,50.00,48.32,0,0,1.68,"Partial Payment"
2024-04-01,2024-04,1324,South,Enterprise,Active,200.00,200.00,0,0,0.00,"Clean Transaction"
2024-04-01,2024-04,1325,South,Pro,Active,50.00,50.00,0,0,0.00,"Clean Transaction"
2024-04-01,2024-04,1326,South,Enterprise,Active,200.00,200.00,0,0,0.00,"Clean Transaction"
2024-04-01,2024-04,1327,East,Enterprise,Active,200.00,200.00,0,0,0.00,"Clean Transaction"
2024-04-01,2024-04,1328,East,Pro,Active,50.00,50.00,0,0,0.00,"Clean Transaction"
2024-04-01,2024-04,1329,West,Enterprise,Active,200.00,200.00,0,0,0.00,"Clean Transaction"
2024-04-01,2024-04,1330,West,Pro,Active,50.00,50.00,0,0,0.00,"Clean Transaction"
2024-04-01,2024-04,1331,North,Pro,Active,50.00,50.00,0,0,0.00,"Clean Transaction"
2024-04-01,2024-04,1332,North,Enterprise,Active,200.00,200.00,0,0,0.00,"Clean Transaction"
2024-04-01,2024-04,1333,West,Pro,Cancelled,50.00,50.00,0,0,0.00,"Clean Transaction"
2024-04-01,2024-04,1334,East,Enterprise,Active,200.00,200.00,0,0,0.00,"Clean Transaction"
2024-04-01,2024-04,1335,South,Pro,Cancelled,50.00,50.00,0,0,0.00,"Clean Transaction"
2024-04-01,2024-04,1337,North,Basic,Active,10.00,10.00,0,0,0.00,"Clean Transaction"
2024-04-01,2024-04,1338,East,Enterprise,Active,200.00,200.00,0,0,0.00,"Clean Transaction"
2024-04-01,2024-04,1339,West,Basic,Active,10.00,10.00,0,0,0.00,"Clean Transaction"
2024-04-01,2024-04,1340,West,Enterprise,Active,200.00,200.00,0,0,0.00,"Clean Transaction"
2024-04-01,2024-04,1341,East,Pro,Cancelled,50.00,50.00,0,0,0.00,"Clean Transaction"
2024-04-01,2024-04,1342,West,Basic,Active,10.00,10.00,0,0,0.00,"Clean Transaction"
2024-04-01,2024-04,1343,East,Pro,Active,50.00,50.00,0,0,0.00,"Clean Transaction"
2024-04-01,2024-04,1344,South,Pro,Active,50.00,50.00,0,0,0.00,"Clean Transaction"
2024-04-01,2024-04,1345,East,Basic,Active,10.00,10.00,0,0,0.00,"Clean Transaction"
2024-04-01,2024-04,1346,East,Basic,Active,10.00,10.00,0,0,0.00,"Clean Transaction"
2024-04-01,2024-04,1347,East,Pro,Active,50.00,50.00,0,0,0.00,"Clean Transaction"
2024-04-01,2024-04,1348,West,Pro,Active,50.00,50.00,0,0,0.00,"Clean Transaction"
2024-04-01,2024-04,1349,West,Basic,Active,10.00,10.00,0,0,0.00,"Clean Transaction"
2024-04-01,2024-04,1350,East,Pro,Cancelled,50.00,50.00,0,0,0.00,"Clean Transaction"
2024-04-01,2024-04,1351,West,Pro,Active,50.00,50.00,0,0,0.00,"Clean Transaction"
2024-04-01,2024-04,1353,North,Enterprise,Active,200.00,200.00,0,0,0.00,"Clean Transaction"
2024-04-01,2024-04,1354,West,Basic,Active,10.00,10.00,0,0,0.00,"Clean Transaction"
2024-04-01,2024-04,1355,West,Pro,Active,50.00,50.00,0,0,0.00,"Clean Transaction"
2024-04-01,2024-04,1356,East,Pro,Active,50.00,50.00,0,0,0.00,"Clean Transaction"
2024-04-01,2024-04,1357,South,Basic,Active,10.00,10.00,0,0,0.00,"Clean Transaction"
2024-04-01,2024-04,1358,West,Basic,Active,10.00,10.00,0,0,0.00,"Clean Transaction"
2024-04-01,2024-04,1359,North,Enterprise,Active,200.00,200.00,0,0,0.00,"Clean Transaction"
2024-04-01,2024-04,1360,East,Pro,Active,50.00,50.00,0,0,0.00,"Clean Transaction"
2024-04-01,2024-04,1361,West,Basic,Active,10.00,10.00,0,0,0.00,"Clean Transaction"
2024-04-01,2024-04,1362,North,Basic,Active,10.00,10.00,0,0,0.00,"Clean Transaction"
2024-04-01,2024-04,1363,North,Basic,Active,10.00,10.00,0,0,0.00,"Clean Transaction"
2024-04-01,2024-04,1364,South,Pro,Active,50.00,50.00,0,0,0.00,"Clean Transaction"
2024-04-01,2024-04,1365,East,Pro,Active,50.00,50.00,0,0,0.00,"Clean Transaction"
2024-04-01,2024-04,1366,East,Pro,Active,50.00,50.00,0,0,0.00,"Clean Transaction"
2024-04-01,2024-04,1367,South,Enterprise,Active,200.00,200.00,0,0,0.00,"Clean Transaction"
2024-04-01,2024-04,1368,South,Pro,Active,50.00,50.00,0,0,0.00,"Clean Transaction"
2024-04-01,2024-04,1369,East,Basic,Cancelled,10.00,10.00,0,0,0.00,"Clean Transaction"
2024-04-01,2024-04,1370,East,Basic,Active,10.00,10.00,0,0,0.00,"Clean Transaction"
2024-04-01,2024-04,1371,West,Enterprise,Active,200.00,200.00,0,0,0.00,"Clean Transaction"
2024-04-01,2024-04,1372,West,Pro,Active,50.00,50.00,0,0,0.00,"Clean Transaction"
2024-04-01,2024-04,1373,South,Pro,Cancelled,50.00,47.88,0,0,2.12,"Partial Payment"
2024-04-01,2024-04,1374,West,Pro,Active,50.00,50.00,0,0,0.00,"Clean Transaction"
2024-04-01,2024-04,1375,North,Basic,Active,10.00,10.00,0,0,0.00,"Clean Transaction"
2024-04-01,2024-04,1376,West,Pro,Active,50.00,50.00,0,0,0.00,"Clean Transaction"
2024-04-01,2024-04,1377,West,Basic,Active,10.00,10.00,0,0,0.00,"Clean Transaction"
2024-04-01,2024-04,1378,North,Enterprise,Active,200.00,200.00,0,0,0.00,"Clean Transaction"
2024-04-01,2024-04,1379,South,Pro,Active,50.00,50.00,0,0,0.00,"Clean Transaction"
2024-04-01,2024-04,1380,North,Enterprise,Active,200.00,200.00,0,0,0.00,"Clean Transaction"
2024-04-01,2024-04,1381,West,Pro,Active,50.00,50.00,0,0,0.00,"Clean Transaction"
2024-04-01,2024-04,1382,South,Pro,Cancelled,50.00,50.00,0,0,0.00,"Clean Transaction"
2024-04-01,2024-04,1383,West,Basic,Active,10.00,10.00,0,0,0.00,"Clean Transaction"
2024-04-01,2024-04,1384,North,Basic,Active,10.00,10.00,0,0,0.00,"Clean Transaction"
2024-04-01,2024-04,1385,North,Enterprise,Active,200.00,200.00,0,0,0.00,"Clean Transaction"
2024-04-01,2024-04,1386,West,Basic,Active,10.00,10.00,0,0,0.00,"Clean Transaction"
2024-04-01,2024-04,1387,East,Enterprise,Active,200.00,200.00,0,0,0.00,"Clean Transaction"
2024-04-01,2024-04,1388,East,Basic,Active,10.00,10.00,0,0,0.00,"Clean Transaction"
2024-04-01,2024-04,1389,North,Basic,Active,10.00,10.00,0,0,0.00,"Clean Transaction"
2024-04-01,2024-04,1390,North,Basic,Active,10.00,10.00,0,0,0.00,"Clean Transaction"
2024-04-01,2024-04,1391,East,Pro,Active,50.00,50.00,0,0,0.00,"Clean Transaction"
2024-04-01,2024-04,1392,East,Basic,Active,10.00,10.00,0,0,0.00,"Clean Transaction"
2024-04-01,2024-04,1393,West,Pro,Active,50.00,50.00,0,0,0.00,"Clean Transaction"
2024-04-01,2024-04,1394,West,Basic,Active,10.00,10.00,0,0,0.00,"Clean Transaction"
2024-04-01,2024-04,1395,East,Basic,Active,10.00,10.00,0,0,0.00,"Clean Transaction"
2024-04-01,2024-04,1396,West,Enterprise,Active,200.00,200.00,0,0,0.00,"Clean Transaction"
2024-04-01,2024-04,1398,South,Enterprise,Active,200.00,200.00,0,0,0.00,"Clean Transaction"
2024-04-01,2024-04,1399,West,Basic,Active,10.00,10.00,0,0,0.00,"Clean Transaction"
2024-04-01,2024-04,1400,North,Enterprise,Active,200.00,200.00,0,0,0.00,"Clean Transaction"
2024-04-01,2024-04,1401,West,Pro,Active,50.00,50.00,0,0,0.00,"Clean Transaction"
2024-04-01,2024-04,1402,West,Basic,Cancelled,10.00,10.00,0,0,0.00,"Clean Transaction"
2024-04-01,2024-04,1403,East,Enterprise,Active,200.00,200.00,0,0,0.00,"Clean Transaction"
2024-04-01,2024-04,1404,North,Basic,Active,10.00,10.00,0,0,0.00,"Clean Transaction"
2024-04-01,2024-04,1405,West,Pro,Active,50.00,50.00,0,0,0.00,"Clean Transaction"
2024-04-01,2024-04,1406,West,Pro,Active,50.00,50.00,0,0,0.00,"Clean Transaction"
2024-04-01,2024-04,1407,South,Pro,Active,50.00,50.00,0,0,0.00,"Clean Transaction"
2024-04-01,2024-04,1408,West,Basic,Active,10.00,10.00,0,0,0.00,"Clean Transaction"
2024-04-01,2024-04,1409,West,Basic,Active,10.00,10.00,0,0,0.00,"Clean Transaction"
2024-04-01,2024-04,1410,South,Enterprise,Active,200.00,200.00,0,0,0.00,"Clean Transaction"
2024-04-01,2024-04,1411,East,Pro,Active,50.00,50.00,0,0,0.00,"Clean Transaction"
2024-04-01,2024-04,1412,West,Enterprise,Active,200.00,200.00,0,0,0.00,"Clean Transaction"
2024-04-01,2024-04,1413,South,Enterprise,Active,200.00,200.00,0,0,0.00,"Clean Transaction"
2024-04-01,2024-04,1414,North,Enterprise,Active,200.00,200.00,0,0,0.00,"Clean Transaction"
2024-04-01,2024-04,1415,East,Basic,Cancelled,10.00,10.00,0,0,0.00,"Clean Transaction"
2024-04-01,2024-04,1416,North,Pro,Active,50.00,50.00,0,0,0.00,"Clean Transaction"
2024-04-01,2024-04,1417,North,Enterprise,Active,200.00,200.00,0,0,0.00,"Clean Transaction"
2024-04-01,2024-04,1418,South,Enterprise,Active,200.00,200.00,0,0,0.00,"Clean Transaction"
2024-04-01,2024-04,1419,West,Pro,Active,50.00,50.00,0,0,0.00,"Clean Transaction"
2024-04-01,2024-04,1420,South,Basic,Active,10.00,10.00,0,0,0.00,"Clean Transaction"
2024-04-01,2024-04,1421,South,Pro,Active,50.00,50.00,0,0,0.00,"Clean Transaction"
2024-04-01,2024-04,1422,South,Pro,Active,50.00,50.00,0,0,0.00,"Clean Transaction"
2024-04-01,2024-04,1423,South,Enterprise,Active,200.00,200.00,0,0,0.00,"Clean Transaction"
2024-04-01,2024-04,1424,East,Basic,Active,10.00,10.00,0,0,0.00,"Clean Transaction"
2024-04-01,2024-04,1425,West,Pro,Active,50.00,50.00,0,0,0.00,"Clean Transaction"
2024-04-01,2024-04,1426,North,Basic,Active,10.00,10.00,0,0,0.00,"Clean Transaction"
2024-04-01,2024-04,1427,North,Basic,Active,10.00,10.00,0,0,0.00,"Clean Transaction"
2024-04-01,2024-04,1428,West,Basic,Active,10.00,10.00,0,0,0.00,"Clean Transaction"
2024-04-01,2024-04,1429,North,Pro,Active,50.00,50.00,0,0,0.00,"Clean Transaction"
2024-04-01,2024-04,1430,West,Pro,Active,50.00,50.00,0,0,0.00,"Clean Transaction"
2024-04-01,2024-04,1431,North,Basic,Active,10.00,10.00,0,0,0.00,"Clean Transaction"
2024-04-01,2024-04,1432,South,Pro,Active,50.00,50.00,0,0,0.00,"Clean Transaction"
2024-04-01,2024-04,1433,North,Enterprise,Active,200.00,200.00,0,0,0.00,"Clean Transaction"
2024-04-01,2024-04,1434,West,Enterprise,Active,200.00,200.00,0,0,0.00,"Clean Transaction"
2024-04-01,2024-04,1435,West,Enterprise,Active,200.00,200.00,0,0,0.00,"Clean Transaction"
2024-04-01,2024-04,1436,West,Basic,Active,10.00,10.00,0,0,0.00,"Clean Transaction"
2024-04-01,2024-04,1437,West,Basic,Active,10.00,10.00,0,0,0.00,"Clean Transaction"
2024-04-01,2024-04,1438,West,Pro,Active,50.00,50.00,0,0,0.00,"Clean Transaction"
2024-04-01,2024-04,1439,East,Enterprise,Active,200.00,200.00,0,0,0.00,"Clean Transaction"
2024-04-01,2024-04,1440,East,Pro,Active,50.00,50.00,0,0,0.00,"Clean Transaction"
2024-04-01,2024-04,1441,North,Basic,Active,10.00,10.00,0,0,0.00,"Clean Transaction"
2024-04-01,2024-04,1442,West,Enterprise,Active,200.00,200.00,0,0,0.00,"Clean Transaction"
2024-04-01,2024-04,1443,North,Enterprise,Active,200.00,200.00,0,0,0.00,"Clean Transaction"
2024-04-01,2024-04,1444,West,Enterprise,Active,200.00,200.00,0,0,0.00,"Clean Transaction"
2024-04-01,2024-04,1445,West,Pro,Active,50.00,50.00,0,0,0.00,"Clean Transaction"
2024-04-01,2024-04,1446,East,Pro,Active,50.00,50.00,0,0,0.00,"Clean Transaction"
2024-04-01,2024-04,1447,East,Basic,Active,10.00,10.00,0,0,0.00,"Clean Transaction"
2024-04-01,2024-04,1448,South,Enterprise,Cancelled,200.00,200.00,0,0,0.00,"Clean Transaction"
2024-04-01,2024-04,1449,East,Enterprise,Active,200.00,200.00,0,0,0.00,"Clean Transaction"
2024-04-01,2024-04,1450,South,Basic,Active,10.00,10.00,0,0,0.00,"Clean Transaction"
2024-04-01,2024-04,1451,South,Basic,Active,10.00,10.00,0,0,0.00,"Clean Transaction"
2024-04-01,2024-04,1452,South,Basic,Active,10.00,10.00,0,0,0.00,"Clean Transaction"
2024-04-01,2024-04,1453,South,Enterprise,Active,200.00,200.00,0,0,0.00,"Clean Transaction"
2024-04-01,2024-04,1454,South,Pro,Active,50.00,50.00,0,0,0.00,"Clean Transaction"
2024-04-01,2024-04,1455,North,Pro,Active,50.00,50.00,0,0,0.00,"Clean Transaction"
2024-04-01,2024-04,1456,East,Pro,Active,50.00,50.00,0,0,0.00,"Clean Transaction"
2024-04-01,2024-04,1457,South,Pro,Active,50.00,50.00,0,0,0.00,"Clean Transaction"
2024-04-01,2024-04,1458,West,Basic,Active,10.00,10.00,0,0,0.00,"Clean Transaction"
2024-04-01,2024-04,1459,East,Basic,Active,10.00,10.00,0,0,0.00,"Clean Transaction"
2024-04-01,2024-04,1460,East,Pro,Active,50.00,50.00,0,0,0.00,"Clean Transaction"
2024-04-01,2024-04,1461,South,Basic,Active,10.00,10.00,0,0,0.00,"Clean Transaction"
2024-04-01,2024-04,1462,North,Enterprise,Active,200.00,200.00,0,0,0.00,"Clean Transaction"
2024-04-01,2024-04,1463,South,Enterprise,Active,200.00,200.00,0,0,0.00,"Clean Transaction"
2024-04-01,2024-04,1464,North,Pro,Active,50.00,50.00,0,0,0.00,"Clean Transaction"
2024-04-01,2024-04,1465,West,Basic,Active,10.00,10.00,0,0,0.00,"Clean Transaction"
2024-04-01,2024-04,1466,East,Pro,Active,50.00,50.00,0,0,0.00,"Clean Transaction"
2024-04-01,2024-04,1467,West,Basic,Cancelled,10.00,10.00,0,0,0.00,"Clean Transaction"
2024-04-01,2024-04,1468,North,Pro,Active,50.00,50.00,0,0,0.00,"Clean Transaction"
2024-04-01,2024-04,1469,North,Pro,Cancelled,50.00,50.00,0,0,0.00,"Clean Transaction"
2024-04-01,2024-04,1470,West,Pro,Active,50.00,50.00,0,0,0.00,"Clean Transaction"
2024-04-01,2024-04,1471,North,Pro,Active,50.00,50.00,0,0,0.00,"Clean Transaction"
2024-04-01,2024-04,1472,West,Pro,Active,50.00,50.00,0,0,0.00,"Clean Transaction"
2024-04-01,2024-04,1473,East,Pro,Active,50.00,50.00,0,0,0.00,"Clean Transaction"
2024-04-01,2024-04,1474,West,Basic,Active,10.00,10.00,0,0,0.00,"Clean Transaction"
2024-04-01,2024-04,1475,East,Enterprise,Active,200.00,200.00,0,0,0.00,"Clean Transaction"
2024-04-01,2024-04,1476,West,Pro,Active,50.00,50.00,0,0,0.00,"Clean Transaction"
2024-04-01,2024-04,1477,North,Pro,Active,50.00,50.00,0,0,0.00,"Clean Transaction"
2024-04-01,2024-04,1478,West,Enterprise,Active,200.00,200.00,0,0,0.00,"Clean Transaction"
2024-04-01,2024-04,1479,North,Basic,Active,10.00,10.00,0,0,0.00,"Clean Transaction"
2024-04-01,2024-04,1480,West,Pro,Active,50.00,50.00,0,0,0.00,"Clean Transaction"
2024-04-01,2024-04,1481,West,Pro,Active,50.00,50.00,0,0,0.00,"Clean Transaction"
2024-04-01,2024-04,1482,South,Basic,Active,10.00,10.00,0,0,0.00,"Clean Transaction"
2024-04-01,2024-04,1483,North,Enterprise,Active,200.00,200.00,0,0,0.00,"Clean Transaction"
2024-04-01,2024-04,1484,South,Pro,Active,50.00,50.00,0,0,0.00,"Clean Transaction"
2024-04-01,2024-04,1485,North,Enterprise,Active,200.00,200.00,0,0,0.00,"Clean Transaction"
2024-04-01,2024-04,1486,South,Pro,Active,50.00,50.00,0,0,0.00,"Clean Transaction"
2024-04-01,2024-04,1487,East,Basic,Active,10.00,10.00,0,0,0.00,"Clean Transaction"
2024-04-01,2024-04,1488,West,Basic,Active,10.00,10.00,0,0,0.00,"Clean Transaction"
2024-04-01,2024-04,1489,North,Pro,Active,50.00,50.00,0,0,0.00,"Clean Transaction"
2024-04-01,2024-04,1490,North,Basic,Active,10.00,10.00,0,0,0.00,"Clean Transaction"
2024-04-01,2024-04,1491,West,Enterprise,Active,200.00,200.00,0,0,0.00,"Clean Transaction"
2024-04-01,2024-04,1492,North,Basic,Active,10.00,10.00,0,0,0.00,"Clean Transaction"
2024-04-01,2024-04,1493,North,Basic,Active,10.00,10.00,0,0,0.00,"Clean Transaction"
2024-04-01,2024-04,1494,South,Pro,Active,50.00,50.00,0,0,0.00,"Clean Transaction"
2024-04-01,2024-04,1495,North,Enterprise,Active,200.00,200.00,0,0,0.00,"Clean Transaction"
2024-04-01,2024-04,1496,East,Basic,Active,10.00,0.00,1,0,10.00,"Unpaid Invoice"
2024-04-01,2024-04,1497,East,Pro,Cancelled,50.00,50.00,0,0,0.00,"Clean Transaction"
2024-04-01,2024-04,1498,West,Basic,Active,10.00,10.00,0,0,0.00,"Clean Transaction"
2024-04-01,2024-04,1499,North,Basic,Active,10.00,10.00,0,0,0.00,"Clean Transaction"
2024-04-01,2024-04,1500,West,Basic,Active,10.00,10.00,0,0,0.00,"Clean Transaction"
2024-04-01,2024-04,1501,East,Enterprise,Active,200.00,200.00,0,0,0.00,"Clean Transaction"
2024-04-01,2024-04,1502,North,Enterprise,Active,200.00,200.00,0,0,0.00,"Clean Transaction"
2024-04-01,2024-04,1503,North,Enterprise,Active,200.00,200.00,0,0,0.00,"Clean Transaction"
2024-04-01,2024-04,1504,West,Pro,Active,50.00,50.00,0,0,0.00,"Clean Transaction"
2024-04-01,2024-04,1505,East,Basic,Active,10.00,10.00,0,0,0.00,"Clean Transaction"
2024-04-01,2024-04,1506,North,Enterprise,Active,200.00,200.00,0,0,0.00,"Clean Transaction"
2024-04-01,2024-04,1507,West,Basic,Active,10.00,10.00,0,0,0.00,"Clean Transaction"
2024-04-01,2024-04,1508,East,Basic,Active,10.00,10.00,0,0,0.00,"Clean Transaction"
2024-04-01,2024-04,1509,West,Enterprise,Active,200.00,200.00,0,0,0.00,"Clean Transaction"
2024-04-01,2024-04,1510,South,Pro,Active,50.00,50.00,0,0,0.00,"Clean Transaction"
2024-04-01,2024-04,1511,North,Basic,Active,10.00,10.00,0,0,0.00,"Clean Transaction"
2024-04-01,2024-04,1512,South,Basic,Cancelled,10.00,10.00,0,0,0.00,"Clean Transaction"
2024-04-01,2024-04,1513,East,Enterprise,Active,200.00,200.00,0,0,0.00,"Clean Transaction"
2024-04-01,2024-04,1514,South,Basic,Active,10.00,10.00,0,0,0.00,"Clean Transaction"
2024-04-01,2024-04,1515,South,Pro,Active,50.00,50.00,0,0,0.00,"Clean Transaction"
2024-04-01,2024-04,1516,East,Basic,Active,10.00,10.00,0,0,0.00,"Clean Transaction"
2024-04-01,2024-04,1517,West,Pro,Active,50.00,46.55,0,0,3.45,"Partial Payment"
2024-04-01,2024-04,1518,South,Basic,Active,10.00,10.00,0,0,0.00,"Clean Transaction"
2024-04-01,2024-04,1519,West,Basic,Active,10.00,10.00,0,0,0.00,"Clean Transaction"
2024-04-01,2024-04,1520,South,Basic,Active,10.00,10.00,0,0,0.00,"Clean Transaction"
2024-04-01,2024-04,1521,West,Pro,Active,50.00,50.00,0,0,0.00,"Clean Transaction"
2024-04-01,2024-04,1522,East,Enterprise,Active,200.00,200.00,0,0,0.00,"Clean Transaction"
2024-04-01,2024-04,1523,South,Basic,Active,10.00,10.00,0,0,0.00,"Clean Transaction"
2024-04-01,2024-04,1524,East,Basic,Active,10.00,10.00,0,0,0.00,"Clean Transaction"
2024-04-01,2024-04,1525,South,Basic,Active,10.00,10.00,0,0,0.00,"Clean Transaction"
2024-04-01,2024-04,1527,East,Enterprise,Active,200.00,200.00,0,0,0.00,"Clean Transaction"
2024-04-01,2024-04,1528,South,Basic,Cancelled,10.00,10.00,0,0,0.00,"Clean Transaction"
2024-04-01,2024-04,1529,South,Pro,Active,50.00,46.97,0,0,3.03,"Partial Payment"
2024-04-01,2024-04,1530,South,Enterprise,Active,200.00,200.00,0,0,0.00,"Clean Transaction"
2024-04-01,2024-04,1531,North,Enterprise,Active,200.00,200.00,0,0,0.00,"Clean Transaction"
2024-04-01,2024-04,1532,West,Basic,Active,10.00,10.00,0,0,0.00,"Clean Transaction"
2024-04-01,2024-04,1533,North,Pro,Active,50.00,50.00,0,0,0.00,"Clean Transaction"
2024-04-01,2024-04,1534,North,Basic,Cancelled,10.00,10.00,0,0,0.00,"Clean Transaction"
2024-04-01,2024-04,1535,East,Basic,Active,10.00,10.00,0,0,0.00,"Clean Transaction"
2024-04-01,2024-04,1536,South,Pro,Active,50.00,50.00,0,0,0.00,"Clean Transaction"
2024-04-01,2024-04,1537,West,Pro,Active,50.00,50.00,0,0,0.00,"Clean Transaction"
2024-04-01,2024-04,1538,East,Pro,Active,50.00,50.00,0,0,0.00,"Clean Transaction"
2024-04-01,2024-04,1539,North,Basic,Cancelled,10.00,10.00,0,0,0.00,"Clean Transaction"
2024-04-01,2024-04,1540,South,Pro,Active,50.00,0.00,1,0,50.00,"Unpaid Invoice"
2024-04-01,2024-04,1541,East,Enterprise,Active,200.00,200.00,0,0,0.00,"Clean Transaction"
2024-04-01,2024-04,1542,South,Pro,Active,50.00,50.00,0,0,0.00,"Clean Transaction"
2024-04-01,2024-04,1543,East,Pro,Cancelled,50.00,50.00,0,0,0.00,"Clean Transaction"
2024-04-01,2024-04,1544,South,Pro,Cancelled,50.00,50.00,0,0,0.00,"Clean Transaction"
2024-04-01,2024-04,1545,North,Pro,Active,50.00,50.00,0,0,0.00,"Clean Transaction"
2024-04-01,2024-04,1546,West,Enterprise,Active,200.00,200.00,0,0,0.00,"Clean Transaction"
2024-04-01,2024-04,1547,North,Pro,Cancelled,50.00,46.16,0,0,3.84,"Partial Payment"
2024-04-01,2024-04,1548,West,Basic,Active,10.00,10.00,0,0,0.00,"Clean Transaction"
2024-04-01,2024-04,1549,South,Pro,Active,50.00,50.00,0,0,0.00,"Clean Transaction"
2024-04-01,2024-04,1550,East,Pro,Active,50.00,50.00,0,0,0.00,"Clean Transaction"
2024-04-01,2024-04,1551,North,Enterprise,Active,200.00,200.00,0,0,0.00,"Clean Transaction"
2024-04-01,2024-04,1552,West,Pro,Cancelled,50.00,50.00,0,0,0.00,"Clean Transaction"
2024-04-01,2024-04,1553,North,Pro,Active,50.00,50.00,0,0,0.00,"Clean Transaction"
2024-04-01,2024-04,1554,West,Basic,Active,10.00,10.00,0,0,0.00,"Clean Transaction"
2024-04-01,2024-04,1556,West,Basic,Active,10.00,10.00,0,0,0.00,"Clean Transaction"
2024-04-01,2024-04,1557,West,Basic,Active,10.00,10.00,0,0,0.00,"Clean Transaction"
2024-04-01,2024-04,1558,South,Enterprise,Active,200.00,200.00,0,0,0.00,"Clean Transaction"
2024-04-01,2024-04,1559,West,Basic,Active,10.00,10.00,0,0,0.00,"Clean Transaction"
2024-04-01,2024-04,1560,South,Enterprise,Active,200.00,200.00,0,0,0.00,"Clean Transaction"
2024-04-01,2024-04,1561,West,Enterprise,Active,200.00,181.41,0,0,18.59,"Partial Payment"
2024-04-01,2024-04,1562,East,Basic,Active,10.00,10.00,0,0,0.00,"Clean Transaction"
2024-04-01,2024-04,1563,East,Enterprise,Active,200.00,200.00,0,0,0.00,"Clean Transaction"
2024-04-01,2024-04,1564,East,Pro,Active,50.00,50.00,0,0,0.00,"Clean Transaction"
2024-04-01,2024-04,1565,West,Basic,Active,10.00,10.00,0,0,0.00,"Clean Transaction"
2024-04-01,2024-04,1566,South,Enterprise,Active,200.00,200.00,0,0,0.00,"Clean Transaction"
2024-04-01,2024-04,1567,South,Basic,Active,10.00,10.00,0,0,0.00,"Clean Transaction"
2024-04-01,2024-04,1568,West,Pro,Active,50.00,50.00,0,0,0.00,"Clean Transaction"
2024-04-01,2024-04,1569,East,Pro,Active,50.00,0.00,1,0,50.00,"Unpaid Invoice"
2024-04-01,2024-04,1570,East,Pro,Active,50.00,50.00,0,0,0.00,"Clean Transaction"
2024-04-01,2024-04,1571,South,Basic,Active,10.00,10.00,0,0,0.00,"Clean Transaction"
2024-04-01,2024-04,1572,East,Enterprise,Active,200.00,200.00,0,0,0.00,"Clean Transaction"
2024-04-01,2024-04,1573,North,Basic,Active,10.00,10.00,0,0,0.00,"Clean Transaction"
2024-04-01,2024-04,1574,South,Basic,Active,10.00,10.00,0,0,0.00,"Clean Transaction"
2024-04-01,2024-04,1575,East,Pro,Active,50.00,50.00,0,0,0.00,"Clean Transaction"
2024-04-01,2024-04,1576,South,Pro,Active,50.00,47.86,0,0,2.14,"Partial Payment"
2024-04-01,2024-04,1577,North,Pro,Cancelled,50.00,50.00,0,0,0.00,"Clean Transaction"
2024-04-01,2024-04,1578,South,Basic,Active,10.00,10.00,0,0,0.00,"Clean Transaction"
2024-04-01,2024-04,1579,South,Basic,Active,10.00,10.00,0,0,0.00,"Clean Transaction"
2024-04-01,2024-04,1580,South,Basic,Active,10.00,10.00,0,0,0.00,"Clean Transaction"
2024-04-01,2024-04,1581,South,Pro,Active,50.00,50.00,0,0,0.00,"Clean Transaction"
2024-04-01,2024-04,1582,North,Pro,Active,50.00,50.00,0,0,0.00,"Clean Transaction"
2024-04-01,2024-04,1583,West,Enterprise,Cancelled,200.00,200.00,0,0,0.00,"Clean Transaction"
2024-04-01,2024-04,1584,South,Pro,Cancelled,50.00,50.00,0,0,0.00,"Clean Transaction"
2024-04-01,2024-04,1585,South,Enterprise,Active,200.00,200.00,0,0,0.00,"Clean Transaction"
2024-04-01,2024-04,1586,East,Pro,Active,50.00,50.00,0,0,0.00,"Clean Transaction"
2024-04-01,2024-04,1587,South,Basic,Active,10.00,10.00,0,0,0.00,"Clean Transaction"
2024-04-01,2024-04,1588,East,Basic,Active,10.00,10.00,0,0,0.00,"Clean Transaction"
2024-04-01,2024-04,1589,West,Enterprise,Active,200.00,200.00,0,0,0.00,"Clean Transaction"
2024-04-01,2024-04,1590,North,Basic,Active,10.00,0.00,1,0,10.00,"Unpaid Invoice"
2024-04-01,2024-04,1591,North,Enterprise,Active,200.00,200.00,0,0,0.00,"Clean Transaction"
2024-04-01,2024-04,1592,West,Pro,Active,50.00,50.00,0,0,0.00,"Clean Transaction"
2024-04-01,2024-04,1593,North,Basic,Active,10.00,10.00,0,0,0.00,"Clean Transaction"
2024-04-01,2024-04,1594,West,Basic,Active,10.00,10.00,0,0,0.00,"Clean Transaction"
2024-04-01,2024-04,1595,West,Pro,Active,50.00,50.00,0,0,0.00,"Clean Transaction"
2024-04-01,2024-04,1596,West,Pro,Cancelled,50.00,50.00,0,0,0.00,"Clean Transaction"
2024-04-01,2024-04,1597,North,Pro,Active,50.00,50.00,0,0,0.00,"Clean Transaction"
2024-04-01,2024-04,1598,East,Enterprise,Active,200.00,200.00,0,0,0.00,"Clean Transaction"
2024-04-01,2024-04,1599,West,Basic,Active,10.00,10.00,0,0,0.00,"Clean Transaction"
2024-04-01,2024-04,1600,South,Basic,Active,10.00,10.00,0,0,0.00,"Clean Transaction"
2024-04-01,2024-04,1601,North,Pro,Active,50.00,50.00,0,0,0.00,"Clean Transaction"
2024-04-01,2024-04,1602,West,Basic,Active,10.00,10.00,0,0,0.00,"Clean Transaction"
2024-04-01,2024-04,1603,West,Pro,Cancelled,50.00,50.00,0,0,0.00,"Clean Transaction"
2024-04-01,2024-04,1604,South,Basic,Active,10.00,10.00,0,0,0.00,"Clean Transaction"
2024-04-01,2024-04,1606,East,Pro,Cancelled,50.00,50.00,0,0,0.00,"Clean Transaction"
2024-04-01,2024-04,1607,East,Enterprise,Active,200.00,200.00,0,0,0.00,"Clean Transaction"
2024-04-01,2024-04,1608,West,Pro,Active,50.00,50.00,0,0,0.00,"Clean Transaction"
2024-04-01,2024-04,1609,West,Pro,Active,50.00,50.00,0,0,0.00,"Clean Transaction"
2024-04-01,2024-04,1610,West,Basic,Active,10.00,10.00,0,0,0.00,"Clean Transaction"
2024-04-01,2024-04,1611,North,Pro,Cancelled,50.00,50.00,0,0,0.00,"Clean Transaction"
2024-04-01,2024-04,1612,South,Basic,Active,10.00,10.00,0,0,0.00,"Clean Transaction"
2024-04-01,2024-04,1613,West,Enterprise,Active,200.00,200.00,0,0,0.00,"Clean Transaction"
2024-04-01,2024-04,1614,South,Enterprise,Cancelled,200.00,200.00,0,0,0.00,"Clean Transaction"
2024-04-01,2024-04,1615,South,Enterprise,Active,200.00,200.00,0,0,0.00,"Clean Transaction"
2024-04-01,2024-04,1616,East,Pro,Active,50.00,50.00,0,0,0.00,"Clean Transaction"
2024-04-01,2024-04,1617,North,Basic,Active,10.00,10.00,0,0,0.00,"Clean Transaction"
2024-04-01,2024-04,1618,West,Enterprise,Active,200.00,200.00,0,0,0.00,"Clean Transaction"
2024-04-01,2024-04,1619,East,Basic,Active,10.00,10.00,0,0,0.00,"Clean Transaction"
2024-04-01,2024-04,1620,East,Basic,Active,10.00,9.18,0,0,0.82,"Partial Payment"
2024-04-01,2024-04,1621,West,Enterprise,Cancelled,200.00,200.00,0,0,0.00,"Clean Transaction"
2024-04-01,2024-04,1622,South,Enterprise,Cancelled,200.00,200.00,0,0,0.00,"Clean Transaction"
2024-04-01,2024-04,1623,East,Basic,Active,10.00,10.00,0,0,0.00,"Clean Transaction"
2024-04-01,2024-04,1624,South,Pro,Active,50.00,50.00,0,0,0.00,"Clean Transaction"
2024-04-01,2024-04,1625,North,Basic,Cancelled,10.00,10.00,0,0,0.00,"Clean Transaction"
2024-04-01,2024-04,1626,South,Pro,Active,50.00,50.00,0,0,0.00,"Clean Transaction"
2024-04-01,2024-04,1627,North,Pro,Active,50.00,50.00,0,0,0.00,"Clean Transaction"
2024-04-01,2024-04,1628,South,Basic,Active,10.00,10.00,0,0,0.00,"Clean Transaction"
2024-04-01,2024-04,1629,East,Enterprise,Cancelled,200.00,200.00,0,0,0.00,"Clean Transaction"
2024-04-01,2024-04,1630,East,Enterprise,Active,200.00,200.00,0,0,0.00,"Clean Transaction"
2024-04-01,2024-04,1631,North,Pro,Active,50.00,50.00,0,0,0.00,"Clean Transaction"
2024-04-01,2024-04,1632,West,Basic,Cancelled,10.00,10.00,0,0,0.00,"Clean Transaction"
2024-04-01,2024-04,1633,North,Pro,Active,50.00,50.00,0,0,0.00,"Clean Transaction"
2024-04-01,2024-04,1634,North,Pro,Active,50.00,50.00,0,0,0.00,"Clean Transaction"
2024-04-01,2024-04,1635,South,Basic,Active,10.00,10.00,0,0,0.00,"Clean Transaction"
2024-04-01,2024-04,1636,South,Pro,Active,50.00,50.00,0,0,0.00,"Clean Transaction"
2024-04-01,2024-04,1637,North,Pro,Active,50.00,50.00,0,0,0.00,"Clean Transaction"
2024-04-01,2024-04,1638,East,Pro,Active,50.00,50.00,0,0,0.00,"Clean Transaction"
2024-04-01,2024-04,1639,South,Basic,Active,10.00,10.00,0,0,0.00,"Clean Transaction"
2024-04-01,2024-04,1640,West,Pro,Active,50.00,50.00,0,0,0.00,"Clean Transaction"
2024-04-01,2024-04,1641,South,Basic,Active,10.00,10.00,0,0,0.00,"Clean Transaction"
2024-04-01,2024-04,1642,South,Enterprise,Active,200.00,200.00,0,0,0.00,"Clean Transaction"
2024-04-01,2024-04,1643,West,Pro,Active,50.00,50.00,0,0,0.00,"Clean Transaction"
2024-04-01,2024-04,1644,North,Basic,Active,10.00,10.00,0,0,0.00,"Clean Transaction"
2024-04-01,2024-04,1645,West,Enterprise,Active,200.00,200.00,0,0,0.00,"Clean Transaction"
2024-04-01,2024-04,1646,North,Pro,Active,50.00,0.00,1,0,50.00,"Unpaid Invoice"
2024-04-01,2024-04,1647,North,Pro,Active,50.00,50.00,0,0,0.00,"Clean Transaction"
2024-04-01,2024-04,1648,North,Enterprise,Active,200.00,200.00,0,0,0.00,"Clean Transaction"
2024-04-01,2024-04,1649,West,Enterprise,Active,200.00,200.00,0,0,0.00,"Clean Transaction"
2024-04-01,2024-04,1650,North,Basic,Active,10.00,10.00,0,0,0.00,"Clean Transaction"
2024-04-01,2024-04,1651,East,Enterprise,Active,200.00,200.00,0,0,0.00,"Clean Transaction"
2024-04-01,2024-04,1652,West,Pro,Active,50.00,50.00,0,0,0.00,"Clean Transaction"
2024-04-01,2024-04,1654,North,Enterprise,Active,200.00,200.00,0,0,0.00,"Clean Transaction"
2024-04-01,2024-04,1655,South,Basic,Active,10.00,10.00,0,0,0.00,"Clean Transaction"
2024-04-01,2024-04,1656,North,Pro,Active,50.00,50.00,0,0,0.00,"Clean Transaction"
2024-04-01,2024-04,1657,East,Pro,Active,50.00,50.00,0,0,0.00,"Clean Transaction"
2024-04-01,2024-04,1658,East,Enterprise,Active,200.00,200.00,0,0,0.00,"Clean Transaction"
2024-04-01,2024-04,1659,West,Basic,Cancelled,10.00,10.00,0,0,0.00,"Clean Transaction"
2024-04-01,2024-04,1660,South,Enterprise,Cancelled,200.00,200.00,0,0,0.00,"Clean Transaction"
2024-04-01,2024-04,1661,West,Pro,Active,50.00,50.00,0,0,0.00,"Clean Transaction"
2024-04-01,2024-04,1662,East,Basic,Active,10.00,10.00,0,0,0.00,"Clean Transaction"
2024-04-01,2024-04,1663,North,Basic,Active,10.00,10.00,0,0,0.00,"Clean Transaction"
2024-04-01,2024-04,1664,South,Pro,Active,50.00,50.00,0,0,0.00,"Clean Transaction"
2024-04-01,2024-04,1665,North,Pro,Active,50.00,50.00,0,0,0.00,"Clean Transaction"
2024-04-01,2024-04,1666,North,Enterprise,Active,200.00,200.00,0,0,0.00,"Clean Transaction"
2024-04-01,2024-04,1667,South,Enterprise,Active,200.00,200.00,0,0,0.00,"Clean Transaction"
2024-04-01,2024-04,1668,West,Basic,Active,10.00,10.00,0,0,0.00,"Clean Transaction"
2024-04-01,2024-04,1669,North,Pro,Active,50.00,50.00,0,0,0.00,"Clean Transaction"
2024-04-01,2024-04,1670,East,Enterprise,Active,200.00,200.00,0,0,0.00,"Clean Transaction"
2024-04-01,2024-04,1671,North,Pro,Active,50.00,50.00,0,0,0.00,"Clean Transaction"
2024-04-01,2024-04,1672,South,Enterprise,Active,200.00,200.00,0,0,0.00,"Clean Transaction"
2024-04-01,2024-04,1673,South,Basic,Active,10.00,10.00,0,0,0.00,"Clean Transaction"
2024-04-01,2024-04,1674,South,Pro,Active,50.00,50.00,0,0,0.00,"Clean Transaction"
2024-04-01,2024-04,1675,West,Enterprise,Active,200.00,200.00,0,0,0.00,"Clean Transaction"
2024-04-01,2024-04,1676,North,Pro,Active,50.00,50.00,0,0,0.00,"Clean Transaction"
2024-04-01,2024-04,1677,West,Basic,Active,10.00,10.00,0,0,0.00,"Clean Transaction"
2024-04-01,2024-04,1678,West,Basic,Active,10.00,9.12,0,0,0.88,"Partial Payment"
2024-04-01,2024-04,1679,South,Basic,Active,10.00,10.00,0,0,0.00,"Clean Transaction"
2024-04-01,2024-04,1680,South,Enterprise,Active,200.00,200.00,0,0,0.00,"Clean Transaction"
2024-04-01,2024-04,1681,West,Pro,Active,50.00,50.00,0,0,0.00,"Clean Transaction"
2024-04-01,2024-04,1682,North,Basic,Active,10.00,10.00,0,0,0.00,"Clean Transaction"
2024-04-01,2024-04,1683,East,Enterprise,Active,200.00,200.00,0,0,0.00,"Clean Transaction"
2024-04-01,2024-04,1684,West,Basic,Active,10.00,10.00,0,0,0.00,"Clean Transaction"
2024-04-01,2024-04,1685,North,Pro,Active,50.00,50.00,0,0,0.00,"Clean Transaction"
2024-04-01,2024-04,1686,South,Basic,Active,10.00,10.00,0,0,0.00,"Clean Transaction"
2024-04-01,2024-04,1687,South,Enterprise,Active,200.00,200.00,0,0,0.00,"Clean Transaction"
2024-04-01,2024-04,1688,North,Basic,Active,10.00,10.00,0,0,0.00,"Clean Transaction"
2024-04-01,2024-04,1689,East,Basic,Active,10.00,10.00,0,0,0.00,"Clean Transaction"
2024-04-01,2024-04,1690,South,Enterprise,Active,200.00,200.00,0,0,0.00,"Clean Transaction"
2024-04-01,2024-04,1691,South,Basic,Active,10.00,10.00,0,0,0.00,"Clean Transaction"
2024-04-01,2024-04,1692,South,Basic,Cancelled,10.00,10.00,0,0,0.00,"Clean Transaction"
2024-04-01,2024-04,1693,North,Basic,Active,10.00,10.00,0,0,0.00,"Clean Transaction"
2024-04-01,2024-04,1694,West,Enterprise,Active,200.00,200.00,0,0,0.00,"Clean Transaction"
2024-04-01,2024-04,1695,South,Enterprise,Active,200.00,200.00,0,0,0.00,"Clean Transaction"
2024-04-01,2024-04,1696,West,Pro,Active,50.00,50.00,0,0,0.00,"Clean Transaction"
2024-04-01,2024-04,1697,East,Basic,Active,10.00,10.00,0,0,0.00,"Clean Transaction"
2024-04-01,2024-04,1698,South,Enterprise,Active,200.00,200.00,0,0,0.00,"Clean Transaction"
2024-04-01,2024-04,1699,South,Basic,Active,10.00,10.00,0,0,0.00,"Clean Transaction"
2024-04-01,2024-04,1701,South,Basic,Active,10.00,10.00,0,0,0.00,"Clean Transaction"
2024-04-01,2024-04,1702,West,Basic,Cancelled,10.00,10.00,0,0,0.00,"Clean Transaction"
2024-04-01,2024-04,1703,North,Basic,Active,10.00,10.00,0,0,0.00,"Clean Transaction"
2024-04-01,2024-04,1704,West,Enterprise,Active,200.00,200.00,0,0,0.00,"Clean Transaction"
2024-04-01,2024-04,1705,North,Basic,Active,10.00,10.00,0,0,0.00,"Clean Transaction"
2024-04-01,2024-04,1706,North,Enterprise,Active,200.00,200.00,0,0,0.00,"Clean Transaction"
2024-04-01,2024-04,1707,West,Pro,Active,50.00,50.00,0,0,0.00,"Clean Transaction"
2024-04-01,2024-04,1708,West,Enterprise,Active,200.00,200.00,0,0,0.00,"Clean Transaction"
2024-04-01,2024-04,1709,West,Pro,Active,50.00,50.00,0,0,0.00,"Clean Transaction"
2024-04-01,2024-04,1710,West,Pro,Active,50.00,0.00,1,0,50.00,"Unpaid Invoice"
2024-04-01,2024-04,1711,East,Enterprise,Active,200.00,200.00,0,0,0.00,"Clean Transaction"
2024-04-01,2024-04,1712,South,Pro,Active,50.00,50.00,0,0,0.00,"Clean Transaction"
2024-04-01,2024-04,1713,North,Pro,Active,50.00,50.00,0,0,0.00,"Clean Transaction"
2024-04-01,2024-04,1714,West,Pro,Active,50.00,50.00,0,0,0.00,"Clean Transaction"
2024-04-01,2024-04,1715,West,Basic,Active,10.00,10.00,0,0,0.00,"Clean Transaction"
2024-04-01,2024-04,1716,West,Pro,Active,50.00,50.00,0,0,0.00,"Clean Transaction"
2024-04-01,2024-04,1717,East,Basic,Active,10.00,10.00,0,0,0.00,"Clean Transaction"
2024-04-01,2024-04,1718,West,Pro,Active,50.00,50.00,0,0,0.00,"Clean Transaction"
2024-04-01,2024-04,1719,West,Pro,Active,50.00,50.00,0,0,0.00,"Clean Transaction"
2024-04-01,2024-04,1720,West,Basic,Active,10.00,10.00,0,0,0.00,"Clean Transaction"
2024-04-01,2024-04,1721,South,Basic,Active,10.00,10.00,0,0,0.00,"Clean Transaction"
2024-04-01,2024-04,1722,East,Pro,Active,50.00,50.00,0,0,0.00,"Clean Transaction"
2024-04-01,2024-04,1723,West,Enterprise,Cancelled,200.00,200.00,0,0,0.00,"Clean Transaction"
2024-04-01,2024-04,1724,North,Pro,Active,50.00,50.00,0,0,0.00,"Clean Transaction"
2024-04-01,2024-04,1725,North,Pro,Active,50.00,50.00,0,0,0.00,"Clean Transaction"
2024-04-01,2024-04,1726,North,Pro,Active,50.00,50.00,0,0,0.00,"Clean Transaction"
2024-04-01,2024-04,1727,East,Basic,Active,10.00,10.00,0,0,0.00,"Clean Transaction"
2024-04-01,2024-04,1728,East,Basic,Active,10.00,10.00,0,0,0.00,"Clean Transaction"
2024-04-01,2024-04,1729,North,Basic,Active,10.00,10.00,0,0,0.00,"Clean Transaction"
2024-04-01,2024-04,1730,West,Enterprise,Active,200.00,200.00,0,0,0.00,"Clean Transaction"
2024-04-01,2024-04,1731,East,Basic,Active,10.00,10.00,0,0,0.00,"Clean Transaction"
2024-04-01,2024-04,1732,North,Basic,Active,10.00,10.00,0,0,0.00,"Clean Transaction"
2024-04-01,2024-04,1733,North,Basic,Active,10.00,9.01,0,0,0.99,"Partial Payment"
2024-04-01,2024-04,1734,West,Basic,Active,10.00,10.00,0,0,0.00,"Clean Transaction"
2024-04-01,2024-04,1735,South,Pro,Active,50.00,50.00,0,0,0.00,"Clean Transaction"
2024-04-01,2024-04,1736,East,Enterprise,Cancelled,200.00,200.00,0,0,0.00,"Clean Transaction"
2024-04-01,2024-04,1737,West,Enterprise,Active,200.00,200.00,0,0,0.00,"Clean Transaction"
2024-04-01,2024-04,1738,North,Pro,Active,50.00,50.00,0,0,0.00,"Clean Transaction"
2024-04-01,2024-04,1739,North,Pro,Active,50.00,50.00,0,0,0.00,"Clean Transaction"
2024-04-01,2024-04,1740,West,Pro,Active,50.00,50.00,0,0,0.00,"Clean Transaction"
2024-04-01,2024-04,1741,East,Basic,Active,10.00,10.00,0,0,0.00,"Clean Transaction"
2024-04-01,2024-04,1742,South,Basic,Cancelled,10.00,10.00,0,0,0.00,"Clean Transaction"
2024-04-01,2024-04,1743,South,Enterprise,Active,200.00,200.00,0,0,0.00,"Clean Transaction"
2024-04-01,2024-04,1744,North,Enterprise,Active,200.00,200.00,0,0,0.00,"Clean Transaction"
2024-04-01,2024-04,1745,East,Enterprise,Active,200.00,200.00,0,0,0.00,"Clean Transaction"
2024-04-01,2024-04,1746,South,Pro,Active,50.00,50.00,0,0,0.00,"Clean Transaction"
2024-04-01,2024-04,1747,East,Basic,Active,10.00,10.00,0,0,0.00,"Clean Transaction"
2024-04-01,2024-04,1748,East,Pro,Active,50.00,50.00,0,0,0.00,"Clean Transaction"
2024-04-01,2024-04,1749,North,Basic,Active,10.00,10.00,0,0,0.00,"Clean Transaction"
2024-04-01,2024-04,1750,South,Basic,Active,10.00,10.00,0,0,0.00,"Clean Transaction"
2024-04-01,2024-04,1752,North,Basic,Active,10.00,10.00,0,0,0.00,"Clean Transaction"
2024-04-01,2024-04,1753,South,Enterprise,Active,200.00,200.00,0,0,0.00,"Clean Transaction"
2024-04-01,2024-04,1754,South,Basic,Active,10.00,10.00,0,0,0.00,"Clean Transaction"
2024-04-01,2024-04,1755,South,Enterprise,Active,200.00,200.00,0,0,0.00,"Clean Transaction"
2024-04-01,2024-04,1756,South,Basic,Active,10.00,10.00,0,0,0.00,"Clean Transaction"
2024-04-01,2024-04,1757,South,Pro,Active,50.00,50.00,0,0,0.00,"Clean Transaction"
2024-04-01,2024-04,1758,East,Enterprise,Active,200.00,200.00,0,0,0.00,"Clean Transaction"
2024-04-01,2024-04,1759,North,Enterprise,Active,200.00,200.00,0,0,0.00,"Clean Transaction"
2024-04-01,2024-04,1760,East,Pro,Cancelled,50.00,50.00,0,0,0.00,"Clean Transaction"
2024-04-01,2024-04,1761,West,Enterprise,Active,200.00,200.00,0,0,0.00,"Clean Transaction"
2024-04-01,2024-04,1762,South,Basic,Active,10.00,10.00,0,0,0.00,"Clean Transaction"
2024-04-01,2024-04,1763,North,Basic,Active,10.00,10.00,0,0,0.00,"Clean Transaction"
2024-04-01,2024-04,1765,North,Pro,Active,50.00,50.00,0,0,0.00,"Clean Transaction"
2024-04-01,2024-04,1766,East,Enterprise,Active,200.00,200.00,0,0,0.00,"Clean Transaction"
2024-04-01,2024-04,1767,North,Basic,Active,10.00,10.00,0,0,0.00,"Clean Transaction"
2024-04-01,2024-04,1768,West,Pro,Active,50.00,50.00,0,0,0.00,"Clean Transaction"
2024-04-01,2024-04,1769,West,Pro,Active,50.00,50.00,0,0,0.00,"Clean Transaction"
2024-04-01,2024-04,1770,North,Basic,Active,10.00,10.00,0,0,0.00,"Clean Transaction"
2024-04-01,2024-04,1771,North,Enterprise,Active,200.00,200.00,0,0,0.00,"Clean Transaction"
2024-04-01,2024-04,1772,North,Pro,Active,50.00,50.00,0,0,0.00,"Clean Transaction"
2024-04-01,2024-04,1773,North,Enterprise,Active,200.00,200.00,0,0,0.00,"Clean Transaction"
2024-04-01,2024-04,1774,West,Enterprise,Active,200.00,200.00,0,0,0.00,"Clean Transaction"
2024-04-01,2024-04,1775,South,Enterprise,Active,200.00,200.00,0,0,0.00,"Clean Transaction"
2024-04-01,2024-04,1776,North,Basic,Active,10.00,10.00,0,0,0.00,"Clean Transaction"
2024-04-01,2024-04,1777,North,Pro,Active,50.00,50.00,0,0,0.00,"Clean Transaction"
2024-04-01,2024-04,1778,West,Enterprise,Active,200.00,200.00,0,0,0.00,"Clean Transaction"
2024-04-01,2024-04,1779,West,Basic,Active,10.00,10.00,0,0,0.00,"Clean Transaction"
2024-04-01,2024-04,1783,West,Pro,Active,50.00,50.00,0,0,0.00,"Clean Transaction"
2024-04-01,2024-04,1784,West,Enterprise,Active,200.00,200.00,0,0,0.00,"Clean Transaction"
2024-04-01,2024-04,1785,South,Pro,Active,50.00,50.00,0,0,0.00,"Clean Transaction"
2024-04-01,2024-04,1786,North,Enterprise,Active,200.00,200.00,0,0,0.00,"Clean Transaction"
2024-04-01,2024-04,1787,East,Enterprise,Active,200.00,200.00,0,0,0.00,"Clean Transaction"
2024-04-01,2024-04,1788,West,Enterprise,Active,200.00,200.00,0,0,0.00,"Clean Transaction"
2024-04-01,2024-04,1789,West,Enterprise,Active,200.00,200.00,0,0,0.00,"Clean Transaction"
2024-04-01,2024-04,1790,East,Basic,Active,10.00,10.00,0,0,0.00,"Clean Transaction"
2024-04-01,2024-04,1791,South,Enterprise,Active,200.00,200.00,0,0,0.00,"Clean Transaction"
2024-04-01,2024-04,1792,West,Pro,Active,50.00,50.00,0,0,0.00,"Clean Transaction"
2024-04-01,2024-04,1793,North,Pro,Active,50.00,50.00,0,0,0.00,"Clean Transaction"
2024-04-01,2024-04,1794,West,Basic,Active,10.00,10.00,0,0,0.00,"Clean Transaction"
2024-04-01,2024-04,1795,North,Pro,Active,50.00,50.00,0,0,0.00,"Clean Transaction"
2024-04-01,2024-04,1796,East,Enterprise,Active,200.00,200.00,0,0,0.00,"Clean Transaction"
2024-04-01,2024-04,1797,North,Pro,Active,50.00,0.00,1,0,50.00,"Unpaid Invoice"
2024-04-01,2024-04,1798,East,Pro,Active,50.00,47.11,0,0,2.89,"Partial Payment"
2024-04-01,2024-04,1799,North,Enterprise,Active,200.00,200.00,0,0,0.00,"Clean Transaction"
2024-04-01,2024-04,1800,East,Basic,Cancelled,10.00,10.00,0,0,0.00,"Clean Transaction"
2024-04-01,2024-04,1801,North,Basic,Cancelled,10.00,10.00,0,0,0.00,"Clean Transaction"
2024-04-01,2024-04,1802,South,Pro,Active,50.00,50.00,0,0,0.00,"Clean Transaction"
2024-04-01,2024-04,1803,North,Pro,Active,50.00,50.00,0,0,0.00,"Clean Transaction"
2024-04-01,2024-04,1804,North,Enterprise,Active,200.00,200.00,0,0,0.00,"Clean Transaction"
2024-04-01,2024-04,1805,South,Basic,Active,10.00,10.00,0,0,0.00,"Clean Transaction"
2024-04-01,2024-04,1806,West,Enterprise,Active,200.00,200.00,0,0,0.00,"Clean Transaction"
2024-04-01,2024-04,1807,West,Enterprise,Active,200.00,200.00,0,0,0.00,"Clean Transaction"
2024-04-01,2024-04,1808,North,Enterprise,Active,200.00,200.00,0,0,0.00,"Clean Transaction"
2024-04-01,2024-04,1809,South,Enterprise,Cancelled,200.00,200.00,0,0,0.00,"Clean Transaction"
2024-04-01,2024-04,1810,North,Enterprise,Active,200.00,200.00,0,0,0.00,"Clean Transaction"
2024-04-01,2024-04,1811,East,Basic,Active,10.00,10.00,0,0,0.00,"Clean Transaction"
2024-04-01,2024-04,1812,East,Pro,Active,50.00,50.00,0,0,0.00,"Clean Transaction"
2024-04-01,2024-04,1813,North,Pro,Active,50.00,50.00,0,0,0.00,"Clean Transaction"
2024-04-01,2024-04,1814,West,Pro,Active,50.00,50.00,0,0,0.00,"Clean Transaction"
2024-04-01,2024-04,1815,West,Pro,Active,50.00,50.00,0,0,0.00,"Clean Transaction"
2024-04-01,2024-04,1816,North,Pro,Active,50.00,50.00,0,0,0.00,"Clean Transaction"
2024-04-01,2024-04,1817,North,Enterprise,Active,200.00,200.00,0,0,0.00,"Clean Transaction"
2024-04-01,2024-04,1818,East,Pro,Active,50.00,50.00,0,0,0.00,"Clean Transaction"
2024-04-01,2024-04,1820,North,Basic,Active,10.00,10.00,0,0,0.00,"Clean Transaction"
2024-04-01,2024-04,1821,East,Basic,Active,10.00,10.00,0,0,0.00,"Clean Transaction"
2024-04-01,2024-04,1822,West,Basic,Active,10.00,10.00,0,0,0.00,"Clean Transaction"
2024-04-01,2024-04,1823,South,Enterprise,Active,200.00,200.00,0,0,0.00,"Clean Transaction"
2024-04-01,2024-04,1824,East,Pro,Active,50.00,50.00,0,0,0.00,"Clean Transaction"
2024-04-01,2024-04,1825,West,Pro,Active,50.00,50.00,0,0,0.00,"Clean Transaction"
2024-04-01,2024-04,1826,West,Enterprise,Active,200.00,200.00,0,0,0.00,"Clean Transaction"
2024-04-01,2024-04,1827,East,Enterprise,Active,200.00,200.00,0,0,0.00,"Clean Transaction"
2024-04-01,2024-04,1828,South,Pro,Active,50.00,50.00,0,0,0.00,"Clean Transaction"
2024-04-01,2024-04,1829,East,Enterprise,Active,200.00,200.00,0,0,0.00,"Clean Transaction"
2024-04-01,2024-04,1830,West,Basic,Active,10.00,10.00,0,0,0.00,"Clean Transaction"
2024-04-01,2024-04,1831,North,Pro,Active,50.00,50.00,0,0,0.00,"Clean Transaction"
2024-04-01,2024-04,1832,North,Pro,Active,50.00,50.00,0,0,0.00,"Clean Transaction"
2024-04-01,2024-04,1833,East,Enterprise,Active,200.00,200.00,0,0,0.00,"Clean Transaction"
2024-04-01,2024-04,1834,West,Enterprise,Active,200.00,200.00,0,0,0.00,"Clean Transaction"
2024-04-01,2024-04,1835,North,Pro,Active,50.00,50.00,0,0,0.00,"Clean Transaction"
2024-04-01,2024-04,1836,West,Basic,Active,10.00,10.00,0,0,0.00,"Clean Transaction"
2024-04-01,2024-04,1837,East,Basic,Active,10.00,10.00,0,0,0.00,"Clean Transaction"
2024-04-01,2024-04,1838,North,Basic,Active,10.00,10.00,0,0,0.00,"Clean Transaction"
2024-04-01,2024-04,1839,West,Enterprise,Active,200.00,200.00,0,0,0.00,"Clean Transaction"
2024-04-01,2024-04,1840,North,Enterprise,Active,200.00,200.00,0,0,0.00,"Clean Transaction"
2024-04-01,2024-04,1841,East,Pro,Active,50.00,50.00,0,0,0.00,"Clean Transaction"
2024-04-01,2024-04,1842,West,Pro,Active,50.00,50.00,0,0,0.00,"Clean Transaction"
2024-04-01,2024-04,1843,North,Pro,Active,50.00,50.00,0,0,0.00,"Clean Transaction"
2024-04-01,2024-04,1844,East,Pro,Active,50.00,50.00,0,0,0.00,"Clean Transaction"
2024-04-01,2024-04,1845,North,Pro,Active,50.00,50.00,0,0,0.00,"Clean Transaction"
2024-04-01,2024-04,1846,North,Basic,Active,10.00,10.00,0,0,0.00,"Clean Transaction"
2024-04-01,2024-04,1847,South,Pro,Active,50.00,50.00,0,0,0.00,"Clean Transaction"
2024-04-01,2024-04,1848,South,Pro,Active,50.00,50.00,0,0,0.00,"Clean Transaction"
2024-04-01,2024-04,1849,East,Pro,Active,50.00,50.00,0,0,0.00,"Clean Transaction"
2024-04-01,2024-04,1850,South,Basic,Cancelled,10.00,10.00,0,0,0.00,"Clean Transaction"
2024-04-01,2024-04,1851,East,Basic,Active,10.00,10.00,0,0,0.00,"Clean Transaction"
2024-04-01,2024-04,1852,South,Pro,Active,50.00,50.00,0,0,0.00,"Clean Transaction"
2024-04-01,2024-04,1853,North,Pro,Active,50.00,50.00,0,0,0.00,"Clean Transaction"
2024-04-01,2024-04,1854,East,Basic,Active,10.00,10.00,0,0,0.00,"Clean Transaction"
2024-04-01,2024-04,1855,East,Basic,Active,10.00,0.00,1,0,10.00,"Unpaid Invoice"
2024-04-01,2024-04,1856,North,Basic,Active,10.00,10.00,0,0,0.00,"Clean Transaction"
2024-04-01,2024-04,1857,East,Pro,Active,50.00,50.00,0,0,0.00,"Clean Transaction"
2024-04-01,2024-04,1858,East,Pro,Active,50.00,50.00,0,0,0.00,"Clean Transaction"
2024-04-01,2024-04,1859,South,Enterprise,Active,200.00,200.00,0,0,0.00,"Clean Transaction"
2024-04-01,2024-04,1860,East,Enterprise,Active,200.00,200.00,0,0,0.00,"Clean Transaction"
2024-04-01,2024-04,1861,West,Enterprise,Active,200.00,200.00,0,0,0.00,"Clean Transaction"
2024-04-01,2024-04,1862,North,Enterprise,Active,200.00,200.00,0,0,0.00,"Clean Transaction"
2024-04-01,2024-04,1863,South,Enterprise,Active,200.00,200.00,0,0,0.00,"Clean Transaction"
2024-04-01,2024-04,1864,South,Enterprise,Active,200.00,200.00,0,0,0.00,"Clean Transaction"
2024-04-01,2024-04,1865,West,Pro,Active,50.00,0.00,1,0,50.00,"Unpaid Invoice"
2024-04-01,2024-04,1866,North,Enterprise,Active,200.00,200.00,0,0,0.00,"Clean Transaction"
2024-04-01,2024-04,1867,North,Basic,Active,10.00,10.00,0,0,0.00,"Clean Transaction"
2024-04-01,2024-04,1868,South,Enterprise,Active,200.00,200.00,0,0,0.00,"Clean Transaction"
2024-04-01,2024-04,1869,East,Enterprise,Active,200.00,200.00,0,0,0.00,"Clean Transaction"
2024-04-01,2024-04,1870,South,Pro,Active,50.00,50.00,0,0,0.00,"Clean Transaction"
2024-04-01,2024-04,1871,North,Enterprise,Active,200.00,200.00,0,0,0.00,"Clean Transaction"
2024-04-01,2024-04,1872,West,Basic,Active,10.00,10.00,0,0,0.00,"Clean Transaction"
2024-04-01,2024-04,1873,South,Basic,Active,10.00,10.00,0,0,0.00,"Clean Transaction"
2024-04-01,2024-04,1874,North,Pro,Active,50.00,50.00,0,0,0.00,"Clean Transaction"
2024-04-01,2024-04,1875,South,Basic,Active,10.00,10.00,0,0,0.00,"Clean Transaction"
2024-04-01,2024-04,1876,East,Enterprise,Active,200.00,200.00,0,0,0.00,"Clean Transaction"
2024-04-01,2024-04,1877,South,Pro,Active,50.00,50.00,0,0,0.00,"Clean Transaction"
2024-04-01,2024-04,1878,South,Pro,Active,50.00,50.00,0,0,0.00,"Clean Transaction"
2024-04-01,2024-04,1879,North,Basic,Active,10.00,10.00,0,0,0.00,"Clean Transaction"
2024-04-01,2024-04,1881,North,Pro,Active,50.00,50.00,0,0,0.00,"Clean Transaction"
2024-04-01,2024-04,1882,South,Basic,Active,10.00,10.00,0,0,0.00,"Clean Transaction"
2024-04-01,2024-04,1883,East,Pro,Cancelled,50.00,50.00,0,0,0.00,"Clean Transaction"
2024-04-01,2024-04,1884,West,Basic,Active,10.00,10.00,0,0,0.00,"Clean Transaction"
2024-04-01,2024-04,1885,West,Basic,Active,10.00,10.00,0,0,0.00,"Clean Transaction"
2024-04-01,2024-04,1886,North,Basic,Active,10.00,10.00,0,0,0.00,"Clean Transaction"
2024-04-01,2024-04,1887,North,Pro,Active,50.00,50.00,0,0,0.00,"Clean Transaction"
2024-04-01,2024-04,1888,South,Basic,Active,10.00,9.77,0,0,0.23,"Partial Payment"
2024-04-01,2024-04,1889,West,Enterprise,Active,200.00,200.00,0,0,0.00,"Clean Transaction"
2024-04-01,2024-04,1890,North,Pro,Active,50.00,50.00,0,0,0.00,"Clean Transaction"
2024-04-01,2024-04,1891,East,Enterprise,Cancelled,200.00,200.00,0,0,0.00,"Clean Transaction"
2024-04-01,2024-04,1892,East,Enterprise,Active,200.00,200.00,0,0,0.00,"Clean Transaction"
2024-04-01,2024-04,1893,North,Enterprise,Active,200.00,200.00,0,0,0.00,"Clean Transaction"
2024-04-01,2024-04,1894,North,Pro,Active,50.00,50.00,0,0,0.00,"Clean Transaction"
2024-04-01,2024-04,1896,West,Enterprise,Active,200.00,200.00,0,0,0.00,"Clean Transaction"
2024-04-01,2024-04,1897,South,Basic,Cancelled,10.00,10.00,0,0,0.00,"Clean Transaction"
2024-04-01,2024-04,1898,West,Pro,Active,50.00,50.00,0,0,0.00,"Clean Transaction"
2024-04-01,2024-04,1899,East,Enterprise,Active,200.00,200.00,0,0,0.00,"Clean Transaction"
2024-04-01,2024-04,1900,East,Pro,Active,50.00,50.00,0,0,0.00,"Clean Transaction"
2024-04-01,2024-04,1901,North,Enterprise,Active,200.00,200.00,0,0,0.00,"Clean Transaction"
2024-04-01,2024-04,1902,West,Basic,Active,10.00,10.00,0,0,0.00,"Clean Transaction"
2024-04-01,2024-04,1903,South,Pro,Active,50.00,50.00,0,0,0.00,"Clean Transaction"
2024-04-01,2024-04,1904,East,Pro,Active,50.00,50.00,0,0,0.00,"Clean Transaction"
2024-04-01,2024-04,1905,East,Pro,Active,50.00,50.00,0,0,0.00,"Clean Transaction"
2024-04-01,2024-04,1906,South,Basic,Active,10.00,10.00,0,0,0.00,"Clean Transaction"
2024-04-01,2024-04,1907,South,Enterprise,Active,200.00,200.00,0,0,0.00,"Clean Transaction"
2024-04-01,2024-04,1908,East,Basic,Active,10.00,10.00,0,0,0.00,"Clean Transaction"
2024-04-01,2024-04,1909,East,Enterprise,Active,200.00,200.00,0,0,0.00,"Clean Transaction"
2024-04-01,2024-04,1910,South,Basic,Active,10.00,10.00,0,0,0.00,"Clean Transaction"
2024-04-01,2024-04,1911,East,Pro,Active,50.00,50.00,0,0,0.00,"Clean Transaction"
2024-04-01,2024-04,1912,North,Basic,Active,10.00,10.00,0,0,0.00,"Clean Transaction"
2024-04-01,2024-04,1913,North,Pro,Cancelled,50.00,50.00,0,0,0.00,"Clean Transaction"
2024-04-01,2024-04,1914,South,Basic,Active,10.00,10.00,0,0,0.00,"Clean Transaction"
2024-04-01,2024-04,1915,West,Pro,Cancelled,50.00,50.00,0,0,0.00,"Clean Transaction"
2024-04-01,2024-04,1916,South,Enterprise,Active,200.00,200.00,0,0,0.00,"Clean Transaction"
2024-04-01,2024-04,1917,South,Pro,Active,50.00,0.00,1,0,50.00,"Unpaid Invoice"
2024-04-01,2024-04,1918,West,Pro,Active,50.00,50.00,0,0,0.00,"Clean Transaction"
2024-04-01,2024-04,1919,West,Pro,Active,50.00,50.00,0,0,0.00,"Clean Transaction"
2024-04-01,2024-04,1920,West,Pro,Active,50.00,50.00,0,0,0.00,"Clean Transaction"
2024-04-01,2024-04,1921,North,Basic,Active,10.00,10.00,0,0,0.00,"Clean Transaction"
2024-04-01,2024-04,1922,East,Enterprise,Active,200.00,200.00,0,0,0.00,"Clean Transaction"
2024-04-01,2024-04,1923,North,Enterprise,Active,200.00,200.00,0,0,0.00,"Clean Transaction"
2024-04-01,2024-04,1924,East,Enterprise,Active,200.00,200.00,0,0,0.00,"Clean Transaction"
2024-04-01,2024-04,1925,North,Basic,Active,10.00,10.00,0,0,0.00,"Clean Transaction"
2024-04-01,2024-04,1926,East,Enterprise,Active,200.00,200.00,0,0,0.00,"Clean Transaction"
2024-04-01,2024-04,1927,North,Enterprise,Active,200.00,200.00,0,0,0.00,"Clean Transaction"
2024-04-01,2024-04,1928,West,Enterprise,Active,200.00,200.00,0,0,0.00,"Clean Transaction"
2024-04-01,2024-04,1929,South,Pro,Active,50.00,50.00,0,0,0.00,"Clean Transaction"
2024-04-01,2024-04,1930,North,Enterprise,Cancelled,200.00,200.00,0,0,0.00,"Clean Transaction"
2024-04-01,2024-04,1931,East,Basic,Active,10.00,10.00,0,0,0.00,"Clean Transaction"
2024-04-01,2024-04,1932,West,Pro,Active,50.00,50.00,0,0,0.00,"Clean Transaction"
2024-04-01,2024-04,1933,North,Pro,Active,50.00,50.00,0,0,0.00,"Clean Transaction"
2024-04-01,2024-04,1935,West,Enterprise,Active,200.00,200.00,0,0,0.00,"Clean Transaction"
2024-04-01,2024-04,1936,North,Pro,Active,50.00,50.00,0,0,0.00,"Clean Transaction"
2024-04-01,2024-04,1937,South,Basic,Active,10.00,10.00,0,0,0.00,"Clean Transaction"
2024-04-01,2024-04,1939,South,Pro,Active,50.00,50.00,0,0,0.00,"Clean Transaction"
2024-04-01,2024-04,1940,South,Enterprise,Active,200.00,191.36,0,0,8.64,"Partial Payment"
2024-04-01,2024-04,1941,West,Basic,Active,10.00,10.00,0,0,0.00,"Clean Transaction"
2024-04-01,2024-04,1942,North,Basic,Active,10.00,10.00,0,0,0.00,"Clean Transaction"
2024-04-01,2024-04,1943,West,Pro,Active,50.00,50.00,0,0,0.00,"Clean Transaction"
2024-04-01,2024-04,1944,North,Enterprise,Active,200.00,200.00,0,0,0.00,"Clean Transaction"
2024-04-01,2024-04,1945,North,Enterprise,Cancelled,200.00,200.00,0,0,0.00,"Clean Transaction"
2024-04-01,2024-04,1946,East,Enterprise,Active,200.00,200.00,0,0,0.00,"Clean Transaction"
2024-04-01,2024-04,1947,North,Enterprise,Active,200.00,200.00,0,0,0.00,"Clean Transaction"
2024-04-01,2024-04,1948,West,Basic,Active,10.00,10.00,0,0,0.00,"Clean Transaction"
2024-04-01,2024-04,1949,South,Basic,Active,10.00,10.00,0,0,0.00,"Clean Transaction"
2024-04-01,2024-04,1950,North,Pro,Active,50.00,50.00,0,0,0.00,"Clean Transaction"
2024-04-01,2024-04,1951,East,Pro,Active,50.00,50.00,0,0,0.00,"Clean Transaction"
2024-04-01,2024-04,1952,West,Basic,Active,10.00,10.00,0,0,0.00,"Clean Transaction"
2024-04-01,2024-04,1953,North,Pro,Active,50.00,50.00,0,0,0.00,"Clean Transaction"
2024-04-01,2024-04,1954,West,Enterprise,Active,200.00,200.00,0,0,0.00,"Clean Transaction"
2024-04-01,2024-04,1955,East,Pro,Active,50.00,50.00,0,0,0.00,"Clean Transaction"
2024-04-01,2024-04,1956,East,Enterprise,Active,200.00,200.00,0,0,0.00,"Clean Transaction"
2024-04-01,2024-04,1957,West,Pro,Active,50.00,50.00,0,0,0.00,"Clean Transaction"
2024-04-01,2024-04,1958,North,Pro,Active,50.00,50.00,0,0,0.00,"Clean Transaction"
2024-04-01,2024-04,1959,South,Enterprise,Active,200.00,200.00,0,0,0.00,"Clean Transaction"
2024-04-01,2024-04,1960,East,Basic,Active,10.00,10.00,0,0,0.00,"Clean Transaction"
2024-04-01,2024-04,1961,North,Enterprise,Active,200.00,200.00,0,0,0.00,"Clean Transaction"
2024-04-01,2024-04,1962,North,Basic,Active,10.00,10.00,0,0,0.00,"Clean Transaction"
2024-04-01,2024-04,1963,South,Enterprise,Cancelled,200.00,200.00,0,0,0.00,"Clean Transaction"
2024-04-01,2024-04,1964,East,Enterprise,Active,200.00,200.00,0,0,0.00,"Clean Transaction"
2024-04-01,2024-04,1965,East,Enterprise,Active,200.00,200.00,0,0,0.00,"Clean Transaction"
2024-04-01,2024-04,1966,North,Basic,Active,10.00,10.00,0,0,0.00,"Clean Transaction"
2024-04-01,2024-04,1967,North,Enterprise,Active,200.00,200.00,0,0,0.00,"Clean Transaction"
2024-04-01,2024-04,1968,South,Enterprise,Active,200.00,200.00,0,0,0.00,"Clean Transaction"
2024-04-01,2024-04,1969,South,Enterprise,Active,200.00,200.00,0,0,0.00,"Clean Transaction"
2024-04-01,2024-04,1970,East,Basic,Active,10.00,10.00,0,0,0.00,"Clean Transaction"
2024-04-01,2024-04,1971,West,Pro,Cancelled,50.00,50.00,0,0,0.00,"Clean Transaction"
2024-04-01,2024-04,1972,East,Enterprise,Cancelled,200.00,200.00,0,0,0.00,"Clean Transaction"
2024-04-01,2024-04,1973,North,Basic,Active,10.00,10.00,0,0,0.00,"Clean Transaction"
2024-04-01,2024-04,1974,East,Enterprise,Active,200.00,200.00,0,0,0.00,"Clean Transaction"
2024-04-01,2024-04,1975,West,Pro,Active,50.00,50.00,0,0,0.00,"Clean Transaction"
2024-04-01,2024-04,1976,South,Basic,Active,10.00,10.00,0,0,0.00,"Clean Transaction"
2024-04-01,2024-04,1977,West,Pro,Active,50.00,50.00,0,0,0.00,"Clean Transaction"
2024-04-01,2024-04,1978,West,Enterprise,Active,200.00,200.00,0,0,0.00,"Clean Transaction"
2024-04-01,2024-04,1979,West,Enterprise,Active,200.00,200.00,0,0,0.00,"Clean Transaction"
2024-04-01,2024-04,1980,South,Enterprise,Active,200.00,200.00,0,0,0.00,"Clean Transaction"
2024-04-01,2024-04,1981,West,Basic,Active,10.00,10.00,0,0,0.00,"Clean Transaction"
2024-04-01,2024-04,1982,West,Basic,Active,10.00,10.00,0,0,0.00,"Clean Transaction"
2024-04-01,2024-04,1983,West,Pro,Cancelled,50.00,50.00,0,0,0.00,"Clean Transaction"
2024-04-01,2024-04,1984,North,Enterprise,Cancelled,200.00,200.00,0,0,0.00,"Clean Transaction"
2024-04-01,2024-04,1985,West,Enterprise,Active,200.00,200.00,0,0,0.00,"Clean Transaction"
2024-04-01,2024-04,1986,South,Enterprise,Cancelled,200.00,200.00,0,0,0.00,"Clean Transaction"
2024-04-01,2024-04,1987,West,Basic,Active,10.00,10.00,0,0,0.00,"Clean Transaction"
2024-04-01,2024-04,1988,West,Enterprise,Active,200.00,200.00,0,0,0.00,"Clean Transaction"
2024-04-01,2024-04,1989,South,Basic,Active,10.00,10.00,0,0,0.00,"Clean Transaction"
2024-04-01,2024-04,1990,West,Enterprise,Active,200.00,200.00,0,0,0.00,"Clean Transaction"
2024-04-01,2024-04,1991,South,Basic,Cancelled,10.00,10.00,0,0,0.00,"Clean Transaction"
2024-04-01,2024-04,1992,West,Basic,Active,10.00,10.00,0,0,0.00,"Clean Transaction"
2024-04-01,2024-04,1993,South,Pro,Active,50.00,50.00,0,0,0.00,"Clean Transaction"
2024-04-01,2024-04,1994,West,Basic,Active,10.00,10.00,0,0,0.00,"Clean Transaction"
2024-04-01,2024-04,1995,West,Basic,Active,10.00,10.00,0,0,0.00,"Clean Transaction"
2024-04-01,2024-04,1997,North,Basic,Active,10.00,10.00,0,0,0.00,"Clean Transaction"
2024-04-01,2024-04,1998,West,Basic,Active,10.00,10.00,0,0,0.00,"Clean Transaction"
2024-04-01,2024-04,1999,West,Pro,Active,50.00,50.00,0,0,0.00,"Clean Transaction"
2024-04-01,2024-04,2000,East,Pro,Cancelled,50.00,50.00,0,0,0.00,"Clean Transaction"
2024-05-01,2024-05,1001,East,Basic,Cancelled,10.00,10.00,0,0,0.00,"Clean Transaction"
2024-05-01,2024-05,1002,West,Basic,Active,10.00,10.00,0,0,0.00,"Clean Transaction"
2024-05-01,2024-05,1004,East,Basic,Active,10.00,10.00,0,0,0.00,"Clean Transaction"
2024-05-01,2024-05,1005,East,Pro,Cancelled,50.00,50.00,0,0,0.00,"Clean Transaction"
2024-05-01,2024-05,1006,West,Basic,Cancelled,10.00,10.00,0,0,0.00,"Clean Transaction"
2024-05-01,2024-05,1007,North,Enterprise,Active,200.00,200.00,0,0,0.00,"Clean Transaction"
2024-05-01,2024-05,1008,North,Pro,Active,50.00,50.00,0,0,0.00,"Clean Transaction"
2024-05-01,2024-05,1009,East,Enterprise,Active,200.00,200.00,0,0,0.00,"Clean Transaction"
2024-05-01,2024-05,1010,South,Pro,Active,50.00,50.00,0,0,0.00,"Clean Transaction"
2024-05-01,2024-05,1011,East,Basic,Active,10.00,9.11,0,0,0.89,"Partial Payment"
2024-05-01,2024-05,1013,East,Basic,Active,10.00,10.00,0,0,0.00,"Clean Transaction"
2024-05-01,2024-05,1014,East,Basic,Active,10.00,10.00,0,0,0.00,"Clean Transaction"
2024-05-01,2024-05,1015,West,Basic,Active,10.00,10.00,0,0,0.00,"Clean Transaction"
2024-05-01,2024-05,1016,North,Basic,Active,10.00,10.00,0,0,0.00,"Clean Transaction"
2024-05-01,2024-05,1017,West,Pro,Active,50.00,50.00,0,0,0.00,"Clean Transaction"
2024-05-01,2024-05,1018,West,Pro,Active,50.00,50.00,0,0,0.00,"Clean Transaction"
2024-05-01,2024-05,1019,West,Enterprise,Active,200.00,200.00,0,0,0.00,"Clean Transaction"
2024-05-01,2024-05,1020,East,Pro,Active,50.00,50.00,0,0,0.00,"Clean Transaction"
2024-05-01,2024-05,1021,South,Pro,Active,50.00,50.00,0,0,0.00,"Clean Transaction"
2024-05-01,2024-05,1022,North,Basic,Active,10.00,10.00,0,0,0.00,"Clean Transaction"
2024-05-01,2024-05,1023,South,Enterprise,Active,200.00,200.00,0,0,0.00,"Clean Transaction"
2024-05-01,2024-05,1024,West,Pro,Active,50.00,50.00,0,0,0.00,"Clean Transaction"
2024-05-01,2024-05,1025,West,Enterprise,Active,200.00,200.00,0,0,0.00,"Clean Transaction"
2024-05-01,2024-05,1026,South,Pro,Active,50.00,50.00,0,0,0.00,"Clean Transaction"
2024-05-01,2024-05,1027,South,Pro,Active,50.00,50.00,0,0,0.00,"Clean Transaction"
2024-05-01,2024-05,1028,South,Enterprise,Active,200.00,200.00,0,0,0.00,"Clean Transaction"
2024-05-01,2024-05,1029,West,Basic,Active,10.00,10.00,0,0,0.00,"Clean Transaction"
2024-05-01,2024-05,1030,West,Enterprise,Active,200.00,200.00,0,0,0.00,"Clean Transaction"
2024-05-01,2024-05,1031,North,Basic,Active,10.00,10.00,0,0,0.00,"Clean Transaction"
2024-05-01,2024-05,1032,North,Pro,Active,50.00,50.00,0,0,0.00,"Clean Transaction"
2024-05-01,2024-05,1034,South,Pro,Active,50.00,50.00,0,0,0.00,"Clean Transaction"
2024-05-01,2024-05,1035,South,Enterprise,Active,200.00,200.00,0,0,0.00,"Clean Transaction"
2024-05-01,2024-05,1036,North,Enterprise,Active,200.00,200.00,0,0,0.00,"Clean Transaction"
2024-05-01,2024-05,1037,West,Basic,Active,10.00,10.00,0,0,0.00,"Clean Transaction"
2024-05-01,2024-05,1038,North,Enterprise,Active,200.00,200.00,0,0,0.00,"Clean Transaction"
2024-05-01,2024-05,1039,North,Basic,Active,10.00,10.00,0,0,0.00,"Clean Transaction"
2024-05-01,2024-05,1040,East,Basic,Active,10.00,10.00,0,0,0.00,"Clean Transaction"
2024-05-01,2024-05,1041,East,Pro,Active,50.00,50.00,0,0,0.00,"Clean Transaction"
2024-05-01,2024-05,1043,South,Pro,Active,50.00,50.00,0,0,0.00,"Clean Transaction"
2024-05-01,2024-05,1044,West,Pro,Active,50.00,50.00,0,0,0.00,"Clean Transaction"
2024-05-01,2024-05,1046,West,Enterprise,Cancelled,200.00,200.00,0,0,0.00,"Clean Transaction"
2024-05-01,2024-05,1048,East,Basic,Active,10.00,10.00,0,0,0.00,"Clean Transaction"
2024-05-01,2024-05,1049,South,Enterprise,Active,200.00,200.00,0,0,0.00,"Clean Transaction"
2024-05-01,2024-05,1050,South,Pro,Active,50.00,50.00,0,0,0.00,"Clean Transaction"
2024-05-01,2024-05,1051,East,Pro,Active,50.00,50.00,0,0,0.00,"Clean Transaction"
2024-05-01,2024-05,1052,South,Enterprise,Cancelled,200.00,200.00,0,0,0.00,"Clean Transaction"
2024-05-01,2024-05,1053,East,Enterprise,Active,200.00,200.00,0,0,0.00,"Clean Transaction"
2024-05-01,2024-05,1054,West,Basic,Active,10.00,10.00,0,0,0.00,"Clean Transaction"
2024-05-01,2024-05,1055,East,Enterprise,Active,200.00,200.00,0,0,0.00,"Clean Transaction"
2024-05-01,2024-05,1056,West,Enterprise,Active,200.00,200.00,0,0,0.00,"Clean Transaction"
2024-05-01,2024-05,1057,West,Enterprise,Active,200.00,200.00,0,0,0.00,"Clean Transaction"
2024-05-01,2024-05,1058,North,Pro,Active,50.00,50.00,0,0,0.00,"Clean Transaction"
2024-05-01,2024-05,1059,East,Basic,Active,10.00,10.00,0,0,0.00,"Clean Transaction"
2024-05-01,2024-05,1060,North,Pro,Active,50.00,0.00,1,0,50.00,"Unpaid Invoice"
2024-05-01,2024-05,1061,East,Pro,Active,50.00,50.00,0,0,0.00,"Clean Transaction"
2024-05-01,2024-05,1062,East,Pro,Active,50.00,50.00,0,0,0.00,"Clean Transaction"
2024-05-01,2024-05,1063,North,Basic,Active,10.00,9.53,0,0,0.47,"Partial Payment"
2024-05-01,2024-05,1064,North,Basic,Active,10.00,10.00,0,0,0.00,"Clean Transaction"
2024-05-01,2024-05,1065,East,Pro,Active,50.00,50.00,0,0,0.00,"Clean Transaction"
2024-05-01,2024-05,1066,South,Basic,Active,10.00,10.00,0,0,0.00,"Clean Transaction"
2024-05-01,2024-05,1067,West,Pro,Active,50.00,50.00,0,0,0.00,"Clean Transaction"
2024-05-01,2024-05,1068,North,Enterprise,Active,200.00,200.00,0,0,0.00,"Clean Transaction"
2024-05-01,2024-05,1069,West,Enterprise,Active,200.00,200.00,0,0,0.00,"Clean Transaction"
2024-05-01,2024-05,1070,South,Enterprise,Active,200.00,200.00,0,0,0.00,"Clean Transaction"
2024-05-01,2024-05,1071,South,Enterprise,Active,200.00,200.00,0,0,0.00,"Clean Transaction"
2024-05-01,2024-05,1072,South,Enterprise,Cancelled,200.00,200.00,0,0,0.00,"Clean Transaction"
2024-05-01,2024-05,1073,North,Enterprise,Active,200.00,200.00,0,0,0.00,"Clean Transaction"
2024-05-01,2024-05,1074,South,Basic,Cancelled,10.00,10.00,0,0,0.00,"Clean Transaction"
2024-05-01,2024-05,1075,North,Enterprise,Active,200.00,200.00,0,0,0.00,"Clean Transaction"
2024-05-01,2024-05,1076,South,Enterprise,Active,200.00,200.00,0,0,0.00,"Clean Transaction"
2024-05-01,2024-05,1077,West,Basic,Active,10.00,10.00,0,0,0.00,"Clean Transaction"
2024-05-01,2024-05,1078,West,Pro,Active,50.00,50.00,0,0,0.00,"Clean Transaction"
2024-05-01,2024-05,1079,East,Basic,Active,10.00,10.00,0,0,0.00,"Clean Transaction"
2024-05-01,2024-05,1080,West,Enterprise,Active,200.00,184.21,0,0,15.79,"Partial Payment"
2024-05-01,2024-05,1081,East,Pro,Active,50.00,50.00,0,0,0.00,"Clean Transaction"
2024-05-01,2024-05,1082,West,Basic,Active,10.00,10.00,0,0,0.00,"Clean Transaction"
2024-05-01,2024-05,1083,North,Pro,Cancelled,50.00,50.00,0,0,0.00,"Clean Transaction"
2024-05-01,2024-05,1084,West,Pro,Cancelled,50.00,50.00,0,0,0.00,"Clean Transaction"
2024-05-01,2024-05,1085,East,Basic,Active,10.00,10.00,0,0,0.00,"Clean Transaction"
2024-05-01,2024-05,1086,East,Basic,Active,10.00,10.00,0,0,0.00,"Clean Transaction"
2024-05-01,2024-05,1087,South,Pro,Active,50.00,50.00,0,0,0.00,"Clean Transaction"
2024-05-01,2024-05,1090,South,Pro,Active,50.00,50.00,0,0,0.00,"Clean Transaction"
2024-05-01,2024-05,1091,West,Basic,Active,10.00,10.00,0,0,0.00,"Clean Transaction"
2024-05-01,2024-05,1092,West,Basic,Active,10.00,10.00,0,0,0.00,"Clean Transaction"
2024-05-01,2024-05,1093,South,Pro,Active,50.00,50.00,0,0,0.00,"Clean Transaction"
2024-05-01,2024-05,1094,South,Basic,Active,10.00,10.00,0,0,0.00,"Clean Transaction"
2024-05-01,2024-05,1095,South,Pro,Active,50.00,50.00,0,0,0.00,"Clean Transaction"
2024-05-01,2024-05,1096,South,Pro,Active,50.00,50.00,0,0,0.00,"Clean Transaction"
2024-05-01,2024-05,1097,South,Enterprise,Active,200.00,200.00,0,0,0.00,"Clean Transaction"
2024-05-01,2024-05,1098,West,Enterprise,Active,200.00,200.00,0,0,0.00,"Clean Transaction"
2024-05-01,2024-05,1099,South,Enterprise,Active,200.00,200.00,0,0,0.00,"Clean Transaction"
2024-05-01,2024-05,1100,North,Basic,Active,10.00,10.00,0,0,0.00,"Clean Transaction"
2024-05-01,2024-05,1101,East,Enterprise,Active,200.00,200.00,0,0,0.00,"Clean Transaction"
2024-05-01,2024-05,1102,South,Enterprise,Active,200.00,200.00,0,0,0.00,"Clean Transaction"
2024-05-01,2024-05,1103,South,Enterprise,Active,200.00,200.00,0,0,0.00,"Clean Transaction"
2024-05-01,2024-05,1104,West,Enterprise,Active,200.00,183.28,0,0,16.72,"Partial Payment"
2024-05-01,2024-05,1105,South,Pro,Active,50.00,50.00,0,0,0.00,"Clean Transaction"
2024-05-01,2024-05,1106,South,Basic,Active,10.00,10.00,0,0,0.00,"Clean Transaction"
2024-05-01,2024-05,1107,South,Basic,Active,10.00,10.00,0,0,0.00,"Clean Transaction"
2024-05-01,2024-05,1108,West,Pro,Active,50.00,50.00,0,0,0.00,"Clean Transaction"
2024-05-01,2024-05,1109,South,Pro,Active,50.00,50.00,0,0,0.00,"Clean Transaction"
2024-05-01,2024-05,1110,East,Basic,Active,10.00,10.00,0,0,0.00,"Clean Transaction"
2024-05-01,2024-05,1111,West,Enterprise,Active,200.00,200.00,0,0,0.00,"Clean Transaction"
2024-05-01,2024-05,1112,East,Enterprise,Active,200.00,200.00,0,0,0.00,"Clean Transaction"
2024-05-01,2024-05,1113,West,Basic,Active,10.00,10.00,0,0,0.00,"Clean Transaction"
2024-05-01,2024-05,1114,South,Basic,Active,10.00,10.00,0,0,0.00,"Clean Transaction"
2024-05-01,2024-05,1115,East,Enterprise,Cancelled,200.00,200.00,0,0,0.00,"Clean Transaction"
2024-05-01,2024-05,1116,West,Enterprise,Active,200.00,200.00,0,0,0.00,"Clean Transaction"
2024-05-01,2024-05,1117,North,Pro,Active,50.00,50.00,0,0,0.00,"Clean Transaction"
2024-05-01,2024-05,1118,South,Enterprise,Active,200.00,200.00,0,0,0.00,"Clean Transaction"
2024-05-01,2024-05,1119,West,Pro,Active,50.00,50.00,0,0,0.00,"Clean Transaction"
2024-05-01,2024-05,1120,North,Pro,Active,50.00,50.00,0,0,0.00,"Clean Transaction"
2024-05-01,2024-05,1121,West,Enterprise,Active,200.00,200.00,0,0,0.00,"Clean Transaction"
2024-05-01,2024-05,1122,North,Basic,Active,10.00,10.00,0,0,0.00,"Clean Transaction"
2024-05-01,2024-05,1123,South,Enterprise,Active,200.00,200.00,0,0,0.00,"Clean Transaction"
2024-05-01,2024-05,1125,North,Pro,Active,50.00,50.00,0,0,0.00,"Clean Transaction"
2024-05-01,2024-05,1126,West,Basic,Active,10.00,10.00,0,0,0.00,"Clean Transaction"
2024-05-01,2024-05,1127,South,Pro,Active,50.00,50.00,0,0,0.00,"Clean Transaction"
2024-05-01,2024-05,1128,North,Enterprise,Active,200.00,200.00,0,0,0.00,"Clean Transaction"
2024-05-01,2024-05,1129,West,Basic,Active,10.00,10.00,0,0,0.00,"Clean Transaction"
2024-05-01,2024-05,1130,West,Pro,Cancelled,50.00,50.00,0,0,0.00,"Clean Transaction"
2024-05-01,2024-05,1132,North,Pro,Active,50.00,50.00,0,0,0.00,"Clean Transaction"
2024-05-01,2024-05,1133,North,Enterprise,Active,200.00,200.00,0,0,0.00,"Clean Transaction"
2024-05-01,2024-05,1134,North,Enterprise,Active,200.00,200.00,0,0,0.00,"Clean Transaction"
2024-05-01,2024-05,1135,East,Enterprise,Active,200.00,200.00,0,0,0.00,"Clean Transaction"
2024-05-01,2024-05,1136,North,Basic,Active,10.00,10.00,0,0,0.00,"Clean Transaction"
2024-05-01,2024-05,1137,North,Basic,Active,10.00,10.00,0,0,0.00,"Clean Transaction"
2024-05-01,2024-05,1138,North,Enterprise,Active,200.00,200.00,0,0,0.00,"Clean Transaction"
2024-05-01,2024-05,1139,East,Pro,Active,50.00,50.00,0,0,0.00,"Clean Transaction"
2024-05-01,2024-05,1141,West,Pro,Active,50.00,50.00,0,0,0.00,"Clean Transaction"
2024-05-01,2024-05,1142,North,Basic,Cancelled,10.00,10.00,0,0,0.00,"Clean Transaction"
2024-05-01,2024-05,1143,West,Basic,Active,10.00,10.00,0,0,0.00,"Clean Transaction"
2024-05-01,2024-05,1144,West,Enterprise,Active,200.00,200.00,0,0,0.00,"Clean Transaction"
2024-05-01,2024-05,1145,West,Basic,Active,10.00,10.00,0,0,0.00,"Clean Transaction"
2024-05-01,2024-05,1146,East,Enterprise,Cancelled,200.00,200.00,0,0,0.00,"Clean Transaction"
2024-05-01,2024-05,1147,East,Enterprise,Active,200.00,200.00,0,0,0.00,"Clean Transaction"
2024-05-01,2024-05,1148,East,Pro,Active,50.00,50.00,0,0,0.00,"Clean Transaction"
2024-05-01,2024-05,1149,North,Pro,Active,50.00,50.00,0,0,0.00,"Clean Transaction"
2024-05-01,2024-05,1150,West,Basic,Active,10.00,10.00,0,0,0.00,"Clean Transaction"
2024-05-01,2024-05,1151,East,Pro,Active,50.00,50.00,0,0,0.00,"Clean Transaction"
2024-05-01,2024-05,1152,East,Pro,Active,50.00,50.00,0,0,0.00,"Clean Transaction"
2024-05-01,2024-05,1153,North,Enterprise,Active,200.00,200.00,0,0,0.00,"Clean Transaction"
2024-05-01,2024-05,1154,East,Enterprise,Active,200.00,200.00,0,0,0.00,"Clean Transaction"
2024-05-01,2024-05,1155,North,Basic,Active,10.00,10.00,0,0,0.00,"Clean Transaction"
2024-05-01,2024-05,1156,South,Pro,Active,50.00,50.00,0,0,0.00,"Clean Transaction"
2024-05-01,2024-05,1157,East,Enterprise,Active,200.00,200.00,0,0,0.00,"Clean Transaction"
2024-05-01,2024-05,1158,South,Pro,Active,50.00,0.00,1,0,50.00,"Unpaid Invoice"
2024-05-01,2024-05,1159,North,Pro,Active,50.00,50.00,0,0,0.00,"Clean Transaction"
2024-05-01,2024-05,1160,West,Basic,Active,10.00,10.00,0,0,0.00,"Clean Transaction"
2024-05-01,2024-05,1161,East,Enterprise,Active,200.00,200.00,0,0,0.00,"Clean Transaction"
2024-05-01,2024-05,1162,North,Basic,Active,10.00,10.00,0,0,0.00,"Clean Transaction"
2024-05-01,2024-05,1163,West,Basic,Active,10.00,9.65,0,0,0.35,"Partial Payment"
2024-05-01,2024-05,1164,West,Pro,Active,50.00,50.00,0,0,0.00,"Clean Transaction"
2024-05-01,2024-05,1165,South,Basic,Active,10.00,10.00,0,0,0.00,"Clean Transaction"
2024-05-01,2024-05,1166,North,Pro,Active,50.00,50.00,0,0,0.00,"Clean Transaction"
2024-05-01,2024-05,1168,East,Pro,Active,50.00,50.00,0,0,0.00,"Clean Transaction"
2024-05-01,2024-05,1169,East,Pro,Active,50.00,50.00,0,0,0.00,"Clean Transaction"
2024-05-01,2024-05,1170,South,Pro,Active,50.00,50.00,0,0,0.00,"Clean Transaction"
2024-05-01,2024-05,1171,West,Pro,Active,50.00,46.07,0,0,3.93,"Partial Payment"
2024-05-01,2024-05,1172,North,Pro,Active,50.00,50.00,0,0,0.00,"Clean Transaction"
2024-05-01,2024-05,1173,East,Basic,Active,10.00,10.00,0,0,0.00,"Clean Transaction"
2024-05-01,2024-05,1174,West,Basic,Active,10.00,10.00,0,0,0.00,"Clean Transaction"
2024-05-01,2024-05,1175,West,Pro,Active,50.00,50.00,0,0,0.00,"Clean Transaction"
2024-05-01,2024-05,1176,South,Pro,Active,50.00,50.00,0,0,0.00,"Clean Transaction"
2024-05-01,2024-05,1177,East,Pro,Active,50.00,50.00,0,0,0.00,"Clean Transaction"
2024-05-01,2024-05,1178,East,Basic,Active,10.00,10.00,0,0,0.00,"Clean Transaction"
2024-05-01,2024-05,1180,East,Basic,Active,10.00,10.00,0,0,0.00,"Clean Transaction"
2024-05-01,2024-05,1181,North,Basic,Active,10.00,10.00,0,0,0.00,"Clean Transaction"
2024-05-01,2024-05,1182,East,Basic,Active,10.00,10.00,0,0,0.00,"Clean Transaction"
2024-05-01,2024-05,1183,South,Pro,Active,50.00,50.00,0,0,0.00,"Clean Transaction"
2024-05-01,2024-05,1184,East,Basic,Active,10.00,10.00,0,0,0.00,"Clean Transaction"
2024-05-01,2024-05,1185,North,Basic,Active,10.00,10.00,0,0,0.00,"Clean Transaction"
2024-05-01,2024-05,1186,North,Pro,Active,50.00,50.00,0,0,0.00,"Clean Transaction"
2024-05-01,2024-05,1187,South,Pro,Active,50.00,50.00,0,0,0.00,"Clean Transaction"
2024-05-01,2024-05,1188,East,Basic,Active,10.00,10.00,0,0,0.00,"Clean Transaction"
2024-05-01,2024-05,1189,East,Basic,Active,10.00,10.00,0,0,0.00,"Clean Transaction"
2024-05-01,2024-05,1190,South,Enterprise,Active,200.00,200.00,0,0,0.00,"Clean Transaction"
2024-05-01,2024-05,1191,East,Enterprise,Active,200.00,200.00,0,0,0.00,"Clean Transaction"
2024-05-01,2024-05,1192,East,Enterprise,Active,200.00,200.00,0,0,0.00,"Clean Transaction"
2024-05-01,2024-05,1193,North,Pro,Active,50.00,49.27,0,0,0.73,"Partial Payment"
2024-05-01,2024-05,1194,East,Pro,Active,50.00,0.00,1,0,50.00,"Unpaid Invoice"
2024-05-01,2024-05,1195,East,Enterprise,Active,200.00,200.00,0,0,0.00,"Clean Transaction"
2024-05-01,2024-05,1197,South,Basic,Active,10.00,10.00,0,0,0.00,"Clean Transaction"
2024-05-01,2024-05,1198,West,Basic,Active,10.00,10.00,0,0,0.00,"Clean Transaction"
2024-05-01,2024-05,1199,North,Pro,Active,50.00,50.00,0,0,0.00,"Clean Transaction"
2024-05-01,2024-05,1200,East,Enterprise,Active,200.00,200.00,0,0,0.00,"Clean Transaction"
2024-05-01,2024-05,1201,East,Enterprise,Active,200.00,200.00,0,0,0.00,"Clean Transaction"
2024-05-01,2024-05,1203,East,Basic,Cancelled,10.00,10.00,0,0,0.00,"Clean Transaction"
2024-05-01,2024-05,1204,North,Enterprise,Active,200.00,200.00,0,0,0.00,"Clean Transaction"
2024-05-01,2024-05,1205,West,Pro,Active,50.00,50.00,0,0,0.00,"Clean Transaction"
2024-05-01,2024-05,1206,North,Enterprise,Active,200.00,200.00,0,0,0.00,"Clean Transaction"
2024-05-01,2024-05,1207,West,Basic,Active,10.00,10.00,0,0,0.00,"Clean Transaction"
2024-05-01,2024-05,1208,West,Basic,Active,10.00,9.46,0,0,0.54,"Partial Payment"
2024-05-01,2024-05,1209,South,Enterprise,Active,200.00,200.00,0,0,0.00,"Clean Transaction"
2024-05-01,2024-05,1210,North,Basic,Active,10.00,10.00,0,0,0.00,"Clean Transaction"
2024-05-01,2024-05,1211,East,Enterprise,Cancelled,200.00,200.00,0,0,0.00,"Clean Transaction"
2024-05-01,2024-05,1212,East,Basic,Active,10.00,10.00,0,0,0.00,"Clean Transaction"
2024-05-01,2024-05,1213,North,Pro,Active,50.00,50.00,0,0,0.00,"Clean Transaction"
2024-05-01,2024-05,1214,East,Basic,Active,10.00,10.00,0,0,0.00,"Clean Transaction"
2024-05-01,2024-05,1215,East,Enterprise,Active,200.00,200.00,0,0,0.00,"Clean Transaction"
2024-05-01,2024-05,1216,North,Pro,Active,50.00,50.00,0,0,0.00,"Clean Transaction"
2024-05-01,2024-05,1217,West,Pro,Active,50.00,50.00,0,0,0.00,"Clean Transaction"
2024-05-01,2024-05,1218,North,Basic,Active,10.00,10.00,0,0,0.00,"Clean Transaction"
2024-05-01,2024-05,1219,West,Enterprise,Active,200.00,200.00,0,0,0.00,"Clean Transaction"
2024-05-01,2024-05,1220,East,Pro,Active,50.00,50.00,0,0,0.00,"Clean Transaction"
2024-05-01,2024-05,1221,East,Pro,Active,50.00,50.00,0,0,0.00,"Clean Transaction"
2024-05-01,2024-05,1222,East,Enterprise,Active,200.00,200.00,0,0,0.00,"Clean Transaction"
2024-05-01,2024-05,1223,South,Basic,Active,10.00,10.00,0,0,0.00,"Clean Transaction"
2024-05-01,2024-05,1224,West,Basic,Active,10.00,10.00,0,0,0.00,"Clean Transaction"
2024-05-01,2024-05,1225,South,Pro,Active,50.00,50.00,0,0,0.00,"Clean Transaction"
2024-05-01,2024-05,1226,South,Pro,Active,50.00,50.00,0,0,0.00,"Clean Transaction"
2024-05-01,2024-05,1227,North,Basic,Cancelled,10.00,10.00,0,0,0.00,"Clean Transaction"
2024-05-01,2024-05,1228,South,Enterprise,Active,200.00,200.00,0,0,0.00,"Clean Transaction"
2024-05-01,2024-05,1230,North,Basic,Cancelled,10.00,0.00,1,0,10.00,"Unpaid Invoice"
2024-05-01,2024-05,1231,South,Enterprise,Active,200.00,200.00,0,0,0.00,"Clean Transaction"
2024-05-01,2024-05,1232,West,Basic,Active,10.00,10.00,0,0,0.00,"Clean Transaction"
2024-05-01,2024-05,1233,West,Basic,Active,10.00,10.00,0,0,0.00,"Clean Transaction"
2024-05-01,2024-05,1234,West,Pro,Active,50.00,50.00,0,0,0.00,"Clean Transaction"
2024-05-01,2024-05,1235,West,Pro,Active,50.00,50.00,0,0,0.00,"Clean Transaction"
2024-05-01,2024-05,1236,West,Basic,Cancelled,10.00,10.00,0,0,0.00,"Clean Transaction"
2024-05-01,2024-05,1237,South,Basic,Active,10.00,10.00,0,0,0.00,"Clean Transaction"
2024-05-01,2024-05,1238,South,Enterprise,Active,200.00,200.00,0,0,0.00,"Clean Transaction"
2024-05-01,2024-05,1239,East,Pro,Active,50.00,50.00,0,0,0.00,"Clean Transaction"
2024-05-01,2024-05,1240,West,Enterprise,Active,200.00,200.00,0,0,0.00,"Clean Transaction"
2024-05-01,2024-05,1241,South,Basic,Active,10.00,10.00,0,0,0.00,"Clean Transaction"
2024-05-01,2024-05,1243,West,Enterprise,Active,200.00,200.00,0,0,0.00,"Clean Transaction"
2024-05-01,2024-05,1244,North,Enterprise,Active,200.00,200.00,0,0,0.00,"Clean Transaction"
2024-05-01,2024-05,1245,East,Basic,Active,10.00,10.00,0,0,0.00,"Clean Transaction"
2024-05-01,2024-05,1246,South,Pro,Active,50.00,50.00,0,0,0.00,"Clean Transaction"
2024-05-01,2024-05,1248,North,Pro,Active,50.00,50.00,0,0,0.00,"Clean Transaction"
2024-05-01,2024-05,1249,North,Enterprise,Active,200.00,200.00,0,0,0.00,"Clean Transaction"
2024-05-01,2024-05,1250,East,Basic,Active,10.00,10.00,0,0,0.00,"Clean Transaction"
2024-05-01,2024-05,1251,South,Enterprise,Active,200.00,200.00,0,0,0.00,"Clean Transaction"
2024-05-01,2024-05,1252,North,Basic,Active,10.00,10.00,0,0,0.00,"Clean Transaction"
2024-05-01,2024-05,1253,West,Basic,Active,10.00,10.00,0,0,0.00,"Clean Transaction"
2024-05-01,2024-05,1254,North,Enterprise,Active,200.00,200.00,0,0,0.00,"Clean Transaction"
2024-05-01,2024-05,1255,North,Basic,Active,10.00,10.00,0,0,0.00,"Clean Transaction"
2024-05-01,2024-05,1256,East,Pro,Active,50.00,50.00,0,0,0.00,"Clean Transaction"
2024-05-01,2024-05,1257,East,Basic,Active,10.00,10.00,0,0,0.00,"Clean Transaction"
2024-05-01,2024-05,1258,South,Pro,Active,50.00,50.00,0,0,0.00,"Clean Transaction"
2024-05-01,2024-05,1259,West,Enterprise,Active,200.00,200.00,0,0,0.00,"Clean Transaction"
2024-05-01,2024-05,1260,East,Pro,Active,50.00,50.00,0,0,0.00,"Clean Transaction"
2024-05-01,2024-05,1261,North,Basic,Active,10.00,10.00,0,0,0.00,"Clean Transaction"
2024-05-01,2024-05,1262,South,Pro,Cancelled,50.00,50.00,0,0,0.00,"Clean Transaction"
2024-05-01,2024-05,1263,North,Enterprise,Active,200.00,200.00,0,0,0.00,"Clean Transaction"
2024-05-01,2024-05,1264,North,Enterprise,Active,200.00,200.00,0,0,0.00,"Clean Transaction"
2024-05-01,2024-05,1265,East,Enterprise,Active,200.00,200.00,0,0,0.00,"Clean Transaction"
2024-05-01,2024-05,1266,South,Basic,Active,10.00,9.51,0,0,0.49,"Partial Payment"
2024-05-01,2024-05,1267,West,Basic,Active,10.00,10.00,0,0,0.00,"Clean Transaction"
2024-05-01,2024-05,1268,West,Basic,Active,10.00,10.00,0,0,0.00,"Clean Transaction"
2024-05-01,2024-05,1269,East,Enterprise,Active,200.00,195.90,0,0,4.10,"Partial Payment"
2024-05-01,2024-05,1270,East,Basic,Active,10.00,10.00,0,0,0.00,"Clean Transaction"
2024-05-01,2024-05,1271,South,Enterprise,Active,200.00,200.00,0,0,0.00,"Clean Transaction"
2024-05-01,2024-05,1272,West,Pro,Active,50.00,50.00,0,0,0.00,"Clean Transaction"
2024-05-01,2024-05,1273,West,Pro,Active,50.00,50.00,0,0,0.00,"Clean Transaction"
2024-05-01,2024-05,1274,West,Pro,Active,50.00,50.00,0,0,0.00,"Clean Transaction"
2024-05-01,2024-05,1275,North,Enterprise,Active,200.00,200.00,0,0,0.00,"Clean Transaction"
2024-05-01,2024-05,1276,West,Basic,Cancelled,10.00,10.00,0,0,0.00,"Clean Transaction"
2024-05-01,2024-05,1277,North,Enterprise,Active,200.00,200.00,0,0,0.00,"Clean Transaction"
2024-05-01,2024-05,1278,South,Pro,Cancelled,50.00,50.00,0,0,0.00,"Clean Transaction"
2024-05-01,2024-05,1279,North,Pro,Active,50.00,50.00,0,0,0.00,"Clean Transaction"
2024-05-01,2024-05,1280,South,Enterprise,Active,200.00,200.00,0,0,0.00,"Clean Transaction"
2024-05-01,2024-05,1281,West,Pro,Active,50.00,45.28,0,0,4.72,"Partial Payment"
2024-05-01,2024-05,1282,West,Pro,Active,50.00,50.00,0,0,0.00,"Clean Transaction"
2024-05-01,2024-05,1283,South,Basic,Active,10.00,10.00,0,0,0.00,"Clean Transaction"
2024-05-01,2024-05,1285,South,Pro,Cancelled,50.00,50.00,0,0,0.00,"Clean Transaction"
2024-05-01,2024-05,1286,East,Basic,Active,10.00,10.00,0,0,0.00,"Clean Transaction"
2024-05-01,2024-05,1287,North,Basic,Active,10.00,10.00,0,0,0.00,"Clean Transaction"
2024-05-01,2024-05,1289,North,Enterprise,Active,200.00,200.00,0,0,0.00,"Clean Transaction"
2024-05-01,2024-05,1290,West,Basic,Cancelled,10.00,10.00,0,0,0.00,"Clean Transaction"
2024-05-01,2024-05,1291,North,Basic,Active,10.00,10.00,0,0,0.00,"Clean Transaction"
2024-05-01,2024-05,1292,East,Enterprise,Active,200.00,200.00,0,0,0.00,"Clean Transaction"
2024-05-01,2024-05,1293,North,Pro,Active,50.00,50.00,0,0,0.00,"Clean Transaction"
2024-05-01,2024-05,1294,South,Pro,Active,50.00,50.00,0,0,0.00,"Clean Transaction"
2024-05-01,2024-05,1295,South,Basic,Active,10.00,10.00,0,0,0.00,"Clean Transaction"
2024-05-01,2024-05,1296,West,Basic,Active,10.00,10.00,0,0,0.00,"Clean Transaction"
2024-05-01,2024-05,1297,South,Basic,Active,10.00,10.00,0,0,0.00,"Clean Transaction"
2024-05-01,2024-05,1298,East,Basic,Active,10.00,10.00,0,0,0.00,"Clean Transaction"
2024-05-01,2024-05,1299,North,Basic,Active,10.00,10.00,0,0,0.00,"Clean Transaction"
2024-05-01,2024-05,1300,West,Enterprise,Active,200.00,200.00,0,0,0.00,"Clean Transaction"
2024-05-01,2024-05,1301,North,Basic,Active,10.00,10.00,0,0,0.00,"Clean Transaction"
2024-05-01,2024-05,1302,North,Enterprise,Active,200.00,200.00,0,0,0.00,"Clean Transaction"
2024-05-01,2024-05,1303,East,Basic,Active,10.00,10.00,0,0,0.00,"Clean Transaction"
2024-05-01,2024-05,1305,South,Enterprise,Active,200.00,200.00,0,0,0.00,"Clean Transaction"
2024-05-01,2024-05,1306,North,Basic,Active,10.00,10.00,0,0,0.00,"Clean Transaction"
2024-05-01,2024-05,1307,West,Enterprise,Active,200.00,200.00,0,0,0.00,"Clean Transaction"
2024-05-01,2024-05,1308,South,Pro,Active,50.00,50.00,0,0,0.00,"Clean Transaction"
2024-05-01,2024-05,1309,West,Pro,Active,50.00,50.00,0,0,0.00,"Clean Transaction"
2024-05-01,2024-05,1310,South,Basic,Active,10.00,9.03,0,0,0.97,"Partial Payment"
2024-05-01,2024-05,1311,West,Enterprise,Active,200.00,200.00,0,0,0.00,"Clean Transaction"
2024-05-01,2024-05,1312,East,Enterprise,Active,200.00,200.00,0,0,0.00,"Clean Transaction"
2024-05-01,2024-05,1313,West,Basic,Active,10.00,10.00,0,0,0.00,"Clean Transaction"
2024-05-01,2024-05,1314,East,Pro,Active,50.00,50.00,0,0,0.00,"Clean Transaction"
2024-05-01,2024-05,1315,East,Pro,Active,50.00,50.00,0,0,0.00,"Clean Transaction"
2024-05-01,2024-05,1316,West,Basic,Active,10.00,10.00,0,0,0.00,"Clean Transaction"
2024-05-01,2024-05,1317,East,Enterprise,Active,200.00,200.00,0,0,0.00,"Clean Transaction"
2024-05-01,2024-05,1318,North,Basic,Active,10.00,10.00,0,0,0.00,"Clean Transaction"
2024-05-01,2024-05,1319,East,Pro,Active,50.00,50.00,0,0,0.00,"Clean Transaction"
2024-05-01,2024-05,1320,South,Pro,Cancelled,50.00,50.00,0,0,0.00,"Clean Transaction"
2024-05-01,2024-05,1321,West,Pro,Active,50.00,50.00,0,0,0.00,"Clean Transaction"
2024-05-01,2024-05,1322,North,Pro,Active,50.00,50.00,0,0,0.00,"Clean Transaction"
2024-05-01,2024-05,1324,South,Enterprise,Active,200.00,200.00,0,0,0.00,"Clean Transaction"
2024-05-01,2024-05,1325,South,Pro,Active,50.00,50.00,0,0,0.00,"Clean Transaction"
2024-05-01,2024-05,1326,South,Enterprise,Active,200.00,200.00,0,0,0.00,"Clean Transaction"
2024-05-01,2024-05,1327,East,Enterprise,Active,200.00,200.00,0,0,0.00,"Clean Transaction"
2024-05-01,2024-05,1328,East,Pro,Active,50.00,50.00,0,0,0.00,"Clean Transaction"
2024-05-01,2024-05,1329,West,Enterprise,Active,200.00,200.00,0,0,0.00,"Clean Transaction"
2024-05-01,2024-05,1330,West,Pro,Active,50.00,50.00,0,0,0.00,"Clean Transaction"
2024-05-01,2024-05,1331,North,Pro,Active,50.00,50.00,0,0,0.00,"Clean Transaction"
2024-05-01,2024-05,1332,North,Enterprise,Active,200.00,200.00,0,0,0.00,"Clean Transaction"
2024-05-01,2024-05,1334,East,Enterprise,Active,200.00,200.00,0,0,0.00,"Clean Transaction"
2024-05-01,2024-05,1335,South,Pro,Cancelled,50.00,50.00,0,0,0.00,"Clean Transaction"
2024-05-01,2024-05,1337,North,Basic,Active,10.00,10.00,0,0,0.00,"Clean Transaction"
2024-05-01,2024-05,1338,East,Enterprise,Active,200.00,200.00,0,0,0.00,"Clean Transaction"
2024-05-01,2024-05,1339,West,Basic,Active,10.00,10.00,0,0,0.00,"Clean Transaction"
2024-05-01,2024-05,1340,West,Enterprise,Active,200.00,200.00,0,0,0.00,"Clean Transaction"
2024-05-01,2024-05,1341,East,Pro,Cancelled,50.00,50.00,0,0,0.00,"Clean Transaction"
2024-05-01,2024-05,1342,West,Basic,Active,10.00,10.00,0,0,0.00,"Clean Transaction"
2024-05-01,2024-05,1343,East,Pro,Active,50.00,50.00,0,0,0.00,"Clean Transaction"
2024-05-01,2024-05,1344,South,Pro,Active,50.00,50.00,0,0,0.00,"Clean Transaction"
2024-05-01,2024-05,1345,East,Basic,Active,10.00,10.00,0,0,0.00,"Clean Transaction"
2024-05-01,2024-05,1346,East,Basic,Active,10.00,10.00,0,0,0.00,"Clean Transaction"
2024-05-01,2024-05,1347,East,Pro,Active,50.00,50.00,0,0,0.00,"Clean Transaction"
2024-05-01,2024-05,1348,West,Pro,Active,50.00,50.00,0,0,0.00,"Clean Transaction"
2024-05-01,2024-05,1349,West,Basic,Active,10.00,10.00,0,0,0.00,"Clean Transaction"
2024-05-01,2024-05,1350,East,Pro,Cancelled,50.00,50.00,0,0,0.00,"Clean Transaction"
2024-05-01,2024-05,1351,West,Pro,Active,50.00,50.00,0,0,0.00,"Clean Transaction"
2024-05-01,2024-05,1352,North,Enterprise,Active,200.00,200.00,0,0,0.00,"Clean Transaction"
2024-05-01,2024-05,1353,North,Enterprise,Active,200.00,200.00,0,0,0.00,"Clean Transaction"
2024-05-01,2024-05,1354,West,Basic,Active,10.00,10.00,0,0,0.00,"Clean Transaction"
2024-05-01,2024-05,1355,West,Pro,Active,50.00,50.00,0,0,0.00,"Clean Transaction"
2024-05-01,2024-05,1356,East,Pro,Active,50.00,50.00,0,0,0.00,"Clean Transaction"
2024-05-01,2024-05,1357,South,Basic,Active,10.00,10.00,0,0,0.00,"Clean Transaction"
2024-05-01,2024-05,1358,West,Basic,Active,10.00,10.00,0,0,0.00,"Clean Transaction"
2024-05-01,2024-05,1359,North,Enterprise,Active,200.00,200.00,0,0,0.00,"Clean Transaction"
2024-05-01,2024-05,1360,East,Pro,Active,50.00,50.00,0,0,0.00,"Clean Transaction"
2024-05-01,2024-05,1361,West,Basic,Active,10.00,10.00,0,0,0.00,"Clean Transaction"
2024-05-01,2024-05,1362,North,Basic,Active,10.00,10.00,0,0,0.00,"Clean Transaction"
2024-05-01,2024-05,1363,North,Basic,Active,10.00,10.00,0,0,0.00,"Clean Transaction"
2024-05-01,2024-05,1364,South,Pro,Active,50.00,50.00,0,0,0.00,"Clean Transaction"
2024-05-01,2024-05,1365,East,Pro,Active,50.00,50.00,0,0,0.00,"Clean Transaction"
2024-05-01,2024-05,1366,East,Pro,Active,50.00,50.00,0,0,0.00,"Clean Transaction"
2024-05-01,2024-05,1367,South,Enterprise,Active,200.00,200.00,0,0,0.00,"Clean Transaction"
2024-05-01,2024-05,1368,South,Pro,Active,50.00,50.00,0,0,0.00,"Clean Transaction"
2024-05-01,2024-05,1369,East,Basic,Cancelled,10.00,9.80,0,0,0.20,"Partial Payment"
2024-05-01,2024-05,1370,East,Basic,Active,10.00,10.00,0,0,0.00,"Clean Transaction"
2024-05-01,2024-05,1371,West,Enterprise,Active,200.00,200.00,0,0,0.00,"Clean Transaction"
2024-05-01,2024-05,1372,West,Pro,Active,50.00,50.00,0,0,0.00,"Clean Transaction"
2024-05-01,2024-05,1373,South,Pro,Cancelled,50.00,46.81,0,0,3.19,"Partial Payment"
2024-05-01,2024-05,1374,West,Pro,Active,50.00,50.00,0,0,0.00,"Clean Transaction"
2024-05-01,2024-05,1375,North,Basic,Active,10.00,10.00,0,0,0.00,"Clean Transaction"
2024-05-01,2024-05,1376,West,Pro,Active,50.00,50.00,0,0,0.00,"Clean Transaction"
2024-05-01,2024-05,1377,West,Basic,Active,10.00,10.00,0,0,0.00,"Clean Transaction"
2024-05-01,2024-05,1378,North,Enterprise,Active,200.00,200.00,0,0,0.00,"Clean Transaction"
2024-05-01,2024-05,1379,South,Pro,Active,50.00,50.00,0,0,0.00,"Clean Transaction"
2024-05-01,2024-05,1380,North,Enterprise,Active,200.00,200.00,0,0,0.00,"Clean Transaction"
2024-05-01,2024-05,1381,West,Pro,Active,50.00,50.00,0,0,0.00,"Clean Transaction"
2024-05-01,2024-05,1382,South,Pro,Cancelled,50.00,50.00,0,0,0.00,"Clean Transaction"
2024-05-01,2024-05,1383,West,Basic,Active,10.00,10.00,0,0,0.00,"Clean Transaction"
2024-05-01,2024-05,1385,North,Enterprise,Active,200.00,200.00,0,0,0.00,"Clean Transaction"
2024-05-01,2024-05,1386,West,Basic,Active,10.00,10.00,0,0,0.00,"Clean Transaction"
2024-05-01,2024-05,1387,East,Enterprise,Active,200.00,200.00,0,0,0.00,"Clean Transaction"
2024-05-01,2024-05,1388,East,Basic,Active,10.00,10.00,0,0,0.00,"Clean Transaction"
2024-05-01,2024-05,1389,North,Basic,Active,10.00,10.00,0,0,0.00,"Clean Transaction"
2024-05-01,2024-05,1390,North,Basic,Active,10.00,10.00,0,0,0.00,"Clean Transaction"
2024-05-01,2024-05,1391,East,Pro,Active,50.00,46.02,0,0,3.98,"Partial Payment"
2024-05-01,2024-05,1392,East,Basic,Active,10.00,10.00,0,0,0.00,"Clean Transaction"
2024-05-01,2024-05,1393,West,Pro,Active,50.00,50.00,0,0,0.00,"Clean Transaction"
2024-05-01,2024-05,1394,West,Basic,Active,10.00,10.00,0,0,0.00,"Clean Transaction"
2024-05-01,2024-05,1395,East,Basic,Active,10.00,10.00,0,0,0.00,"Clean Transaction"
2024-05-01,2024-05,1396,West,Enterprise,Active,200.00,200.00,0,0,0.00,"Clean Transaction"
2024-05-01,2024-05,1397,West,Pro,Active,50.00,50.00,0,0,0.00,"Clean Transaction"
2024-05-01,2024-05,1398,South,Enterprise,Active,200.00,200.00,0,0,0.00,"Clean Transaction"
2024-05-01,2024-05,1399,West,Basic,Active,10.00,10.00,0,0,0.00,"Clean Transaction"
2024-05-01,2024-05,1400,North,Enterprise,Active,200.00,200.00,0,0,0.00,"Clean Transaction"
2024-05-01,2024-05,1401,West,Pro,Active,50.00,50.00,0,0,0.00,"Clean Transaction"
2024-05-01,2024-05,1402,West,Basic,Cancelled,10.00,10.00,0,0,0.00,"Clean Transaction"
2024-05-01,2024-05,1403,East,Enterprise,Active,200.00,200.00,0,0,0.00,"Clean Transaction"
2024-05-01,2024-05,1404,North,Basic,Active,10.00,10.00,0,0,0.00,"Clean Transaction"
2024-05-01,2024-05,1405,West,Pro,Active,50.00,50.00,0,0,0.00,"Clean Transaction"
2024-05-01,2024-05,1406,West,Pro,Active,50.00,50.00,0,0,0.00,"Clean Transaction"
2024-05-01,2024-05,1407,South,Pro,Active,50.00,50.00,0,0,0.00,"Clean Transaction"
2024-05-01,2024-05,1408,West,Basic,Active,10.00,10.00,0,0,0.00,"Clean Transaction"
2024-05-01,2024-05,1409,West,Basic,Active,10.00,10.00,0,0,0.00,"Clean Transaction"
2024-05-01,2024-05,1410,South,Enterprise,Active,200.00,200.00,0,0,0.00,"Clean Transaction"
2024-05-01,2024-05,1411,East,Pro,Active,50.00,50.00,0,0,0.00,"Clean Transaction"
2024-05-01,2024-05,1412,West,Enterprise,Active,200.00,200.00,0,0,0.00,"Clean Transaction"
2024-05-01,2024-05,1413,South,Enterprise,Active,200.00,200.00,0,0,0.00,"Clean Transaction"
2024-05-01,2024-05,1414,North,Enterprise,Active,200.00,200.00,0,0,0.00,"Clean Transaction"
2024-05-01,2024-05,1415,East,Basic,Cancelled,10.00,10.00,0,0,0.00,"Clean Transaction"
2024-05-01,2024-05,1416,North,Pro,Active,50.00,50.00,0,0,0.00,"Clean Transaction"
2024-05-01,2024-05,1417,North,Enterprise,Active,200.00,200.00,0,0,0.00,"Clean Transaction"
2024-05-01,2024-05,1418,South,Enterprise,Active,200.00,200.00,0,0,0.00,"Clean Transaction"
2024-05-01,2024-05,1419,West,Pro,Active,50.00,50.00,0,0,0.00,"Clean Transaction"
2024-05-01,2024-05,1420,South,Basic,Active,10.00,10.00,0,0,0.00,"Clean Transaction"
2024-05-01,2024-05,1421,South,Pro,Active,50.00,50.00,0,0,0.00,"Clean Transaction"
2024-05-01,2024-05,1423,South,Enterprise,Active,200.00,200.00,0,0,0.00,"Clean Transaction"
2024-05-01,2024-05,1424,East,Basic,Active,10.00,10.00,0,0,0.00,"Clean Transaction"
2024-05-01,2024-05,1425,West,Pro,Active,50.00,50.00,0,0,0.00,"Clean Transaction"
2024-05-01,2024-05,1426,North,Basic,Active,10.00,10.00,0,0,0.00,"Clean Transaction"
2024-05-01,2024-05,1427,North,Basic,Active,10.00,10.00,0,0,0.00,"Clean Transaction"
2024-05-01,2024-05,1428,West,Basic,Active,10.00,10.00,0,0,0.00,"Clean Transaction"
2024-05-01,2024-05,1429,North,Pro,Active,50.00,50.00,0,0,0.00,"Clean Transaction"
2024-05-01,2024-05,1430,West,Pro,Active,50.00,50.00,0,0,0.00,"Clean Transaction"
2024-05-01,2024-05,1431,North,Basic,Active,10.00,10.00,0,0,0.00,"Clean Transaction"
2024-05-01,2024-05,1432,South,Pro,Active,50.00,50.00,0,0,0.00,"Clean Transaction"
2024-05-01,2024-05,1433,North,Enterprise,Active,200.00,200.00,0,0,0.00,"Clean Transaction"
2024-05-01,2024-05,1434,West,Enterprise,Active,200.00,200.00,0,0,0.00,"Clean Transaction"
2024-05-01,2024-05,1435,West,Enterprise,Active,200.00,200.00,0,0,0.00,"Clean Transaction"
2024-05-01,2024-05,1436,West,Basic,Active,10.00,10.00,0,0,0.00,"Clean Transaction"
2024-05-01,2024-05,1437,West,Basic,Active,10.00,10.00,0,0,0.00,"Clean Transaction"
2024-05-01,2024-05,1438,West,Pro,Active,50.00,50.00,0,0,0.00,"Clean Transaction"
2024-05-01,2024-05,1439,East,Enterprise,Active,200.00,200.00,0,0,0.00,"Clean Transaction"
2024-05-01,2024-05,1440,East,Pro,Active,50.00,50.00,0,0,0.00,"Clean Transaction"
2024-05-01,2024-05,1441,North,Basic,Active,10.00,10.00,0,0,0.00,"Clean Transaction"
2024-05-01,2024-05,1442,West,Enterprise,Active,200.00,200.00,0,0,0.00,"Clean Transaction"
2024-05-01,2024-05,1443,North,Enterprise,Active,200.00,200.00,0,0,0.00,"Clean Transaction"
2024-05-01,2024-05,1444,West,Enterprise,Active,200.00,200.00,0,0,0.00,"Clean Transaction"
2024-05-01,2024-05,1445,West,Pro,Active,50.00,50.00,0,0,0.00,"Clean Transaction"
2024-05-01,2024-05,1446,East,Pro,Active,50.00,50.00,0,0,0.00,"Clean Transaction"
2024-05-01,2024-05,1447,East,Basic,Active,10.00,10.00,0,0,0.00,"Clean Transaction"
2024-05-01,2024-05,1448,South,Enterprise,Cancelled,200.00,200.00,0,0,0.00,"Clean Transaction"
2024-05-01,2024-05,1449,East,Enterprise,Active,200.00,200.00,0,0,0.00,"Clean Transaction"
2024-05-01,2024-05,1450,South,Basic,Active,10.00,10.00,0,0,0.00,"Clean Transaction"
2024-05-01,2024-05,1451,South,Basic,Active,10.00,10.00,0,0,0.00,"Clean Transaction"
2024-05-01,2024-05,1452,South,Basic,Active,10.00,10.00,0,0,0.00,"Clean Transaction"
2024-05-01,2024-05,1453,South,Enterprise,Active,200.00,200.00,0,0,0.00,"Clean Transaction"
2024-05-01,2024-05,1454,South,Pro,Active,50.00,50.00,0,0,0.00,"Clean Transaction"
2024-05-01,2024-05,1455,North,Pro,Active,50.00,50.00,0,0,0.00,"Clean Transaction"
2024-05-01,2024-05,1456,East,Pro,Active,50.00,50.00,0,0,0.00,"Clean Transaction"
2024-05-01,2024-05,1457,South,Pro,Active,50.00,50.00,0,0,0.00,"Clean Transaction"
2024-05-01,2024-05,1458,West,Basic,Active,10.00,10.00,0,0,0.00,"Clean Transaction"
2024-05-01,2024-05,1459,East,Basic,Active,10.00,10.00,0,0,0.00,"Clean Transaction"
2024-05-01,2024-05,1460,East,Pro,Active,50.00,50.00,0,0,0.00,"Clean Transaction"
2024-05-01,2024-05,1461,South,Basic,Active,10.00,10.00,0,0,0.00,"Clean Transaction"
2024-05-01,2024-05,1462,North,Enterprise,Active,200.00,200.00,0,0,0.00,"Clean Transaction"
2024-05-01,2024-05,1463,South,Enterprise,Active,200.00,200.00,0,0,0.00,"Clean Transaction"
2024-05-01,2024-05,1464,North,Pro,Active,50.00,50.00,0,0,0.00,"Clean Transaction"
2024-05-01,2024-05,1465,West,Basic,Active,10.00,10.00,0,0,0.00,"Clean Transaction"
2024-05-01,2024-05,1466,East,Pro,Active,50.00,50.00,0,0,0.00,"Clean Transaction"
2024-05-01,2024-05,1467,West,Basic,Cancelled,10.00,10.00,0,0,0.00,"Clean Transaction"
2024-05-01,2024-05,1468,North,Pro,Active,50.00,50.00,0,0,0.00,"Clean Transaction"
2024-05-01,2024-05,1469,North,Pro,Cancelled,50.00,50.00,0,0,0.00,"Clean Transaction"
2024-05-01,2024-05,1470,West,Pro,Active,50.00,50.00,0,0,0.00,"Clean Transaction"
2024-05-01,2024-05,1471,North,Pro,Active,50.00,50.00,0,0,0.00,"Clean Transaction"
2024-05-01,2024-05,1472,West,Pro,Active,50.00,50.00,0,0,0.00,"Clean Transaction"
2024-05-01,2024-05,1473,East,Pro,Active,50.00,50.00,0,0,0.00,"Clean Transaction"
2024-05-01,2024-05,1474,West,Basic,Active,10.00,10.00,0,0,0.00,"Clean Transaction"
2024-05-01,2024-05,1475,East,Enterprise,Active,200.00,200.00,0,0,0.00,"Clean Transaction"
2024-05-01,2024-05,1476,West,Pro,Active,50.00,50.00,0,0,0.00,"Clean Transaction"
2024-05-01,2024-05,1477,North,Pro,Active,50.00,50.00,0,0,0.00,"Clean Transaction"
2024-05-01,2024-05,1478,West,Enterprise,Active,200.00,200.00,0,0,0.00,"Clean Transaction"
2024-05-01,2024-05,1479,North,Basic,Active,10.00,10.00,0,0,0.00,"Clean Transaction"
2024-05-01,2024-05,1480,West,Pro,Active,50.00,50.00,0,0,0.00,"Clean Transaction"
2024-05-01,2024-05,1481,West,Pro,Active,50.00,50.00,0,0,0.00,"Clean Transaction"
2024-05-01,2024-05,1482,South,Basic,Active,10.00,10.00,0,0,0.00,"Clean Transaction"
2024-05-01,2024-05,1483,North,Enterprise,Active,200.00,200.00,0,0,0.00,"Clean Transaction"
2024-05-01,2024-05,1484,South,Pro,Active,50.00,50.00,0,0,0.00,"Clean Transaction"
2024-05-01,2024-05,1485,North,Enterprise,Active,200.00,200.00,0,0,0.00,"Clean Transaction"
2024-05-01,2024-05,1486,South,Pro,Active,50.00,50.00,0,0,0.00,"Clean Transaction"
2024-05-01,2024-05,1487,East,Basic,Active,10.00,10.00,0,0,0.00,"Clean Transaction"
2024-05-01,2024-05,1488,West,Basic,Active,10.00,10.00,0,0,0.00,"Clean Transaction"
2024-05-01,2024-05,1489,North,Pro,Active,50.00,50.00,0,0,0.00,"Clean Transaction"
2024-05-01,2024-05,1490,North,Basic,Active,10.00,10.00,0,0,0.00,"Clean Transaction"
2024-05-01,2024-05,1491,West,Enterprise,Active,200.00,200.00,0,0,0.00,"Clean Transaction"
2024-05-01,2024-05,1492,North,Basic,Active,10.00,10.00,0,0,0.00,"Clean Transaction"
2024-05-01,2024-05,1493,North,Basic,Active,10.00,10.00,0,0,0.00,"Clean Transaction"
2024-05-01,2024-05,1494,South,Pro,Active,50.00,50.00,0,0,0.00,"Clean Transaction"
2024-05-01,2024-05,1495,North,Enterprise,Active,200.00,200.00,0,0,0.00,"Clean Transaction"
2024-05-01,2024-05,1496,East,Basic,Active,10.00,9.42,0,0,0.58,"Partial Payment"
2024-05-01,2024-05,1497,East,Pro,Cancelled,50.00,50.00,0,0,0.00,"Clean Transaction"
2024-05-01,2024-05,1498,West,Basic,Active,10.00,10.00,0,0,0.00,"Clean Transaction"
2024-05-01,2024-05,1499,North,Basic,Active,10.00,10.00,0,0,0.00,"Clean Transaction"
2024-05-01,2024-05,1500,West,Basic,Active,10.00,10.00,0,0,0.00,"Clean Transaction"
2024-05-01,2024-05,1501,East,Enterprise,Active,200.00,200.00,0,0,0.00,"Clean Transaction"
2024-05-01,2024-05,1502,North,Enterprise,Active,200.00,200.00,0,0,0.00,"Clean Transaction"
2024-05-01,2024-05,1503,North,Enterprise,Active,200.00,200.00,0,0,0.00,"Clean Transaction"
2024-05-01,2024-05,1504,West,Pro,Active,50.00,50.00,0,0,0.00,"Clean Transaction"
2024-05-01,2024-05,1505,East,Basic,Active,10.00,10.00,0,0,0.00,"Clean Transaction"
2024-05-01,2024-05,1506,North,Enterprise,Active,200.00,200.00,0,0,0.00,"Clean Transaction"
2024-05-01,2024-05,1507,West,Basic,Active,10.00,10.00,0,0,0.00,"Clean Transaction"
2024-05-01,2024-05,1509,West,Enterprise,Active,200.00,200.00,0,0,0.00,"Clean Transaction"
2024-05-01,2024-05,1510,South,Pro,Active,50.00,50.00,0,0,0.00,"Clean Transaction"
2024-05-01,2024-05,1511,North,Basic,Active,10.00,10.00,0,0,0.00,"Clean Transaction"
2024-05-01,2024-05,1512,South,Basic,Cancelled,10.00,10.00,0,0,0.00,"Clean Transaction"
2024-05-01,2024-05,1513,East,Enterprise,Active,200.00,200.00,0,0,0.00,"Clean Transaction"
2024-05-01,2024-05,1514,South,Basic,Active,10.00,10.00,0,0,0.00,"Clean Transaction"
2024-05-01,2024-05,1515,South,Pro,Active,50.00,50.00,0,0,0.00,"Clean Transaction"
2024-05-01,2024-05,1516,East,Basic,Active,10.00,10.00,0,0,0.00,"Clean Transaction"
2024-05-01,2024-05,1517,West,Pro,Active,50.00,50.00,0,0,0.00,"Clean Transaction"
2024-05-01,2024-05,1518,South,Basic,Active,10.00,10.00,0,0,0.00,"Clean Transaction"
2024-05-01,2024-05,1519,West,Basic,Active,10.00,10.00,0,0,0.00,"Clean Transaction"
2024-05-01,2024-05,1520,South,Basic,Active,10.00,10.00,0,0,0.00,"Clean Transaction"
2024-05-01,2024-05,1521,West,Pro,Active,50.00,50.00,0,0,0.00,"Clean Transaction"
2024-05-01,2024-05,1522,East,Enterprise,Active,200.00,200.00,0,0,0.00,"Clean Transaction"
2024-05-01,2024-05,1523,South,Basic,Active,10.00,10.00,0,0,0.00,"Clean Transaction"
2024-05-01,2024-05,1524,East,Basic,Active,10.00,10.00,0,0,0.00,"Clean Transaction"
2024-05-01,2024-05,1525,South,Basic,Active,10.00,10.00,0,0,0.00,"Clean Transaction"
2024-05-01,2024-05,1527,East,Enterprise,Active,200.00,200.00,0,0,0.00,"Clean Transaction"
2024-05-01,2024-05,1528,South,Basic,Cancelled,10.00,10.00,0,0,0.00,"Clean Transaction"
2024-05-01,2024-05,1529,South,Pro,Active,50.00,50.00,0,0,0.00,"Clean Transaction"
2024-05-01,2024-05,1530,South,Enterprise,Active,200.00,200.00,0,0,0.00,"Clean Transaction"
2024-05-01,2024-05,1531,North,Enterprise,Active,200.00,200.00,0,0,0.00,"Clean Transaction"
2024-05-01,2024-05,1532,West,Basic,Active,10.00,10.00,0,0,0.00,"Clean Transaction"
2024-05-01,2024-05,1533,North,Pro,Active,50.00,45.25,0,0,4.75,"Partial Payment"
2024-05-01,2024-05,1534,North,Basic,Cancelled,10.00,10.00,0,0,0.00,"Clean Transaction"
2024-05-01,2024-05,1535,East,Basic,Active,10.00,10.00,0,0,0.00,"Clean Transaction"
2024-05-01,2024-05,1536,South,Pro,Active,50.00,50.00,0,0,0.00,"Clean Transaction"
2024-05-01,2024-05,1537,West,Pro,Active,50.00,50.00,0,0,0.00,"Clean Transaction"
2024-05-01,2024-05,1538,East,Pro,Active,50.00,50.00,0,0,0.00,"Clean Transaction"
2024-05-01,2024-05,1539,North,Basic,Cancelled,10.00,10.00,0,0,0.00,"Clean Transaction"
2024-05-01,2024-05,1540,South,Pro,Active,50.00,50.00,0,0,0.00,"Clean Transaction"
2024-05-01,2024-05,1541,East,Enterprise,Active,200.00,200.00,0,0,0.00,"Clean Transaction"
2024-05-01,2024-05,1542,South,Pro,Active,50.00,50.00,0,0,0.00,"Clean Transaction"
2024-05-01,2024-05,1543,East,Pro,Cancelled,50.00,50.00,0,0,0.00,"Clean Transaction"
2024-05-01,2024-05,1544,South,Pro,Cancelled,50.00,50.00,0,0,0.00,"Clean Transaction"
2024-05-01,2024-05,1545,North,Pro,Active,50.00,50.00,0,0,0.00,"Clean Transaction"
2024-05-01,2024-05,1546,West,Enterprise,Active,200.00,200.00,0,0,0.00,"Clean Transaction"
2024-05-01,2024-05,1547,North,Pro,Cancelled,50.00,50.00,0,0,0.00,"Clean Transaction"
2024-05-01,2024-05,1548,West,Basic,Active,10.00,10.00,0,0,0.00,"Clean Transaction"
2024-05-01,2024-05,1549,South,Pro,Active,50.00,47.10,0,0,2.90,"Partial Payment"
2024-05-01,2024-05,1551,North,Enterprise,Active,200.00,200.00,0,0,0.00,"Clean Transaction"
2024-05-01,2024-05,1552,West,Pro,Cancelled,50.00,50.00,0,0,0.00,"Clean Transaction"
2024-05-01,2024-05,1553,North,Pro,Active,50.00,50.00,0,0,0.00,"Clean Transaction"
2024-05-01,2024-05,1554,West,Basic,Active,10.00,10.00,0,0,0.00,"Clean Transaction"
2024-05-01,2024-05,1556,West,Basic,Active,10.00,10.00,0,0,0.00,"Clean Transaction"
2024-05-01,2024-05,1557,West,Basic,Active,10.00,10.00,0,0,0.00,"Clean Transaction"
2024-05-01,2024-05,1558,South,Enterprise,Active,200.00,200.00,0,0,0.00,"Clean Transaction"
2024-05-01,2024-05,1559,West,Basic,Active,10.00,10.00,0,0,0.00,"Clean Transaction"
2024-05-01,2024-05,1560,South,Enterprise,Active,200.00,200.00,0,0,0.00,"Clean Transaction"
2024-05-01,2024-05,1561,West,Enterprise,Active,200.00,200.00,0,0,0.00,"Clean Transaction"
2024-05-01,2024-05,1562,East,Basic,Active,10.00,10.00,0,0,0.00,"Clean Transaction"
2024-05-01,2024-05,1563,East,Enterprise,Active,200.00,200.00,0,0,0.00,"Clean Transaction"
2024-05-01,2024-05,1564,East,Pro,Active,50.00,50.00,0,0,0.00,"Clean Transaction"
2024-05-01,2024-05,1565,West,Basic,Active,10.00,10.00,0,0,0.00,"Clean Transaction"
2024-05-01,2024-05,1566,South,Enterprise,Active,200.00,200.00,0,0,0.00,"Clean Transaction"
2024-05-01,2024-05,1567,South,Basic,Active,10.00,10.00,0,0,0.00,"Clean Transaction"
2024-05-01,2024-05,1568,West,Pro,Active,50.00,50.00,0,0,0.00,"Clean Transaction"
2024-05-01,2024-05,1569,East,Pro,Active,50.00,47.52,0,0,2.48,"Partial Payment"
2024-05-01,2024-05,1570,East,Pro,Active,50.00,50.00,0,0,0.00,"Clean Transaction"
2024-05-01,2024-05,1571,South,Basic,Active,10.00,10.00,0,0,0.00,"Clean Transaction"
2024-05-01,2024-05,1572,East,Enterprise,Active,200.00,200.00,0,0,0.00,"Clean Transaction"
2024-05-01,2024-05,1573,North,Basic,Active,10.00,9.50,0,0,0.50,"Partial Payment"
2024-05-01,2024-05,1574,South,Basic,Active,10.00,10.00,0,0,0.00,"Clean Transaction"
2024-05-01,2024-05,1575,East,Pro,Active,50.00,50.00,0,0,0.00,"Clean Transaction"
2024-05-01,2024-05,1576,South,Pro,Active,50.00,50.00,0,0,0.00,"Clean Transaction"
2024-05-01,2024-05,1577,North,Pro,Cancelled,50.00,50.00,0,0,0.00,"Clean Transaction"
2024-05-01,2024-05,1578,South,Basic,Active,10.00,10.00,0,0,0.00,"Clean Transaction"
2024-05-01,2024-05,1579,South,Basic,Active,10.00,10.00,0,0,0.00,"Clean Transaction"
2024-05-01,2024-05,1580,South,Basic,Active,10.00,10.00,0,0,0.00,"Clean Transaction"
2024-05-01,2024-05,1581,South,Pro,Active,50.00,50.00,0,0,0.00,"Clean Transaction"
2024-05-01,2024-05,1582,North,Pro,Active,50.00,50.00,0,0,0.00,"Clean Transaction"
2024-05-01,2024-05,1583,West,Enterprise,Cancelled,200.00,200.00,0,0,0.00,"Clean Transaction"
2024-05-01,2024-05,1584,South,Pro,Cancelled,50.00,50.00,0,0,0.00,"Clean Transaction"
2024-05-01,2024-05,1585,South,Enterprise,Active,200.00,200.00,0,0,0.00,"Clean Transaction"
2024-05-01,2024-05,1586,East,Pro,Active,50.00,50.00,0,0,0.00,"Clean Transaction"
2024-05-01,2024-05,1587,South,Basic,Active,10.00,10.00,0,0,0.00,"Clean Transaction"
2024-05-01,2024-05,1588,East,Basic,Active,10.00,10.00,0,0,0.00,"Clean Transaction"
2024-05-01,2024-05,1589,West,Enterprise,Active,200.00,200.00,0,0,0.00,"Clean Transaction"
2024-05-01,2024-05,1590,North,Basic,Active,10.00,10.00,0,0,0.00,"Clean Transaction"
2024-05-01,2024-05,1591,North,Enterprise,Active,200.00,200.00,0,0,0.00,"Clean Transaction"
2024-05-01,2024-05,1592,West,Pro,Active,50.00,50.00,0,0,0.00,"Clean Transaction"
2024-05-01,2024-05,1593,North,Basic,Active,10.00,10.00,0,0,0.00,"Clean Transaction"
2024-05-01,2024-05,1594,West,Basic,Active,10.00,10.00,0,0,0.00,"Clean Transaction"
2024-05-01,2024-05,1595,West,Pro,Active,50.00,50.00,0,0,0.00,"Clean Transaction"
2024-05-01,2024-05,1596,West,Pro,Cancelled,50.00,50.00,0,0,0.00,"Clean Transaction"
2024-05-01,2024-05,1597,North,Pro,Active,50.00,50.00,0,0,0.00,"Clean Transaction"
2024-05-01,2024-05,1598,East,Enterprise,Active,200.00,200.00,0,0,0.00,"Clean Transaction"
2024-05-01,2024-05,1599,West,Basic,Active,10.00,10.00,0,0,0.00,"Clean Transaction"
2024-05-01,2024-05,1600,South,Basic,Active,10.00,10.00,0,0,0.00,"Clean Transaction"
2024-05-01,2024-05,1601,North,Pro,Active,50.00,50.00,0,0,0.00,"Clean Transaction"
2024-05-01,2024-05,1602,West,Basic,Active,10.00,10.00,0,0,0.00,"Clean Transaction"
2024-05-01,2024-05,1603,West,Pro,Cancelled,50.00,50.00,0,0,0.00,"Clean Transaction"
2024-05-01,2024-05,1604,South,Basic,Active,10.00,10.00,0,0,0.00,"Clean Transaction"
2024-05-01,2024-05,1605,East,Basic,Active,10.00,10.00,0,0,0.00,"Clean Transaction"
2024-05-01,2024-05,1606,East,Pro,Cancelled,50.00,50.00,0,0,0.00,"Clean Transaction"
2024-05-01,2024-05,1607,East,Enterprise,Active,200.00,200.00,0,0,0.00,"Clean Transaction"
2024-05-01,2024-05,1608,West,Pro,Active,50.00,50.00,0,0,0.00,"Clean Transaction"
2024-05-01,2024-05,1609,West,Pro,Active,50.00,50.00,0,0,0.00,"Clean Transaction"
2024-05-01,2024-05,1610,West,Basic,Active,10.00,10.00,0,0,0.00,"Clean Transaction"
2024-05-01,2024-05,1612,South,Basic,Active,10.00,10.00,0,0,0.00,"Clean Transaction"
2024-05-01,2024-05,1613,West,Enterprise,Active,200.00,200.00,0,0,0.00,"Clean Transaction"
2024-05-01,2024-05,1614,South,Enterprise,Cancelled,200.00,200.00,0,0,0.00,"Clean Transaction"
2024-05-01,2024-05,1615,South,Enterprise,Active,200.00,200.00,0,0,0.00,"Clean Transaction"
2024-05-01,2024-05,1616,East,Pro,Active,50.00,50.00,0,0,0.00,"Clean Transaction"
2024-05-01,2024-05,1617,North,Basic,Active,10.00,10.00,0,0,0.00,"Clean Transaction"
2024-05-01,2024-05,1618,West,Enterprise,Active,200.00,200.00,0,0,0.00,"Clean Transaction"
2024-05-01,2024-05,1619,East,Basic,Active,10.00,10.00,0,0,0.00,"Clean Transaction"
2024-05-01,2024-05,1620,East,Basic,Active,10.00,10.00,0,0,0.00,"Clean Transaction"
2024-05-01,2024-05,1621,West,Enterprise,Cancelled,200.00,200.00,0,0,0.00,"Clean Transaction"
2024-05-01,2024-05,1623,East,Basic,Active,10.00,10.00,0,0,0.00,"Clean Transaction"
2024-05-01,2024-05,1624,South,Pro,Active,50.00,50.00,0,0,0.00,"Clean Transaction"
2024-05-01,2024-05,1626,South,Pro,Active,50.00,50.00,0,0,0.00,"Clean Transaction"
2024-05-01,2024-05,1627,North,Pro,Active,50.00,50.00,0,0,0.00,"Clean Transaction"
2024-05-01,2024-05,1628,South,Basic,Active,10.00,10.00,0,0,0.00,"Clean Transaction"
2024-05-01,2024-05,1629,East,Enterprise,Cancelled,200.00,200.00,0,0,0.00,"Clean Transaction"
2024-05-01,2024-05,1630,East,Enterprise,Active,200.00,200.00,0,0,0.00,"Clean Transaction"
2024-05-01,2024-05,1631,North,Pro,Active,50.00,50.00,0,0,0.00,"Clean Transaction"
2024-05-01,2024-05,1632,West,Basic,Cancelled,10.00,10.00,0,0,0.00,"Clean Transaction"
2024-05-01,2024-05,1633,North,Pro,Active,50.00,50.00,0,0,0.00,"Clean Transaction"
2024-05-01,2024-05,1634,North,Pro,Active,50.00,50.00,0,0,0.00,"Clean Transaction"
2024-05-01,2024-05,1635,South,Basic,Active,10.00,10.00,0,0,0.00,"Clean Transaction"
2024-05-01,2024-05,1636,South,Pro,Active,50.00,50.00,0,0,0.00,"Clean Transaction"
2024-05-01,2024-05,1637,North,Pro,Active,50.00,50.00,0,0,0.00,"Clean Transaction"
2024-05-01,2024-05,1638,East,Pro,Active,50.00,50.00,0,0,0.00,"Clean Transaction"
2024-05-01,2024-05,1639,South,Basic,Active,10.00,10.00,0,0,0.00,"Clean Transaction"
2024-05-01,2024-05,1640,West,Pro,Active,50.00,50.00,0,0,0.00,"Clean Transaction"
2024-05-01,2024-05,1641,South,Basic,Active,10.00,10.00,0,0,0.00,"Clean Transaction"
2024-05-01,2024-05,1642,South,Enterprise,Active,200.00,200.00,0,0,0.00,"Clean Transaction"
2024-05-01,2024-05,1643,West,Pro,Active,50.00,50.00,0,0,0.00,"Clean Transaction"
2024-05-01,2024-05,1644,North,Basic,Active,10.00,10.00,0,0,0.00,"Clean Transaction"
2024-05-01,2024-05,1645,West,Enterprise,Active,200.00,200.00,0,0,0.00,"Clean Transaction"
2024-05-01,2024-05,1646,North,Pro,Active,50.00,50.00,0,0,0.00,"Clean Transaction"
2024-05-01,2024-05,1647,North,Pro,Active,50.00,50.00,0,0,0.00,"Clean Transaction"
2024-05-01,2024-05,1648,North,Enterprise,Active,200.00,200.00,0,0,0.00,"Clean Transaction"
2024-05-01,2024-05,1649,West,Enterprise,Active,200.00,200.00,0,0,0.00,"Clean Transaction"
2024-05-01,2024-05,1650,North,Basic,Active,10.00,10.00,0,0,0.00,"Clean Transaction"
2024-05-01,2024-05,1651,East,Enterprise,Active,200.00,200.00,0,0,0.00,"Clean Transaction"
2024-05-01,2024-05,1652,West,Pro,Active,50.00,50.00,0,0,0.00,"Clean Transaction"
2024-05-01,2024-05,1654,North,Enterprise,Active,200.00,200.00,0,0,0.00,"Clean Transaction"
2024-05-01,2024-05,1655,South,Basic,Active,10.00,10.00,0,0,0.00,"Clean Transaction"
2024-05-01,2024-05,1656,North,Pro,Active,50.00,50.00,0,0,0.00,"Clean Transaction"
2024-05-01,2024-05,1657,East,Pro,Active,50.00,50.00,0,0,0.00,"Clean Transaction"
2024-05-01,2024-05,1658,East,Enterprise,Active,200.00,200.00,0,0,0.00,"Clean Transaction"
2024-05-01,2024-05,1659,West,Basic,Cancelled,10.00,10.00,0,0,0.00,"Clean Transaction"
2024-05-01,2024-05,1660,South,Enterprise,Cancelled,200.00,200.00,0,0,0.00,"Clean Transaction"
2024-05-01,2024-05,1661,West,Pro,Active,50.00,50.00,0,0,0.00,"Clean Transaction"
2024-05-01,2024-05,1662,East,Basic,Active,10.00,10.00,0,0,0.00,"Clean Transaction"
2024-05-01,2024-05,1663,North,Basic,Active,10.00,10.00,0,0,0.00,"Clean Transaction"
2024-05-01,2024-05,1664,South,Pro,Active,50.00,50.00,0,0,0.00,"Clean Transaction"
2024-05-01,2024-05,1665,North,Pro,Active,50.00,50.00,0,0,0.00,"Clean Transaction"
2024-05-01,2024-05,1666,North,Enterprise,Active,200.00,200.00,0,0,0.00,"Clean Transaction"
2024-05-01,2024-05,1667,South,Enterprise,Active,200.00,200.00,0,0,0.00,"Clean Transaction"
2024-05-01,2024-05,1668,West,Basic,Active,10.00,10.00,0,0,0.00,"Clean Transaction"
2024-05-01,2024-05,1669,North,Pro,Active,50.00,50.00,0,0,0.00,"Clean Transaction"
2024-05-01,2024-05,1670,East,Enterprise,Active,200.00,200.00,0,0,0.00,"Clean Transaction"
2024-05-01,2024-05,1671,North,Pro,Active,50.00,50.00,0,0,0.00,"Clean Transaction"
2024-05-01,2024-05,1672,South,Enterprise,Active,200.00,200.00,0,0,0.00,"Clean Transaction"
2024-05-01,2024-05,1673,South,Basic,Active,10.00,10.00,0,0,0.00,"Clean Transaction"
2024-05-01,2024-05,1674,South,Pro,Active,50.00,50.00,0,0,0.00,"Clean Transaction"
2024-05-01,2024-05,1675,West,Enterprise,Active,200.00,200.00,0,0,0.00,"Clean Transaction"
2024-05-01,2024-05,1676,North,Pro,Active,50.00,50.00,0,0,0.00,"Clean Transaction"
2024-05-01,2024-05,1677,West,Basic,Active,10.00,10.00,0,0,0.00,"Clean Transaction"
2024-05-01,2024-05,1678,West,Basic,Active,10.00,10.00,0,0,0.00,"Clean Transaction"
2024-05-01,2024-05,1679,South,Basic,Active,10.00,10.00,0,0,0.00,"Clean Transaction"
2024-05-01,2024-05,1680,South,Enterprise,Active,200.00,200.00,0,0,0.00,"Clean Transaction"
2024-05-01,2024-05,1681,West,Pro,Active,50.00,50.00,0,0,0.00,"Clean Transaction"
2024-05-01,2024-05,1682,North,Basic,Active,10.00,10.00,0,0,0.00,"Clean Transaction"
2024-05-01,2024-05,1683,East,Enterprise,Active,200.00,200.00,0,0,0.00,"Clean Transaction"
2024-05-01,2024-05,1684,West,Basic,Active,10.00,10.00,0,0,0.00,"Clean Transaction"
2024-05-01,2024-05,1685,North,Pro,Active,50.00,50.00,0,0,0.00,"Clean Transaction"
2024-05-01,2024-05,1686,South,Basic,Active,10.00,10.00,0,0,0.00,"Clean Transaction"
2024-05-01,2024-05,1687,South,Enterprise,Active,200.00,200.00,0,0,0.00,"Clean Transaction"
2024-05-01,2024-05,1688,North,Basic,Active,10.00,10.00,0,0,0.00,"Clean Transaction"
2024-05-01,2024-05,1689,East,Basic,Active,10.00,10.00,0,0,0.00,"Clean Transaction"
2024-05-01,2024-05,1690,South,Enterprise,Active,200.00,200.00,0,0,0.00,"Clean Transaction"
2024-05-01,2024-05,1691,South,Basic,Active,10.00,10.00,0,0,0.00,"Clean Transaction"
2024-05-01,2024-05,1692,South,Basic,Cancelled,10.00,10.00,0,0,0.00,"Clean Transaction"
2024-05-01,2024-05,1693,North,Basic,Active,10.00,10.00,0,0,0.00,"Clean Transaction"
2024-05-01,2024-05,1694,West,Enterprise,Active,200.00,200.00,0,0,0.00,"Clean Transaction"
2024-05-01,2024-05,1695,South,Enterprise,Active,200.00,200.00,0,0,0.00,"Clean Transaction"
2024-05-01,2024-05,1696,West,Pro,Active,50.00,50.00,0,0,0.00,"Clean Transaction"
2024-05-01,2024-05,1697,East,Basic,Active,10.00,10.00,0,0,0.00,"Clean Transaction"
2024-05-01,2024-05,1698,South,Enterprise,Active,200.00,200.00,0,0,0.00,"Clean Transaction"
2024-05-01,2024-05,1699,South,Basic,Active,10.00,10.00,0,0,0.00,"Clean Transaction"
2024-05-01,2024-05,1701,South,Basic,Active,10.00,10.00,0,0,0.00,"Clean Transaction"
2024-05-01,2024-05,1702,West,Basic,Cancelled,10.00,9.16,0,0,0.84,"Partial Payment"
2024-05-01,2024-05,1703,North,Basic,Active,10.00,10.00,0,0,0.00,"Clean Transaction"
2024-05-01,2024-05,1704,West,Enterprise,Active,200.00,200.00,0,0,0.00,"Clean Transaction"
2024-05-01,2024-05,1705,North,Basic,Active,10.00,10.00,0,0,0.00,"Clean Transaction"
2024-05-01,2024-05,1706,North,Enterprise,Active,200.00,200.00,0,0,0.00,"Clean Transaction"
2024-05-01,2024-05,1707,West,Pro,Active,50.00,50.00,0,0,0.00,"Clean Transaction"
2024-05-01,2024-05,1708,West,Enterprise,Active,200.00,200.00,0,0,0.00,"Clean Transaction"
2024-05-01,2024-05,1709,West,Pro,Active,50.00,50.00,0,0,0.00,"Clean Transaction"
2024-05-01,2024-05,1710,West,Pro,Active,50.00,50.00,0,0,0.00,"Clean Transaction"
2024-05-01,2024-05,1711,East,Enterprise,Active,200.00,200.00,0,0,0.00,"Clean Transaction"
2024-05-01,2024-05,1712,South,Pro,Active,50.00,50.00,0,0,0.00,"Clean Transaction"
2024-05-01,2024-05,1713,North,Pro,Active,50.00,50.00,0,0,0.00,"Clean Transaction"
2024-05-01,2024-05,1714,West,Pro,Active,50.00,50.00,0,0,0.00,"Clean Transaction"
2024-05-01,2024-05,1715,West,Basic,Active,10.00,0.00,1,0,10.00,"Unpaid Invoice"
2024-05-01,2024-05,1716,West,Pro,Active,50.00,50.00,0,0,0.00,"Clean Transaction"
2024-05-01,2024-05,1717,East,Basic,Active,10.00,10.00,0,0,0.00,"Clean Transaction"
2024-05-01,2024-05,1718,West,Pro,Active,50.00,50.00,0,0,0.00,"Clean Transaction"
2024-05-01,2024-05,1719,West,Pro,Active,50.00,50.00,0,0,0.00,"Clean Transaction"
2024-05-01,2024-05,1720,West,Basic,Active,10.00,10.00,0,0,0.00,"Clean Transaction"
2024-05-01,2024-05,1721,South,Basic,Active,10.00,10.00,0,0,0.00,"Clean Transaction"
2024-05-01,2024-05,1722,East,Pro,Active,50.00,50.00,0,0,0.00,"Clean Transaction"
2024-05-01,2024-05,1723,West,Enterprise,Cancelled,200.00,200.00,0,0,0.00,"Clean Transaction"
2024-05-01,2024-05,1724,North,Pro,Active,50.00,50.00,0,0,0.00,"Clean Transaction"
2024-05-01,2024-05,1725,North,Pro,Active,50.00,50.00,0,0,0.00,"Clean Transaction"
2024-05-01,2024-05,1726,North,Pro,Active,50.00,50.00,0,0,0.00,"Clean Transaction"
2024-05-01,2024-05,1727,East,Basic,Active,10.00,10.00,0,0,0.00,"Clean Transaction"
2024-05-01,2024-05,1728,East,Basic,Active,10.00,10.00,0,0,0.00,"Clean Transaction"
2024-05-01,2024-05,1729,North,Basic,Active,10.00,9.29,0,0,0.71,"Partial Payment"
2024-05-01,2024-05,1730,West,Enterprise,Active,200.00,200.00,0,0,0.00,"Clean Transaction"
2024-05-01,2024-05,1731,East,Basic,Active,10.00,10.00,0,0,0.00,"Clean Transaction"
2024-05-01,2024-05,1732,North,Basic,Active,10.00,10.00,0,0,0.00,"Clean Transaction"
2024-05-01,2024-05,1733,North,Basic,Active,10.00,10.00,0,0,0.00,"Clean Transaction"
2024-05-01,2024-05,1734,West,Basic,Active,10.00,10.00,0,0,0.00,"Clean Transaction"
2024-05-01,2024-05,1735,South,Pro,Active,50.00,0.00,1,0,50.00,"Unpaid Invoice"
2024-05-01,2024-05,1736,East,Enterprise,Cancelled,200.00,200.00,0,0,0.00,"Clean Transaction"
2024-05-01,2024-05,1737,West,Enterprise,Active,200.00,200.00,0,0,0.00,"Clean Transaction"
2024-05-01,2024-05,1738,North,Pro,Active,50.00,50.00,0,0,0.00,"Clean Transaction"
2024-05-01,2024-05,1739,North,Pro,Active,50.00,50.00,0,0,0.00,"Clean Transaction"
2024-05-01,2024-05,1740,West,Pro,Active,50.00,50.00,0,0,0.00,"Clean Transaction"
2024-05-01,2024-05,1741,East,Basic,Active,10.00,10.00,0,0,0.00,"Clean Transaction"
2024-05-01,2024-05,1742,South,Basic,Cancelled,10.00,10.00,0,0,0.00,"Clean Transaction"
2024-05-01,2024-05,1743,South,Enterprise,Active,200.00,200.00,0,0,0.00,"Clean Transaction"
2024-05-01,2024-05,1744,North,Enterprise,Active,200.00,200.00,0,0,0.00,"Clean Transaction"
2024-05-01,2024-05,1745,East,Enterprise,Active,200.00,200.00,0,0,0.00,"Clean Transaction"
2024-05-01,2024-05,1746,South,Pro,Active,50.00,50.00,0,0,0.00,"Clean Transaction"
2024-05-01,2024-05,1747,East,Basic,Active,10.00,0.00,1,0,10.00,"Unpaid Invoice"
2024-05-01,2024-05,1748,East,Pro,Active,50.00,50.00,0,0,0.00,"Clean Transaction"
2024-05-01,2024-05,1749,North,Basic,Active,10.00,10.00,0,0,0.00,"Clean Transaction"
2024-05-01,2024-05,1750,South,Basic,Active,10.00,10.00,0,0,0.00,"Clean Transaction"
2024-05-01,2024-05,1751,West,Pro,Active,50.00,50.00,0,0,0.00,"Clean Transaction"
2024-05-01,2024-05,1752,North,Basic,Active,10.00,0.00,1,0,10.00,"Unpaid Invoice"
2024-05-01,2024-05,1753,South,Enterprise,Active,200.00,200.00,0,0,0.00,"Clean Transaction"
2024-05-01,2024-05,1754,South,Basic,Active,10.00,9.13,0,0,0.87,"Partial Payment"
2024-05-01,2024-05,1755,South,Enterprise,Active,200.00,200.00,0,0,0.00,"Clean Transaction"
2024-05-01,2024-05,1756,South,Basic,Active,10.00,10.00,0,0,0.00,"Clean Transaction"
2024-05-01,2024-05,1757,South,Pro,Active,50.00,50.00,0,0,0.00,"Clean Transaction"
2024-05-01,2024-05,1758,East,Enterprise,Active,200.00,200.00,0,0,0.00,"Clean Transaction"
2024-05-01,2024-05,1759,North,Enterprise,Active,200.00,200.00,0,0,0.00,"Clean Transaction"
2024-05-01,2024-05,1760,East,Pro,Cancelled,50.00,50.00,0,0,0.00,"Clean Transaction"
2024-05-01,2024-05,1761,West,Enterprise,Active,200.00,200.00,0,0,0.00,"Clean Transaction"
2024-05-01,2024-05,1762,South,Basic,Active,10.00,10.00,0,0,0.00,"Clean Transaction"
2024-05-01,2024-05,1763,North,Basic,Active,10.00,10.00,0,0,0.00,"Clean Transaction"
2024-05-01,2024-05,1764,South,Enterprise,Active,200.00,200.00,0,0,0.00,"Clean Transaction"
2024-05-01,2024-05,1765,North,Pro,Active,50.00,50.00,0,0,0.00,"Clean Transaction"
2024-05-01,2024-05,1766,East,Enterprise,Active,200.00,200.00,0,0,0.00,"Clean Transaction"
2024-05-01,2024-05,1767,North,Basic,Active,10.00,10.00,0,0,0.00,"Clean Transaction"
2024-05-01,2024-05,1768,West,Pro,Active,50.00,50.00,0,0,0.00,"Clean Transaction"
2024-05-01,2024-05,1769,West,Pro,Active,50.00,50.00,0,0,0.00,"Clean Transaction"
2024-05-01,2024-05,1770,North,Basic,Active,10.00,10.00,0,0,0.00,"Clean Transaction"
2024-05-01,2024-05,1771,North,Enterprise,Active,200.00,200.00,0,0,0.00,"Clean Transaction"
2024-05-01,2024-05,1772,North,Pro,Active,50.00,50.00,0,0,0.00,"Clean Transaction"
2024-05-01,2024-05,1773,North,Enterprise,Active,200.00,200.00,0,0,0.00,"Clean Transaction"
2024-05-01,2024-05,1774,West,Enterprise,Active,200.00,200.00,0,0,0.00,"Clean Transaction"
2024-05-01,2024-05,1775,South,Enterprise,Active,200.00,200.00,0,0,0.00,"Clean Transaction"
2024-05-01,2024-05,1776,North,Basic,Active,10.00,10.00,0,0,0.00,"Clean Transaction"
2024-05-01,2024-05,1777,North,Pro,Active,50.00,50.00,0,0,0.00,"Clean Transaction"
2024-05-01,2024-05,1778,West,Enterprise,Active,200.00,200.00,0,0,0.00,"Clean Transaction"
2024-05-01,2024-05,1779,West,Basic,Active,10.00,10.00,0,0,0.00,"Clean Transaction"
2024-05-01,2024-05,1781,North,Basic,Active,10.00,10.00,0,0,0.00,"Clean Transaction"
2024-05-01,2024-05,1782,East,Basic,Active,10.00,10.00,0,0,0.00,"Clean Transaction"
2024-05-01,2024-05,1783,West,Pro,Active,50.00,50.00,0,0,0.00,"Clean Transaction"
2024-05-01,2024-05,1784,West,Enterprise,Active,200.00,200.00,0,0,0.00,"Clean Transaction"
2024-05-01,2024-05,1786,North,Enterprise,Active,200.00,200.00,0,0,0.00,"Clean Transaction"
2024-05-01,2024-05,1787,East,Enterprise,Active,200.00,200.00,0,0,0.00,"Clean Transaction"
2024-05-01,2024-05,1788,West,Enterprise,Active,200.00,200.00,0,0,0.00,"Clean Transaction"
2024-05-01,2024-05,1789,West,Enterprise,Active,200.00,200.00,0,0,0.00,"Clean Transaction"
2024-05-01,2024-05,1790,East,Basic,Active,10.00,10.00,0,0,0.00,"Clean Transaction"
2024-05-01,2024-05,1791,South,Enterprise,Active,200.00,200.00,0,0,0.00,"Clean Transaction"
2024-05-01,2024-05,1792,West,Pro,Active,50.00,50.00,0,0,0.00,"Clean Transaction"
2024-05-01,2024-05,1793,North,Pro,Active,50.00,50.00,0,0,0.00,"Clean Transaction"
2024-05-01,2024-05,1794,West,Basic,Active,10.00,9.85,0,0,0.15,"Partial Payment"
2024-05-01,2024-05,1795,North,Pro,Active,50.00,50.00,0,0,0.00,"Clean Transaction"
2024-05-01,2024-05,1796,East,Enterprise,Active,200.00,200.00,0,0,0.00,"Clean Transaction"
2024-05-01,2024-05,1797,North,Pro,Active,50.00,50.00,0,0,0.00,"Clean Transaction"
2024-05-01,2024-05,1798,East,Pro,Active,50.00,50.00,0,0,0.00,"Clean Transaction"
2024-05-01,2024-05,1799,North,Enterprise,Active,200.00,200.00,0,0,0.00,"Clean Transaction"
2024-05-01,2024-05,1800,East,Basic,Cancelled,10.00,10.00,0,0,0.00,"Clean Transaction"
2024-05-01,2024-05,1802,South,Pro,Active,50.00,50.00,0,0,0.00,"Clean Transaction"
2024-05-01,2024-05,1803,North,Pro,Active,50.00,50.00,0,0,0.00,"Clean Transaction"
2024-05-01,2024-05,1804,North,Enterprise,Active,200.00,200.00,0,0,0.00,"Clean Transaction"
2024-05-01,2024-05,1805,South,Basic,Active,10.00,10.00,0,0,0.00,"Clean Transaction"
2024-05-01,2024-05,1806,West,Enterprise,Active,200.00,200.00,0,0,0.00,"Clean Transaction"
2024-05-01,2024-05,1807,West,Enterprise,Active,200.00,200.00,0,0,0.00,"Clean Transaction"
2024-05-01,2024-05,1808,North,Enterprise,Active,200.00,200.00,0,0,0.00,"Clean Transaction"
2024-05-01,2024-05,1809,South,Enterprise,Cancelled,200.00,200.00,0,0,0.00,"Clean Transaction"
2024-05-01,2024-05,1810,North,Enterprise,Active,200.00,200.00,0,0,0.00,"Clean Transaction"
2024-05-01,2024-05,1811,East,Basic,Active,10.00,10.00,0,0,0.00,"Clean Transaction"
2024-05-01,2024-05,1812,East,Pro,Active,50.00,50.00,0,0,0.00,"Clean Transaction"
2024-05-01,2024-05,1813,North,Pro,Active,50.00,50.00,0,0,0.00,"Clean Transaction"
2024-05-01,2024-05,1814,West,Pro,Active,50.00,50.00,0,0,0.00,"Clean Transaction"
2024-05-01,2024-05,1815,West,Pro,Active,50.00,50.00,0,0,0.00,"Clean Transaction"
2024-05-01,2024-05,1816,North,Pro,Active,50.00,50.00,0,0,0.00,"Clean Transaction"
2024-05-01,2024-05,1817,North,Enterprise,Active,200.00,200.00,0,0,0.00,"Clean Transaction"
2024-05-01,2024-05,1818,East,Pro,Active,50.00,50.00,0,0,0.00,"Clean Transaction"
2024-05-01,2024-05,1820,North,Basic,Active,10.00,10.00,0,0,0.00,"Clean Transaction"
2024-05-01,2024-05,1821,East,Basic,Active,10.00,10.00,0,0,0.00,"Clean Transaction"
2024-05-01,2024-05,1822,West,Basic,Active,10.00,10.00,0,0,0.00,"Clean Transaction"
2024-05-01,2024-05,1823,South,Enterprise,Active,200.00,200.00,0,0,0.00,"Clean Transaction"
2024-05-01,2024-05,1824,East,Pro,Active,50.00,50.00,0,0,0.00,"Clean Transaction"
2024-05-01,2024-05,1825,West,Pro,Active,50.00,50.00,0,0,0.00,"Clean Transaction"
2024-05-01,2024-05,1826,West,Enterprise,Active,200.00,200.00,0,0,0.00,"Clean Transaction"
2024-05-01,2024-05,1827,East,Enterprise,Active,200.00,200.00,0,0,0.00,"Clean Transaction"
2024-05-01,2024-05,1829,East,Enterprise,Active,200.00,200.00,0,0,0.00,"Clean Transaction"
2024-05-01,2024-05,1830,West,Basic,Active,10.00,10.00,0,0,0.00,"Clean Transaction"
2024-05-01,2024-05,1831,North,Pro,Active,50.00,50.00,0,0,0.00,"Clean Transaction"
2024-05-01,2024-05,1832,North,Pro,Active,50.00,50.00,0,0,0.00,"Clean Transaction"
2024-05-01,2024-05,1833,East,Enterprise,Active,200.00,200.00,0,0,0.00,"Clean Transaction"
2024-05-01,2024-05,1834,West,Enterprise,Active,200.00,200.00,0,0,0.00,"Clean Transaction"
2024-05-01,2024-05,1835,North,Pro,Active,50.00,50.00,0,0,0.00,"Clean Transaction"
2024-05-01,2024-05,1836,West,Basic,Active,10.00,10.00,0,0,0.00,"Clean Transaction"
2024-05-01,2024-05,1837,East,Basic,Active,10.00,10.00,0,0,0.00,"Clean Transaction"
2024-05-01,2024-05,1838,North,Basic,Active,10.00,10.00,0,0,0.00,"Clean Transaction"
2024-05-01,2024-05,1839,West,Enterprise,Active,200.00,200.00,0,0,0.00,"Clean Transaction"
2024-05-01,2024-05,1841,East,Pro,Active,50.00,50.00,0,0,0.00,"Clean Transaction"
2024-05-01,2024-05,1842,West,Pro,Active,50.00,50.00,0,0,0.00,"Clean Transaction"
2024-05-01,2024-05,1843,North,Pro,Active,50.00,50.00,0,0,0.00,"Clean Transaction"
2024-05-01,2024-05,1844,East,Pro,Active,50.00,50.00,0,0,0.00,"Clean Transaction"
2024-05-01,2024-05,1845,North,Pro,Active,50.00,50.00,0,0,0.00,"Clean Transaction"
2024-05-01,2024-05,1846,North,Basic,Active,10.00,10.00,0,0,0.00,"Clean Transaction"
2024-05-01,2024-05,1847,South,Pro,Active,50.00,50.00,0,0,0.00,"Clean Transaction"
2024-05-01,2024-05,1848,South,Pro,Active,50.00,50.00,0,0,0.00,"Clean Transaction"
2024-05-01,2024-05,1849,East,Pro,Active,50.00,50.00,0,0,0.00,"Clean Transaction"
2024-05-01,2024-05,1850,South,Basic,Cancelled,10.00,10.00,0,0,0.00,"Clean Transaction"
2024-05-01,2024-05,1851,East,Basic,Active,10.00,10.00,0,0,0.00,"Clean Transaction"
2024-05-01,2024-05,1852,South,Pro,Active,50.00,50.00,0,0,0.00,"Clean Transaction"
2024-05-01,2024-05,1853,North,Pro,Active,50.00,50.00,0,0,0.00,"Clean Transaction"
2024-05-01,2024-05,1854,East,Basic,Active,10.00,10.00,0,0,0.00,"Clean Transaction"
2024-05-01,2024-05,1855,East,Basic,Active,10.00,10.00,0,0,0.00,"Clean Transaction"
2024-05-01,2024-05,1856,North,Basic,Active,10.00,10.00,0,0,0.00,"Clean Transaction"
2024-05-01,2024-05,1857,East,Pro,Active,50.00,50.00,0,0,0.00,"Clean Transaction"
2024-05-01,2024-05,1858,East,Pro,Active,50.00,50.00,0,0,0.00,"Clean Transaction"
2024-05-01,2024-05,1859,South,Enterprise,Active,200.00,200.00,0,0,0.00,"Clean Transaction"
2024-05-01,2024-05,1860,East,Enterprise,Active,200.00,200.00,0,0,0.00,"Clean Transaction"
2024-05-01,2024-05,1861,West,Enterprise,Active,200.00,200.00,0,0,0.00,"Clean Transaction"
2024-05-01,2024-05,1862,North,Enterprise,Active,200.00,200.00,0,0,0.00,"Clean Transaction"
2024-05-01,2024-05,1863,South,Enterprise,Active,200.00,200.00,0,0,0.00,"Clean Transaction"
2024-05-01,2024-05,1864,South,Enterprise,Active,200.00,200.00,0,0,0.00,"Clean Transaction"
2024-05-01,2024-05,1865,West,Pro,Active,50.00,50.00,0,0,0.00,"Clean Transaction"
2024-05-01,2024-05,1866,North,Enterprise,Active,200.00,200.00,0,0,0.00,"Clean Transaction"
2024-05-01,2024-05,1867,North,Basic,Active,10.00,10.00,0,0,0.00,"Clean Transaction"
2024-05-01,2024-05,1868,South,Enterprise,Active,200.00,200.00,0,0,0.00,"Clean Transaction"
2024-05-01,2024-05,1869,East,Enterprise,Active,200.00,200.00,0,0,0.00,"Clean Transaction"
2024-05-01,2024-05,1870,South,Pro,Active,50.00,50.00,0,0,0.00,"Clean Transaction"
2024-05-01,2024-05,1871,North,Enterprise,Active,200.00,200.00,0,0,0.00,"Clean Transaction"
2024-05-01,2024-05,1872,West,Basic,Active,10.00,10.00,0,0,0.00,"Clean Transaction"
2024-05-01,2024-05,1873,South,Basic,Active,10.00,10.00,0,0,0.00,"Clean Transaction"
2024-05-01,2024-05,1874,North,Pro,Active,50.00,50.00,0,0,0.00,"Clean Transaction"
2024-05-01,2024-05,1875,South,Basic,Active,10.00,10.00,0,0,0.00,"Clean Transaction"
2024-05-01,2024-05,1876,East,Enterprise,Active,200.00,200.00,0,0,0.00,"Clean Transaction"
2024-05-01,2024-05,1877,South,Pro,Active,50.00,50.00,0,0,0.00,"Clean Transaction"
2024-05-01,2024-05,1878,South,Pro,Active,50.00,50.00,0,0,0.00,"Clean Transaction"
2024-05-01,2024-05,1879,North,Basic,Active,10.00,10.00,0,0,0.00,"Clean Transaction"
2024-05-01,2024-05,1881,North,Pro,Active,50.00,50.00,0,0,0.00,"Clean Transaction"
2024-05-01,2024-05,1882,South,Basic,Active,10.00,10.00,0,0,0.00,"Clean Transaction"
2024-05-01,2024-05,1883,East,Pro,Cancelled,50.00,50.00,0,0,0.00,"Clean Transaction"
2024-05-01,2024-05,1884,West,Basic,Active,10.00,10.00,0,0,0.00,"Clean Transaction"
2024-05-01,2024-05,1885,West,Basic,Active,10.00,10.00,0,0,0.00,"Clean Transaction"
2024-05-01,2024-05,1886,North,Basic,Active,10.00,10.00,0,0,0.00,"Clean Transaction"
2024-05-01,2024-05,1887,North,Pro,Active,50.00,50.00,0,0,0.00,"Clean Transaction"
2024-05-01,2024-05,1888,South,Basic,Active,10.00,10.00,0,0,0.00,"Clean Transaction"
2024-05-01,2024-05,1889,West,Enterprise,Active,200.00,200.00,0,0,0.00,"Clean Transaction"
2024-05-01,2024-05,1890,North,Pro,Active,50.00,50.00,0,0,0.00,"Clean Transaction"
2024-05-01,2024-05,1891,East,Enterprise,Cancelled,200.00,200.00,0,0,0.00,"Clean Transaction"
2024-05-01,2024-05,1892,East,Enterprise,Active,200.00,200.00,0,0,0.00,"Clean Transaction"
2024-05-01,2024-05,1893,North,Enterprise,Active,200.00,200.00,0,0,0.00,"Clean Transaction"
2024-05-01,2024-05,1894,North,Pro,Active,50.00,50.00,0,0,0.00,"Clean Transaction"
2024-05-01,2024-05,1896,West,Enterprise,Active,200.00,200.00,0,0,0.00,"Clean Transaction"
2024-05-01,2024-05,1897,South,Basic,Cancelled,10.00,10.00,0,0,0.00,"Clean Transaction"
2024-05-01,2024-05,1898,West,Pro,Active,50.00,50.00,0,0,0.00,"Clean Transaction"
2024-05-01,2024-05,1899,East,Enterprise,Active,200.00,200.00,0,0,0.00,"Clean Transaction"
2024-05-01,2024-05,1900,East,Pro,Active,50.00,50.00,0,0,0.00,"Clean Transaction"
2024-05-01,2024-05,1901,North,Enterprise,Active,200.00,200.00,0,0,0.00,"Clean Transaction"
2024-05-01,2024-05,1902,West,Basic,Active,10.00,10.00,0,0,0.00,"Clean Transaction"
2024-05-01,2024-05,1903,South,Pro,Active,50.00,50.00,0,0,0.00,"Clean Transaction"
2024-05-01,2024-05,1904,East,Pro,Active,50.00,50.00,0,0,0.00,"Clean Transaction"
2024-05-01,2024-05,1905,East,Pro,Active,50.00,50.00,0,0,0.00,"Clean Transaction"
2024-05-01,2024-05,1906,South,Basic,Active,10.00,10.00,0,0,0.00,"Clean Transaction"
2024-05-01,2024-05,1907,South,Enterprise,Active,200.00,200.00,0,0,0.00,"Clean Transaction"
2024-05-01,2024-05,1908,East,Basic,Active,10.00,10.00,0,0,0.00,"Clean Transaction"
2024-05-01,2024-05,1909,East,Enterprise,Active,200.00,200.00,0,0,0.00,"Clean Transaction"
2024-05-01,2024-05,1910,South,Basic,Active,10.00,10.00,0,0,0.00,"Clean Transaction"
2024-05-01,2024-05,1911,East,Pro,Active,50.00,50.00,0,0,0.00,"Clean Transaction"
2024-05-01,2024-05,1912,North,Basic,Active,10.00,10.00,0,0,0.00,"Clean Transaction"
2024-05-01,2024-05,1913,North,Pro,Cancelled,50.00,50.00,0,0,0.00,"Clean Transaction"
2024-05-01,2024-05,1914,South,Basic,Active,10.00,10.00,0,0,0.00,"Clean Transaction"
2024-05-01,2024-05,1915,West,Pro,Cancelled,50.00,50.00,0,0,0.00,"Clean Transaction"
2024-05-01,2024-05,1916,South,Enterprise,Active,200.00,200.00,0,0,0.00,"Clean Transaction"
2024-05-01,2024-05,1917,South,Pro,Active,50.00,50.00,0,0,0.00,"Clean Transaction"
2024-05-01,2024-05,1918,West,Pro,Active,50.00,50.00,0,0,0.00,"Clean Transaction"
2024-05-01,2024-05,1919,West,Pro,Active,50.00,50.00,0,0,0.00,"Clean Transaction"
2024-05-01,2024-05,1920,West,Pro,Active,50.00,50.00,0,0,0.00,"Clean Transaction"
2024-05-01,2024-05,1921,North,Basic,Active,10.00,10.00,0,0,0.00,"Clean Transaction"
2024-05-01,2024-05,1922,East,Enterprise,Active,200.00,200.00,0,0,0.00,"Clean Transaction"
2024-05-01,2024-05,1923,North,Enterprise,Active,200.00,200.00,0,0,0.00,"Clean Transaction"
2024-05-01,2024-05,1924,East,Enterprise,Active,200.00,0.00,1,0,200.00,"Unpaid Invoice"
2024-05-01,2024-05,1925,North,Basic,Active,10.00,10.00,0,0,0.00,"Clean Transaction"
2024-05-01,2024-05,1926,East,Enterprise,Active,200.00,200.00,0,0,0.00,"Clean Transaction"
2024-05-01,2024-05,1927,North,Enterprise,Active,200.00,200.00,0,0,0.00,"Clean Transaction"
2024-05-01,2024-05,1928,West,Enterprise,Active,200.00,200.00,0,0,0.00,"Clean Transaction"
2024-05-01,2024-05,1929,South,Pro,Active,50.00,50.00,0,0,0.00,"Clean Transaction"
2024-05-01,2024-05,1930,North,Enterprise,Cancelled,200.00,0.00,1,0,200.00,"Unpaid Invoice"
2024-05-01,2024-05,1931,East,Basic,Active,10.00,10.00,0,0,0.00,"Clean Transaction"
2024-05-01,2024-05,1932,West,Pro,Active,50.00,50.00,0,0,0.00,"Clean Transaction"
2024-05-01,2024-05,1933,North,Pro,Active,50.00,50.00,0,0,0.00,"Clean Transaction"
2024-05-01,2024-05,1934,North,Enterprise,Active,200.00,200.00,0,0,0.00,"Clean Transaction"
2024-05-01,2024-05,1935,West,Enterprise,Active,200.00,200.00,0,0,0.00,"Clean Transaction"
2024-05-01,2024-05,1936,North,Pro,Active,50.00,50.00,0,0,0.00,"Clean Transaction"
2024-05-01,2024-05,1937,South,Basic,Active,10.00,10.00,0,0,0.00,"Clean Transaction"
2024-05-01,2024-05,1938,North,Pro,Cancelled,50.00,50.00,0,0,0.00,"Clean Transaction"
2024-05-01,2024-05,1939,South,Pro,Active,50.00,50.00,0,0,0.00,"Clean Transaction"
2024-05-01,2024-05,1940,South,Enterprise,Active,200.00,200.00,0,0,0.00,"Clean Transaction"
2024-05-01,2024-05,1941,West,Basic,Active,10.00,10.00,0,0,0.00,"Clean Transaction"
2024-05-01,2024-05,1942,North,Basic,Active,10.00,10.00,0,0,0.00,"Clean Transaction"
2024-05-01,2024-05,1943,West,Pro,Active,50.00,46.74,0,0,3.26,"Partial Payment"
2024-05-01,2024-05,1945,North,Enterprise,Cancelled,200.00,200.00,0,0,0.00,"Clean Transaction"
2024-05-01,2024-05,1946,East,Enterprise,Active,200.00,188.51,0,0,11.49,"Partial Payment"
2024-05-01,2024-05,1947,North,Enterprise,Active,200.00,200.00,0,0,0.00,"Clean Transaction"
2024-05-01,2024-05,1948,West,Basic,Active,10.00,10.00,0,0,0.00,"Clean Transaction"
2024-05-01,2024-05,1949,South,Basic,Active,10.00,10.00,0,0,0.00,"Clean Transaction"
2024-05-01,2024-05,1950,North,Pro,Active,50.00,50.00,0,0,0.00,"Clean Transaction"
2024-05-01,2024-05,1951,East,Pro,Active,50.00,50.00,0,0,0.00,"Clean Transaction"
2024-05-01,2024-05,1952,West,Basic,Active,10.00,10.00,0,0,0.00,"Clean Transaction"
2024-05-01,2024-05,1953,North,Pro,Active,50.00,50.00,0,0,0.00,"Clean Transaction"
2024-05-01,2024-05,1954,West,Enterprise,Active,200.00,200.00,0,0,0.00,"Clean Transaction"
2024-05-01,2024-05,1955,East,Pro,Active,50.00,50.00,0,0,0.00,"Clean Transaction"
2024-05-01,2024-05,1956,East,Enterprise,Active,200.00,200.00,0,0,0.00,"Clean Transaction"
2024-05-01,2024-05,1957,West,Pro,Active,50.00,50.00,0,0,0.00,"Clean Transaction"
2024-05-01,2024-05,1958,North,Pro,Active,50.00,50.00,0,0,0.00,"Clean Transaction"
2024-05-01,2024-05,1959,South,Enterprise,Active,200.00,200.00,0,0,0.00,"Clean Transaction"
2024-05-01,2024-05,1960,East,Basic,Active,10.00,10.00,0,0,0.00,"Clean Transaction"
2024-05-01,2024-05,1961,North,Enterprise,Active,200.00,200.00,0,0,0.00,"Clean Transaction"
2024-05-01,2024-05,1962,North,Basic,Active,10.00,10.00,0,0,0.00,"Clean Transaction"
2024-05-01,2024-05,1963,South,Enterprise,Cancelled,200.00,200.00,0,0,0.00,"Clean Transaction"
2024-05-01,2024-05,1964,East,Enterprise,Active,200.00,200.00,0,0,0.00,"Clean Transaction"
2024-05-01,2024-05,1965,East,Enterprise,Active,200.00,200.00,0,0,0.00,"Clean Transaction"
2024-05-01,2024-05,1966,North,Basic,Active,10.00,10.00,0,0,0.00,"Clean Transaction"
2024-05-01,2024-05,1967,North,Enterprise,Active,200.00,200.00,0,0,0.00,"Clean Transaction"
2024-05-01,2024-05,1968,South,Enterprise,Active,200.00,200.00,0,0,0.00,"Clean Transaction"
2024-05-01,2024-05,1969,South,Enterprise,Active,200.00,200.00,0,0,0.00,"Clean Transaction"
2024-05-01,2024-05,1970,East,Basic,Active,10.00,10.00,0,0,0.00,"Clean Transaction"
2024-05-01,2024-05,1971,West,Pro,Cancelled,50.00,50.00,0,0,0.00,"Clean Transaction"
2024-05-01,2024-05,1972,East,Enterprise,Cancelled,200.00,200.00,0,0,0.00,"Clean Transaction"
2024-05-01,2024-05,1973,North,Basic,Active,10.00,10.00,0,0,0.00,"Clean Transaction"
2024-05-01,2024-05,1974,East,Enterprise,Active,200.00,200.00,0,0,0.00,"Clean Transaction"
2024-05-01,2024-05,1975,West,Pro,Active,50.00,50.00,0,0,0.00,"Clean Transaction"
2024-05-01,2024-05,1976,South,Basic,Active,10.00,10.00,0,0,0.00,"Clean Transaction"
2024-05-01,2024-05,1977,West,Pro,Active,50.00,50.00,0,0,0.00,"Clean Transaction"
2024-05-01,2024-05,1978,West,Enterprise,Active,200.00,200.00,0,0,0.00,"Clean Transaction"
2024-05-01,2024-05,1979,West,Enterprise,Active,200.00,200.00,0,0,0.00,"Clean Transaction"
2024-05-01,2024-05,1980,South,Enterprise,Active,200.00,200.00,0,0,0.00,"Clean Transaction"
2024-05-01,2024-05,1981,West,Basic,Active,10.00,10.00,0,0,0.00,"Clean Transaction"
2024-05-01,2024-05,1982,West,Basic,Active,10.00,10.00,0,0,0.00,"Clean Transaction"
2024-05-01,2024-05,1983,West,Pro,Cancelled,50.00,50.00,0,0,0.00,"Clean Transaction"
2024-05-01,2024-05,1984,North,Enterprise,Cancelled,200.00,200.00,0,0,0.00,"Clean Transaction"
2024-05-01,2024-05,1985,West,Enterprise,Active,200.00,0.00,1,0,200.00,"Unpaid Invoice"
2024-05-01,2024-05,1986,South,Enterprise,Cancelled,200.00,200.00,0,0,0.00,"Clean Transaction"
2024-05-01,2024-05,1987,West,Basic,Active,10.00,10.00,0,0,0.00,"Clean Transaction"
2024-05-01,2024-05,1988,West,Enterprise,Active,200.00,200.00,0,0,0.00,"Clean Transaction"
2024-05-01,2024-05,1989,South,Basic,Active,10.00,10.00,0,0,0.00,"Clean Transaction"
2024-05-01,2024-05,1990,West,Enterprise,Active,200.00,200.00,0,0,0.00,"Clean Transaction"
2024-05-01,2024-05,1991,South,Basic,Cancelled,10.00,10.00,0,0,0.00,"Clean Transaction"
2024-05-01,2024-05,1992,West,Basic,Active,10.00,10.00,0,0,0.00,"Clean Transaction"
2024-05-01,2024-05,1993,South,Pro,Active,50.00,50.00,0,0,0.00,"Clean Transaction"
2024-05-01,2024-05,1994,West,Basic,Active,10.00,10.00,0,0,0.00,"Clean Transaction"
2024-05-01,2024-05,1995,West,Basic,Active,10.00,10.00,0,0,0.00,"Clean Transaction"
2024-05-01,2024-05,1996,North,Basic,Active,10.00,10.00,0,0,0.00,"Clean Transaction"
2024-05-01,2024-05,1997,North,Basic,Active,10.00,9.31,0,0,0.69,"Partial Payment"
2024-05-01,2024-05,1998,West,Basic,Active,10.00,10.00,0,0,0.00,"Clean Transaction"
2024-05-01,2024-05,1999,West,Pro,Active,50.00,50.00,0,0,0.00,"Clean Transaction"
2024-06-01,2024-06,1001,East,Basic,Cancelled,10.00,10.00,0,0,0.00,"Clean Transaction"
2024-06-01,2024-06,1002,West,Basic,Active,10.00,10.00,0,0,0.00,"Clean Transaction"
2024-06-01,2024-06,1004,East,Basic,Active,10.00,10.00,0,0,0.00,"Clean Transaction"
2024-06-01,2024-06,1005,East,Pro,Cancelled,50.00,50.00,0,0,0.00,"Clean Transaction"
2024-06-01,2024-06,1007,North,Enterprise,Active,200.00,200.00,0,0,0.00,"Clean Transaction"
2024-06-01,2024-06,1008,North,Pro,Active,50.00,50.00,0,0,0.00,"Clean Transaction"
2024-06-01,2024-06,1009,East,Enterprise,Active,200.00,200.00,0,0,0.00,"Clean Transaction"
2024-06-01,2024-06,1010,South,Pro,Active,50.00,50.00,0,0,0.00,"Clean Transaction"
2024-06-01,2024-06,1011,East,Basic,Active,10.00,10.00,0,0,0.00,"Clean Transaction"
2024-06-01,2024-06,1013,East,Basic,Active,10.00,10.00,0,0,0.00,"Clean Transaction"
2024-06-01,2024-06,1014,East,Basic,Active,10.00,10.00,0,0,0.00,"Clean Transaction"
2024-06-01,2024-06,1015,West,Basic,Active,10.00,10.00,0,0,0.00,"Clean Transaction"
2024-06-01,2024-06,1016,North,Basic,Active,10.00,10.00,0,0,0.00,"Clean Transaction"
2024-06-01,2024-06,1017,West,Pro,Active,50.00,50.00,0,0,0.00,"Clean Transaction"
2024-06-01,2024-06,1018,West,Pro,Active,50.00,50.00,0,0,0.00,"Clean Transaction"
2024-06-01,2024-06,1019,West,Enterprise,Active,200.00,200.00,0,0,0.00,"Clean Transaction"
2024-06-01,2024-06,1020,East,Pro,Active,50.00,50.00,0,0,0.00,"Clean Transaction"
2024-06-01,2024-06,1021,South,Pro,Active,50.00,50.00,0,0,0.00,"Clean Transaction"
2024-06-01,2024-06,1022,North,Basic,Active,10.00,10.00,0,0,0.00,"Clean Transaction"
2024-06-01,2024-06,1023,South,Enterprise,Active,200.00,200.00,0,0,0.00,"Clean Transaction"
2024-06-01,2024-06,1024,West,Pro,Active,50.00,50.00,0,0,0.00,"Clean Transaction"
2024-06-01,2024-06,1025,West,Enterprise,Active,200.00,200.00,0,0,0.00,"Clean Transaction"
2024-06-01,2024-06,1026,South,Pro,Active,50.00,50.00,0,0,0.00,"Clean Transaction"
2024-06-01,2024-06,1027,South,Pro,Active,50.00,50.00,0,0,0.00,"Clean Transaction"
2024-06-01,2024-06,1028,South,Enterprise,Active,200.00,200.00,0,0,0.00,"Clean Transaction"
2024-06-01,2024-06,1029,West,Basic,Active,10.00,10.00,0,0,0.00,"Clean Transaction"
2024-06-01,2024-06,1030,West,Enterprise,Active,200.00,200.00,0,0,0.00,"Clean Transaction"
2024-06-01,2024-06,1031,North,Basic,Active,10.00,9.63,0,0,0.37,"Partial Payment"
2024-06-01,2024-06,1032,North,Pro,Active,50.00,50.00,0,0,0.00,"Clean Transaction"
2024-06-01,2024-06,1034,South,Pro,Active,50.00,48.20,0,0,1.80,"Partial Payment"
2024-06-01,2024-06,1035,South,Enterprise,Active,200.00,200.00,0,0,0.00,"Clean Transaction"
2024-06-01,2024-06,1036,North,Enterprise,Active,200.00,200.00,0,0,0.00,"Clean Transaction"
2024-06-01,2024-06,1037,West,Basic,Active,10.00,10.00,0,0,0.00,"Clean Transaction"
2024-06-01,2024-06,1038,North,Enterprise,Active,200.00,200.00,0,0,0.00,"Clean Transaction"
2024-06-01,2024-06,1039,North,Basic,Active,10.00,10.00,0,0,0.00,"Clean Transaction"
2024-06-01,2024-06,1040,East,Basic,Active,10.00,10.00,0,0,0.00,"Clean Transaction"
2024-06-01,2024-06,1041,East,Pro,Active,50.00,50.00,0,0,0.00,"Clean Transaction"
2024-06-01,2024-06,1043,South,Pro,Active,50.00,50.00,0,0,0.00,"Clean Transaction"
2024-06-01,2024-06,1044,West,Pro,Active,50.00,0.00,1,0,50.00,"Unpaid Invoice"
2024-06-01,2024-06,1048,East,Basic,Active,10.00,10.00,0,0,0.00,"Clean Transaction"
2024-06-01,2024-06,1049,South,Enterprise,Active,200.00,200.00,0,0,0.00,"Clean Transaction"
2024-06-01,2024-06,1050,South,Pro,Active,50.00,50.00,0,0,0.00,"Clean Transaction"
2024-06-01,2024-06,1051,East,Pro,Active,50.00,50.00,0,0,0.00,"Clean Transaction"
2024-06-01,2024-06,1052,South,Enterprise,Cancelled,200.00,200.00,0,0,0.00,"Clean Transaction"
2024-06-01,2024-06,1053,East,Enterprise,Active,200.00,200.00,0,0,0.00,"Clean Transaction"
2024-06-01,2024-06,1054,West,Basic,Active,10.00,10.00,0,0,0.00,"Clean Transaction"
2024-06-01,2024-06,1055,East,Enterprise,Active,200.00,200.00,0,0,0.00,"Clean Transaction"
2024-06-01,2024-06,1056,West,Enterprise,Active,200.00,200.00,0,0,0.00,"Clean Transaction"
2024-06-01,2024-06,1057,West,Enterprise,Active,200.00,200.00,0,0,0.00,"Clean Transaction"
2024-06-01,2024-06,1058,North,Pro,Active,50.00,50.00,0,0,0.00,"Clean Transaction"
2024-06-01,2024-06,1059,East,Basic,Active,10.00,10.00,0,0,0.00,"Clean Transaction"
2024-06-01,2024-06,1060,North,Pro,Active,50.00,50.00,0,0,0.00,"Clean Transaction"
2024-06-01,2024-06,1061,East,Pro,Active,50.00,49.47,0,0,0.53,"Partial Payment"
2024-06-01,2024-06,1062,East,Pro,Active,50.00,50.00,0,0,0.00,"Clean Transaction"
2024-06-01,2024-06,1063,North,Basic,Active,10.00,10.00,0,0,0.00,"Clean Transaction"
2024-06-01,2024-06,1064,North,Basic,Active,10.00,10.00,0,0,0.00,"Clean Transaction"
2024-06-01,2024-06,1065,East,Pro,Active,50.00,50.00,0,0,0.00,"Clean Transaction"
2024-06-01,2024-06,1066,South,Basic,Active,10.00,10.00,0,0,0.00,"Clean Transaction"
2024-06-01,2024-06,1067,West,Pro,Active,50.00,50.00,0,0,0.00,"Clean Transaction"
2024-06-01,2024-06,1068,North,Enterprise,Active,200.00,200.00,0,0,0.00,"Clean Transaction"
2024-06-01,2024-06,1069,West,Enterprise,Active,200.00,200.00,0,0,0.00,"Clean Transaction"
2024-06-01,2024-06,1070,South,Enterprise,Active,200.00,194.54,0,0,5.46,"Partial Payment"
2024-06-01,2024-06,1071,South,Enterprise,Active,200.00,200.00,0,0,0.00,"Clean Transaction"
2024-06-01,2024-06,1072,South,Enterprise,Cancelled,200.00,200.00,0,0,0.00,"Clean Transaction"
2024-06-01,2024-06,1073,North,Enterprise,Active,200.00,200.00,0,0,0.00,"Clean Transaction"
2024-06-01,2024-06,1075,North,Enterprise,Active,200.00,200.00,0,0,0.00,"Clean Transaction"
2024-06-01,2024-06,1076,South,Enterprise,Active,200.00,200.00,0,0,0.00,"Clean Transaction"
2024-06-01,2024-06,1077,West,Basic,Active,10.00,10.00,0,0,0.00,"Clean Transaction"
2024-06-01,2024-06,1078,West,Pro,Active,50.00,50.00,0,0,0.00,"Clean Transaction"
2024-06-01,2024-06,1079,East,Basic,Active,10.00,10.00,0,0,0.00,"Clean Transaction"
2024-06-01,2024-06,1080,West,Enterprise,Active,200.00,200.00,0,0,0.00,"Clean Transaction"
2024-06-01,2024-06,1081,East,Pro,Active,50.00,50.00,0,0,0.00,"Clean Transaction"
2024-06-01,2024-06,1082,West,Basic,Active,10.00,10.00,0,0,0.00,"Clean Transaction"
2024-06-01,2024-06,1083,North,Pro,Cancelled,50.00,50.00,0,0,0.00,"Clean Transaction"
2024-06-01,2024-06,1084,West,Pro,Cancelled,50.00,50.00,0,0,0.00,"Clean Transaction"
2024-06-01,2024-06,1085,East,Basic,Active,10.00,9.15,0,0,0.85,"Partial Payment"
2024-06-01,2024-06,1086,East,Basic,Active,10.00,9.27,0,0,0.73,"Partial Payment"
2024-06-01,2024-06,1087,South,Pro,Active,50.00,50.00,0,0,0.00,"Clean Transaction"
2024-06-01,2024-06,1088,North,Pro,Active,50.00,50.00,0,0,0.00,"Clean Transaction"
2024-06-01,2024-06,1089,West,Basic,Active,10.00,10.00,0,0,0.00,"Clean Transaction"
2024-06-01,2024-06,1090,South,Pro,Active,50.00,50.00,0,0,0.00,"Clean Transaction"
2024-06-01,2024-06,1091,West,Basic,Active,10.00,10.00,0,0,0.00,"Clean Transaction"
2024-06-01,2024-06,1092,West,Basic,Active,10.00,10.00,0,0,0.00,"Clean Transaction"
2024-06-01,2024-06,1093,South,Pro,Active,50.00,50.00,0,0,0.00,"Clean Transaction"
2024-06-01,2024-06,1094,South,Basic,Active,10.00,10.00,0,0,0.00,"Clean Transaction"
2024-06-01,2024-06,1095,South,Pro,Active,50.00,50.00,0,0,0.00,"Clean Transaction"
2024-06-01,2024-06,1096,South,Pro,Active,50.00,50.00,0,0,0.00,"Clean Transaction"
2024-06-01,2024-06,1097,South,Enterprise,Active,200.00,194.21,0,0,5.79,"Partial Payment"
2024-06-01,2024-06,1098,West,Enterprise,Active,200.00,200.00,0,0,0.00,"Clean Transaction"
2024-06-01,2024-06,1099,South,Enterprise,Active,200.00,200.00,0,0,0.00,"Clean Transaction"
2024-06-01,2024-06,1100,North,Basic,Active,10.00,10.00,0,0,0.00,"Clean Transaction"
2024-06-01,2024-06,1101,East,Enterprise,Active,200.00,200.00,0,0,0.00,"Clean Transaction"
2024-06-01,2024-06,1102,South,Enterprise,Active,200.00,200.00,0,0,0.00,"Clean Transaction"
2024-06-01,2024-06,1103,South,Enterprise,Active,200.00,200.00,0,0,0.00,"Clean Transaction"
2024-06-01,2024-06,1104,West,Enterprise,Active,200.00,200.00,0,0,0.00,"Clean Transaction"
2024-06-01,2024-06,1105,South,Pro,Active,50.00,50.00,0,0,0.00,"Clean Transaction"
2024-06-01,2024-06,1106,South,Basic,Active,10.00,10.00,0,0,0.00,"Clean Transaction"
2024-06-01,2024-06,1107,South,Basic,Active,10.00,10.00,0,0,0.00,"Clean Transaction"
2024-06-01,2024-06,1108,West,Pro,Active,50.00,50.00,0,0,0.00,"Clean Transaction"
2024-06-01,2024-06,1109,South,Pro,Active,50.00,50.00,0,0,0.00,"Clean Transaction"
2024-06-01,2024-06,1110,East,Basic,Active,10.00,10.00,0,0,0.00,"Clean Transaction"
2024-06-01,2024-06,1111,West,Enterprise,Active,200.00,190.34,0,0,9.66,"Partial Payment"
2024-06-01,2024-06,1112,East,Enterprise,Active,200.00,200.00,0,0,0.00,"Clean Transaction"
2024-06-01,2024-06,1113,West,Basic,Active,10.00,10.00,0,0,0.00,"Clean Transaction"
2024-06-01,2024-06,1114,South,Basic,Active,10.00,10.00,0,0,0.00,"Clean Transaction"
2024-06-01,2024-06,1116,West,Enterprise,Active,200.00,200.00,0,0,0.00,"Clean Transaction"
2024-06-01,2024-06,1117,North,Pro,Active,50.00,50.00,0,0,0.00,"Clean Transaction"
2024-06-01,2024-06,1118,South,Enterprise,Active,200.00,200.00,0,0,0.00,"Clean Transaction"
2024-06-01,2024-06,1119,West,Pro,Active,50.00,50.00,0,0,0.00,"Clean Transaction"
2024-06-01,2024-06,1121,West,Enterprise,Active,200.00,200.00,0,0,0.00,"Clean Transaction"
2024-06-01,2024-06,1122,North,Basic,Active,10.00,10.00,0,0,0.00,"Clean Transaction"
2024-06-01,2024-06,1123,South,Enterprise,Active,200.00,200.00,0,0,0.00,"Clean Transaction"
2024-06-01,2024-06,1125,North,Pro,Active,50.00,50.00,0,0,0.00,"Clean Transaction"
2024-06-01,2024-06,1126,West,Basic,Active,10.00,10.00,0,0,0.00,"Clean Transaction"
2024-06-01,2024-06,1127,South,Pro,Active,50.00,50.00,0,0,0.00,"Clean Transaction"
2024-06-01,2024-06,1128,North,Enterprise,Active,200.00,200.00,0,0,0.00,"Clean Transaction"
2024-06-01,2024-06,1129,West,Basic,Active,10.00,10.00,0,0,0.00,"Clean Transaction"
2024-06-01,2024-06,1130,West,Pro,Cancelled,50.00,50.00,0,0,0.00,"Clean Transaction"
2024-06-01,2024-06,1131,West,Pro,Active,50.00,50.00,0,0,0.00,"Clean Transaction"
2024-06-01,2024-06,1132,North,Pro,Active,50.00,50.00,0,0,0.00,"Clean Transaction"
2024-06-01,2024-06,1133,North,Enterprise,Active,200.00,200.00,0,0,0.00,"Clean Transaction"
2024-06-01,2024-06,1134,North,Enterprise,Active,200.00,200.00,0,0,0.00,"Clean Transaction"
2024-06-01,2024-06,1135,East,Enterprise,Active,200.00,200.00,0,0,0.00,"Clean Transaction"
2024-06-01,2024-06,1136,North,Basic,Active,10.00,10.00,0,0,0.00,"Clean Transaction"
2024-06-01,2024-06,1137,North,Basic,Active,10.00,10.00,0,0,0.00,"Clean Transaction"
2024-06-01,2024-06,1138,North,Enterprise,Active,200.00,200.00,0,0,0.00,"Clean Transaction"
2024-06-01,2024-06,1139,East,Pro,Active,50.00,50.00,0,0,0.00,"Clean Transaction"
2024-06-01,2024-06,1140,North,Basic,Active,10.00,10.00,0,0,0.00,"Clean Transaction"
2024-06-01,2024-06,1141,West,Pro,Active,50.00,50.00,0,0,0.00,"Clean Transaction"
2024-06-01,2024-06,1142,North,Basic,Cancelled,10.00,10.00,0,0,0.00,"Clean Transaction"
2024-06-01,2024-06,1143,West,Basic,Active,10.00,10.00,0,0,0.00,"Clean Transaction"
2024-06-01,2024-06,1144,West,Enterprise,Active,200.00,200.00,0,0,0.00,"Clean Transaction"
2024-06-01,2024-06,1145,West,Basic,Active,10.00,10.00,0,0,0.00,"Clean Transaction"
2024-06-01,2024-06,1146,East,Enterprise,Cancelled,200.00,200.00,0,0,0.00,"Clean Transaction"
2024-06-01,2024-06,1147,East,Enterprise,Active,200.00,200.00,0,0,0.00,"Clean Transaction"
2024-06-01,2024-06,1148,East,Pro,Active,50.00,50.00,0,0,0.00,"Clean Transaction"
2024-06-01,2024-06,1149,North,Pro,Active,50.00,47.75,0,0,2.25,"Partial Payment"
2024-06-01,2024-06,1150,West,Basic,Active,10.00,10.00,0,0,0.00,"Clean Transaction"
2024-06-01,2024-06,1151,East,Pro,Active,50.00,50.00,0,0,0.00,"Clean Transaction"
2024-06-01,2024-06,1152,East,Pro,Active,50.00,50.00,0,0,0.00,"Clean Transaction"
2024-06-01,2024-06,1153,North,Enterprise,Active,200.00,200.00,0,0,0.00,"Clean Transaction"
2024-06-01,2024-06,1154,East,Enterprise,Active,200.00,200.00,0,0,0.00,"Clean Transaction"
2024-06-01,2024-06,1155,North,Basic,Active,10.00,10.00,0,0,0.00,"Clean Transaction"
2024-06-01,2024-06,1156,South,Pro,Active,50.00,50.00,0,0,0.00,"Clean Transaction"
2024-06-01,2024-06,1157,East,Enterprise,Active,200.00,0.00,1,0,200.00,"Unpaid Invoice"
2024-06-01,2024-06,1158,South,Pro,Active,50.00,50.00,0,0,0.00,"Clean Transaction"
2024-06-01,2024-06,1159,North,Pro,Active,50.00,0.00,1,0,50.00,"Unpaid Invoice"
2024-06-01,2024-06,1161,East,Enterprise,Active,200.00,200.00,0,0,0.00,"Clean Transaction"
2024-06-01,2024-06,1162,North,Basic,Active,10.00,10.00,0,0,0.00,"Clean Transaction"
2024-06-01,2024-06,1163,West,Basic,Active,10.00,10.00,0,0,0.00,"Clean Transaction"
2024-06-01,2024-06,1164,West,Pro,Active,50.00,50.00,0,0,0.00,"Clean Transaction"
2024-06-01,2024-06,1165,South,Basic,Active,10.00,10.00,0,0,0.00,"Clean Transaction"
2024-06-01,2024-06,1166,North,Pro,Active,50.00,50.00,0,0,0.00,"Clean Transaction"
2024-06-01,2024-06,1168,East,Pro,Active,50.00,50.00,0,0,0.00,"Clean Transaction"
2024-06-01,2024-06,1169,East,Pro,Active,50.00,50.00,0,0,0.00,"Clean Transaction"
2024-06-01,2024-06,1170,South,Pro,Active,50.00,50.00,0,0,0.00,"Clean Transaction"
2024-06-01,2024-06,1171,West,Pro,Active,50.00,0.00,1,0,50.00,"Unpaid Invoice"
2024-06-01,2024-06,1172,North,Pro,Active,50.00,50.00,0,0,0.00,"Clean Transaction"
2024-06-01,2024-06,1173,East,Basic,Active,10.00,10.00,0,0,0.00,"Clean Transaction"
2024-06-01,2024-06,1174,West,Basic,Active,10.00,10.00,0,0,0.00,"Clean Transaction"
2024-06-01,2024-06,1175,West,Pro,Active,50.00,50.00,0,0,0.00,"Clean Transaction"
2024-06-01,2024-06,1176,South,Pro,Active,50.00,50.00,0,0,0.00,"Clean Transaction"
2024-06-01,2024-06,1177,East,Pro,Active,50.00,50.00,0,0,0.00,"Clean Transaction"
2024-06-01,2024-06,1178,East,Basic,Active,10.00,10.00,0,0,0.00,"Clean Transaction"
2024-06-01,2024-06,1179,North,Pro,Active,50.00,50.00,0,0,0.00,"Clean Transaction"
2024-06-01,2024-06,1180,East,Basic,Active,10.00,10.00,0,0,0.00,"Clean Transaction"
2024-06-01,2024-06,1181,North,Basic,Active,10.00,10.00,0,0,0.00,"Clean Transaction"
2024-06-01,2024-06,1182,East,Basic,Active,10.00,10.00,0,0,0.00,"Clean Transaction"
2024-06-01,2024-06,1183,South,Pro,Active,50.00,50.00,0,0,0.00,"Clean Transaction"
2024-06-01,2024-06,1184,East,Basic,Active,10.00,10.00,0,0,0.00,"Clean Transaction"
2024-06-01,2024-06,1185,North,Basic,Active,10.00,10.00,0,0,0.00,"Clean Transaction"
2024-06-01,2024-06,1186,North,Pro,Active,50.00,50.00,0,0,0.00,"Clean Transaction"
2024-06-01,2024-06,1187,South,Pro,Active,50.00,50.00,0,0,0.00,"Clean Transaction"
2024-06-01,2024-06,1188,East,Basic,Active,10.00,10.00,0,0,0.00,"Clean Transaction"
2024-06-01,2024-06,1189,East,Basic,Active,10.00,10.00,0,0,0.00,"Clean Transaction"
2024-06-01,2024-06,1190,South,Enterprise,Active,200.00,200.00,0,0,0.00,"Clean Transaction"
2024-06-01,2024-06,1191,East,Enterprise,Active,200.00,200.00,0,0,0.00,"Clean Transaction"
2024-06-01,2024-06,1192,East,Enterprise,Active,200.00,200.00,0,0,0.00,"Clean Transaction"
2024-06-01,2024-06,1193,North,Pro,Active,50.00,50.00,0,0,0.00,"Clean Transaction"
2024-06-01,2024-06,1194,East,Pro,Active,50.00,50.00,0,0,0.00,"Clean Transaction"
2024-06-01,2024-06,1195,East,Enterprise,Active,200.00,200.00,0,0,0.00,"Clean Transaction"
2024-06-01,2024-06,1196,South,Pro,Cancelled,50.00,50.00,0,0,0.00,"Clean Transaction"
2024-06-01,2024-06,1197,South,Basic,Active,10.00,0.00,1,0,10.00,"Unpaid Invoice"
2024-06-01,2024-06,1198,West,Basic,Active,10.00,9.21,0,0,0.79,"Partial Payment"
2024-06-01,2024-06,1199,North,Pro,Active,50.00,50.00,0,0,0.00,"Clean Transaction"
2024-06-01,2024-06,1200,East,Enterprise,Active,200.00,200.00,0,0,0.00,"Clean Transaction"
2024-06-01,2024-06,1201,East,Enterprise,Active,200.00,200.00,0,0,0.00,"Clean Transaction"
2024-06-01,2024-06,1203,East,Basic,Cancelled,10.00,10.00,0,0,0.00,"Clean Transaction"
2024-06-01,2024-06,1204,North,Enterprise,Active,200.00,200.00,0,0,0.00,"Clean Transaction"
2024-06-01,2024-06,1205,West,Pro,Active,50.00,50.00,0,0,0.00,"Clean Transaction"
2024-06-01,2024-06,1206,North,Enterprise,Active,200.00,200.00,0,0,0.00,"Clean Transaction"
2024-06-01,2024-06,1207,West,Basic,Active,10.00,10.00,0,0,0.00,"Clean Transaction"
2024-06-01,2024-06,1208,West,Basic,Active,10.00,10.00,0,0,0.00,"Clean Transaction"
2024-06-01,2024-06,1209,South,Enterprise,Active,200.00,200.00,0,0,0.00,"Clean Transaction"
2024-06-01,2024-06,1210,North,Basic,Active,10.00,10.00,0,0,0.00,"Clean Transaction"
2024-06-01,2024-06,1211,East,Enterprise,Cancelled,200.00,200.00,0,0,0.00,"Clean Transaction"
2024-06-01,2024-06,1212,East,Basic,Active,10.00,10.00,0,0,0.00,"Clean Transaction"
2024-06-01,2024-06,1213,North,Pro,Active,50.00,50.00,0,0,0.00,"Clean Transaction"
2024-06-01,2024-06,1214,East,Basic,Active,10.00,10.00,0,0,0.00,"Clean Transaction"
2024-06-01,2024-06,1215,East,Enterprise,Active,200.00,200.00,0,0,0.00,"Clean Transaction"
2024-06-01,2024-06,1216,North,Pro,Active,50.00,50.00,0,0,0.00,"Clean Transaction"
2024-06-01,2024-06,1217,West,Pro,Active,50.00,50.00,0,0,0.00,"Clean Transaction"
2024-06-01,2024-06,1218,North,Basic,Active,10.00,10.00,0,0,0.00,"Clean Transaction"
2024-06-01,2024-06,1219,West,Enterprise,Active,200.00,200.00,0,0,0.00,"Clean Transaction"
2024-06-01,2024-06,1220,East,Pro,Active,50.00,50.00,0,0,0.00,"Clean Transaction"
2024-06-01,2024-06,1221,East,Pro,Active,50.00,50.00,0,0,0.00,"Clean Transaction"
2024-06-01,2024-06,1222,East,Enterprise,Active,200.00,200.00,0,0,0.00,"Clean Transaction"
2024-06-01,2024-06,1223,South,Basic,Active,10.00,10.00,0,0,0.00,"Clean Transaction"
2024-06-01,2024-06,1224,West,Basic,Active,10.00,10.00,0,0,0.00,"Clean Transaction"
2024-06-01,2024-06,1225,South,Pro,Active,50.00,50.00,0,0,0.00,"Clean Transaction"
2024-06-01,2024-06,1226,South,Pro,Active,50.00,50.00,0,0,0.00,"Clean Transaction"
2024-06-01,2024-06,1227,North,Basic,Cancelled,10.00,10.00,0,0,0.00,"Clean Transaction"
2024-06-01,2024-06,1228,South,Enterprise,Active,200.00,200.00,0,0,0.00,"Clean Transaction"
2024-06-01,2024-06,1230,North,Basic,Cancelled,10.00,10.00,0,0,0.00,"Clean Transaction"
2024-06-01,2024-06,1231,South,Enterprise,Active,200.00,200.00,0,0,0.00,"Clean Transaction"
2024-06-01,2024-06,1232,West,Basic,Active,10.00,10.00,0,0,0.00,"Clean Transaction"
2024-06-01,2024-06,1233,West,Basic,Active,10.00,10.00,0,0,0.00,"Clean Transaction"
2024-06-01,2024-06,1234,West,Pro,Active,50.00,50.00,0,0,0.00,"Clean Transaction"
2024-06-01,2024-06,1235,West,Pro,Active,50.00,50.00,0,0,0.00,"Clean Transaction"
2024-06-01,2024-06,1236,West,Basic,Cancelled,10.00,9.73,0,0,0.27,"Partial Payment"
2024-06-01,2024-06,1237,South,Basic,Active,10.00,10.00,0,0,0.00,"Clean Transaction"
2024-06-01,2024-06,1238,South,Enterprise,Active,200.00,200.00,0,0,0.00,"Clean Transaction"
2024-06-01,2024-06,1239,East,Pro,Active,50.00,45.95,0,0,4.05,"Partial Payment"
2024-06-01,2024-06,1240,West,Enterprise,Active,200.00,200.00,0,0,0.00,"Clean Transaction"
2024-06-01,2024-06,1241,South,Basic,Active,10.00,10.00,0,0,0.00,"Clean Transaction"
2024-06-01,2024-06,1243,West,Enterprise,Active,200.00,200.00,0,0,0.00,"Clean Transaction"
2024-06-01,2024-06,1244,North,Enterprise,Active,200.00,200.00,0,0,0.00,"Clean Transaction"
2024-06-01,2024-06,1245,East,Basic,Active,10.00,10.00,0,0,0.00,"Clean Transaction"
2024-06-01,2024-06,1246,South,Pro,Active,50.00,50.00,0,0,0.00,"Clean Transaction"
2024-06-01,2024-06,1248,North,Pro,Active,50.00,50.00,0,0,0.00,"Clean Transaction"
2024-06-01,2024-06,1249,North,Enterprise,Active,200.00,200.00,0,0,0.00,"Clean Transaction"
2024-06-01,2024-06,1250,East,Basic,Active,10.00,10.00,0,0,0.00,"Clean Transaction"
2024-06-01,2024-06,1251,South,Enterprise,Active,200.00,200.00,0,0,0.00,"Clean Transaction"
2024-06-01,2024-06,1252,North,Basic,Active,10.00,10.00,0,0,0.00,"Clean Transaction"
2024-06-01,2024-06,1253,West,Basic,Active,10.00,10.00,0,0,0.00,"Clean Transaction"
2024-06-01,2024-06,1254,North,Enterprise,Active,200.00,200.00,0,0,0.00,"Clean Transaction"
2024-06-01,2024-06,1255,North,Basic,Active,10.00,10.00,0,0,0.00,"Clean Transaction"
2024-06-01,2024-06,1256,East,Pro,Active,50.00,50.00,0,0,0.00,"Clean Transaction"
2024-06-01,2024-06,1257,East,Basic,Active,10.00,10.00,0,0,0.00,"Clean Transaction"
2024-06-01,2024-06,1258,South,Pro,Active,50.00,50.00,0,0,0.00,"Clean Transaction"
2024-06-01,2024-06,1259,West,Enterprise,Active,200.00,200.00,0,0,0.00,"Clean Transaction"
2024-06-01,2024-06,1260,East,Pro,Active,50.00,50.00,0,0,0.00,"Clean Transaction"
2024-06-01,2024-06,1261,North,Basic,Active,10.00,10.00,0,0,0.00,"Clean Transaction"
2024-06-01,2024-06,1262,South,Pro,Cancelled,50.00,50.00,0,0,0.00,"Clean Transaction"
2024-06-01,2024-06,1263,North,Enterprise,Active,200.00,200.00,0,0,0.00,"Clean Transaction"
2024-06-01,2024-06,1264,North,Enterprise,Active,200.00,200.00,0,0,0.00,"Clean Transaction"
2024-06-01,2024-06,1265,East,Enterprise,Active,200.00,200.00,0,0,0.00,"Clean Transaction"
2024-06-01,2024-06,1266,South,Basic,Active,10.00,10.00,0,0,0.00,"Clean Transaction"
2024-06-01,2024-06,1267,West,Basic,Active,10.00,10.00,0,0,0.00,"Clean Transaction"
2024-06-01,2024-06,1268,West,Basic,Active,10.00,10.00,0,0,0.00,"Clean Transaction"
2024-06-01,2024-06,1269,East,Enterprise,Active,200.00,200.00,0,0,0.00,"Clean Transaction"
2024-06-01,2024-06,1270,East,Basic,Active,10.00,10.00,0,0,0.00,"Clean Transaction"
2024-06-01,2024-06,1271,South,Enterprise,Active,200.00,200.00,0,0,0.00,"Clean Transaction"
2024-06-01,2024-06,1272,West,Pro,Active,50.00,50.00,0,0,0.00,"Clean Transaction"
2024-06-01,2024-06,1273,West,Pro,Active,50.00,50.00,0,0,0.00,"Clean Transaction"
2024-06-01,2024-06,1274,West,Pro,Active,50.00,50.00,0,0,0.00,"Clean Transaction"
2024-06-01,2024-06,1275,North,Enterprise,Active,200.00,200.00,0,0,0.00,"Clean Transaction"
2024-06-01,2024-06,1276,West,Basic,Cancelled,10.00,10.00,0,0,0.00,"Clean Transaction"
2024-06-01,2024-06,1277,North,Enterprise,Active,200.00,200.00,0,0,0.00,"Clean Transaction"
2024-06-01,2024-06,1278,South,Pro,Cancelled,50.00,50.00,0,0,0.00,"Clean Transaction"
2024-06-01,2024-06,1279,North,Pro,Active,50.00,50.00,0,0,0.00,"Clean Transaction"
2024-06-01,2024-06,1280,South,Enterprise,Active,200.00,200.00,0,0,0.00,"Clean Transaction"
2024-06-01,2024-06,1282,West,Pro,Active,50.00,50.00,0,0,0.00,"Clean Transaction"
2024-06-01,2024-06,1283,South,Basic,Active,10.00,10.00,0,0,0.00,"Clean Transaction"
2024-06-01,2024-06,1284,East,Pro,Cancelled,50.00,50.00,0,0,0.00,"Clean Transaction"
2024-06-01,2024-06,1285,South,Pro,Cancelled,50.00,50.00,0,0,0.00,"Clean Transaction"
2024-06-01,2024-06,1286,East,Basic,Active,10.00,10.00,0,0,0.00,"Clean Transaction"
2024-06-01,2024-06,1287,North,Basic,Active,10.00,10.00,0,0,0.00,"Clean Transaction"
2024-06-01,2024-06,1289,North,Enterprise,Active,200.00,200.00,0,0,0.00,"Clean Transaction"
2024-06-01,2024-06,1290,West,Basic,Cancelled,10.00,10.00,0,0,0.00,"Clean Transaction"
2024-06-01,2024-06,1291,North,Basic,Active,10.00,10.00,0,0,0.00,"Clean Transaction"
2024-06-01,2024-06,1292,East,Enterprise,Active,200.00,200.00,0,0,0.00,"Clean Transaction"
2024-06-01,2024-06,1293,North,Pro,Active,50.00,50.00,0,0,0.00,"Clean Transaction"
2024-06-01,2024-06,1294,South,Pro,Active,50.00,50.00,0,0,0.00,"Clean Transaction"
2024-06-01,2024-06,1295,South,Basic,Active,10.00,10.00,0,0,0.00,"Clean Transaction"
2024-06-01,2024-06,1296,West,Basic,Active,10.00,10.00,0,0,0.00,"Clean Transaction"
2024-06-01,2024-06,1297,South,Basic,Active,10.00,10.00,0,0,0.00,"Clean Transaction"
2024-06-01,2024-06,1298,East,Basic,Active,10.00,0.00,1,0,10.00,"Unpaid Invoice"
2024-06-01,2024-06,1299,North,Basic,Active,10.00,10.00,0,0,0.00,"Clean Transaction"
2024-06-01,2024-06,1300,West,Enterprise,Active,200.00,200.00,0,0,0.00,"Clean Transaction"
2024-06-01,2024-06,1302,North,Enterprise,Active,200.00,200.00,0,0,0.00,"Clean Transaction"
2024-06-01,2024-06,1303,East,Basic,Active,10.00,10.00,0,0,0.00,"Clean Transaction"
2024-06-01,2024-06,1305,South,Enterprise,Active,200.00,200.00,0,0,0.00,"Clean Transaction"
2024-06-01,2024-06,1306,North,Basic,Active,10.00,10.00,0,0,0.00,"Clean Transaction"
2024-06-01,2024-06,1307,West,Enterprise,Active,200.00,200.00,0,0,0.00,"Clean Transaction"
2024-06-01,2024-06,1308,South,Pro,Active,50.00,50.00,0,0,0.00,"Clean Transaction"
2024-06-01,2024-06,1309,West,Pro,Active,50.00,50.00,0,0,0.00,"Clean Transaction"
2024-06-01,2024-06,1310,South,Basic,Active,10.00,10.00,0,0,0.00,"Clean Transaction"
2024-06-01,2024-06,1311,West,Enterprise,Active,200.00,200.00,0,0,0.00,"Clean Transaction"
2024-06-01,2024-06,1312,East,Enterprise,Active,200.00,200.00,0,0,0.00,"Clean Transaction"
2024-06-01,2024-06,1313,West,Basic,Active,10.00,10.00,0,0,0.00,"Clean Transaction"
2024-06-01,2024-06,1314,East,Pro,Active,50.00,50.00,0,0,0.00,"Clean Transaction"
2024-06-01,2024-06,1315,East,Pro,Active,50.00,50.00,0,0,0.00,"Clean Transaction"
2024-06-01,2024-06,1316,West,Basic,Active,10.00,10.00,0,0,0.00,"Clean Transaction"
2024-06-01,2024-06,1317,East,Enterprise,Active,200.00,200.00,0,0,0.00,"Clean Transaction"
2024-06-01,2024-06,1318,North,Basic,Active,10.00,10.00,0,0,0.00,"Clean Transaction"
2024-06-01,2024-06,1319,East,Pro,Active,50.00,50.00,0,0,0.00,"Clean Transaction"
2024-06-01,2024-06,1320,South,Pro,Cancelled,50.00,50.00,0,0,0.00,"Clean Transaction"
2024-06-01,2024-06,1321,West,Pro,Active,50.00,50.00,0,0,0.00,"Clean Transaction"
2024-06-01,2024-06,1322,North,Pro,Active,50.00,50.00,0,0,0.00,"Clean Transaction"
2024-06-01,2024-06,1324,South,Enterprise,Active,200.00,200.00,0,0,0.00,"Clean Transaction"
2024-06-01,2024-06,1325,South,Pro,Active,50.00,50.00,0,0,0.00,"Clean Transaction"
2024-06-01,2024-06,1326,South,Enterprise,Active,200.00,200.00,0,0,0.00,"Clean Transaction"
2024-06-01,2024-06,1327,East,Enterprise,Active,200.00,200.00,0,0,0.00,"Clean Transaction"
2024-06-01,2024-06,1328,East,Pro,Active,50.00,50.00,0,0,0.00,"Clean Transaction"
2024-06-01,2024-06,1329,West,Enterprise,Active,200.00,200.00,0,0,0.00,"Clean Transaction"
2024-06-01,2024-06,1330,West,Pro,Active,50.00,50.00,0,0,0.00,"Clean Transaction"
2024-06-01,2024-06,1331,North,Pro,Active,50.00,50.00,0,0,0.00,"Clean Transaction"
2024-06-01,2024-06,1334,East,Enterprise,Active,200.00,200.00,0,0,0.00,"Clean Transaction"
2024-06-01,2024-06,1335,South,Pro,Cancelled,50.00,50.00,0,0,0.00,"Clean Transaction"
2024-06-01,2024-06,1337,North,Basic,Active,10.00,10.00,0,0,0.00,"Clean Transaction"
2024-06-01,2024-06,1338,East,Enterprise,Active,200.00,200.00,0,0,0.00,"Clean Transaction"
2024-06-01,2024-06,1339,West,Basic,Active,10.00,10.00,0,0,0.00,"Clean Transaction"
2024-06-01,2024-06,1340,West,Enterprise,Active,200.00,193.23,0,0,6.77,"Partial Payment"
2024-06-01,2024-06,1341,East,Pro,Cancelled,50.00,50.00,0,0,0.00,"Clean Transaction"
2024-06-01,2024-06,1342,West,Basic,Active,10.00,10.00,0,0,0.00,"Clean Transaction"
2024-06-01,2024-06,1343,East,Pro,Active,50.00,50.00,0,0,0.00,"Clean Transaction"
2024-06-01,2024-06,1345,East,Basic,Active,10.00,10.00,0,0,0.00,"Clean Transaction"
2024-06-01,2024-06,1346,East,Basic,Active,10.00,10.00,0,0,0.00,"Clean Transaction"
2024-06-01,2024-06,1347,East,Pro,Active,50.00,50.00,0,0,0.00,"Clean Transaction"
2024-06-01,2024-06,1348,West,Pro,Active,50.00,50.00,0,0,0.00,"Clean Transaction"
2024-06-01,2024-06,1349,West,Basic,Active,10.00,10.00,0,0,0.00,"Clean Transaction"
2024-06-01,2024-06,1350,East,Pro,Cancelled,50.00,50.00,0,0,0.00,"Clean Transaction"
2024-06-01,2024-06,1351,West,Pro,Active,50.00,50.00,0,0,0.00,"Clean Transaction"
2024-06-01,2024-06,1352,North,Enterprise,Active,200.00,200.00,0,0,0.00,"Clean Transaction"
2024-06-01,2024-06,1353,North,Enterprise,Active,200.00,200.00,0,0,0.00,"Clean Transaction"
2024-06-01,2024-06,1354,West,Basic,Active,10.00,10.00,0,0,0.00,"Clean Transaction"
2024-06-01,2024-06,1355,West,Pro,Active,50.00,50.00,0,0,0.00,"Clean Transaction"
2024-06-01,2024-06,1356,East,Pro,Active,50.00,50.00,0,0,0.00,"Clean Transaction"
2024-06-01,2024-06,1357,South,Basic,Active,10.00,10.00,0,0,0.00,"Clean Transaction"
2024-06-01,2024-06,1358,West,Basic,Active,10.00,10.00,0,0,0.00,"Clean Transaction"
2024-06-01,2024-06,1359,North,Enterprise,Active,200.00,200.00,0,0,0.00,"Clean Transaction"
2024-06-01,2024-06,1360,East,Pro,Active,50.00,50.00,0,0,0.00,"Clean Transaction"
2024-06-01,2024-06,1361,West,Basic,Active,10.00,10.00,0,0,0.00,"Clean Transaction"
2024-06-01,2024-06,1362,North,Basic,Active,10.00,9.54,0,0,0.46,"Partial Payment"
2024-06-01,2024-06,1363,North,Basic,Active,10.00,10.00,0,0,0.00,"Clean Transaction"
2024-06-01,2024-06,1364,South,Pro,Active,50.00,0.00,1,0,50.00,"Unpaid Invoice"
2024-06-01,2024-06,1365,East,Pro,Active,50.00,50.00,0,0,0.00,"Clean Transaction"
2024-06-01,2024-06,1366,East,Pro,Active,50.00,50.00,0,0,0.00,"Clean Transaction"
2024-06-01,2024-06,1367,South,Enterprise,Active,200.00,200.00,0,0,0.00,"Clean Transaction"
2024-06-01,2024-06,1368,South,Pro,Active,50.00,50.00,0,0,0.00,"Clean Transaction"
2024-06-01,2024-06,1369,East,Basic,Cancelled,10.00,10.00,0,0,0.00,"Clean Transaction"
2024-06-01,2024-06,1370,East,Basic,Active,10.00,10.00,0,0,0.00,"Clean Transaction"
2024-06-01,2024-06,1371,West,Enterprise,Active,200.00,200.00,0,0,0.00,"Clean Transaction"
2024-06-01,2024-06,1372,West,Pro,Active,50.00,50.00,0,0,0.00,"Clean Transaction"
2024-06-01,2024-06,1373,South,Pro,Cancelled,50.00,50.00,0,0,0.00,"Clean Transaction"
2024-06-01,2024-06,1374,West,Pro,Active,50.00,50.00,0,0,0.00,"Clean Transaction"
2024-06-01,2024-06,1375,North,Basic,Active,10.00,10.00,0,0,0.00,"Clean Transaction"
2024-06-01,2024-06,1376,West,Pro,Active,50.00,48.24,0,0,1.76,"Partial Payment"
2024-06-01,2024-06,1377,West,Basic,Active,10.00,9.84,0,0,0.16,"Partial Payment"
2024-06-01,2024-06,1378,North,Enterprise,Active,200.00,200.00,0,0,0.00,"Clean Transaction"
2024-06-01,2024-06,1379,South,Pro,Active,50.00,50.00,0,0,0.00,"Clean Transaction"
2024-06-01,2024-06,1380,North,Enterprise,Active,200.00,200.00,0,0,0.00,"Clean Transaction"
2024-06-01,2024-06,1381,West,Pro,Active,50.00,50.00,0,0,0.00,"Clean Transaction"
2024-06-01,2024-06,1382,South,Pro,Cancelled,50.00,50.00,0,0,0.00,"Clean Transaction"
2024-06-01,2024-06,1383,West,Basic,Active,10.00,10.00,0,0,0.00,"Clean Transaction"
2024-06-01,2024-06,1384,North,Basic,Active,10.00,10.00,0,0,0.00,"Clean Transaction"
2024-06-01,2024-06,1385,North,Enterprise,Active,200.00,200.00,0,0,0.00,"Clean Transaction"
2024-06-01,2024-06,1386,West,Basic,Active,10.00,10.00,0,0,0.00,"Clean Transaction"
2024-06-01,2024-06,1387,East,Enterprise,Active,200.00,200.00,0,0,0.00,"Clean Transaction"
2024-06-01,2024-06,1388,East,Basic,Active,10.00,10.00,0,0,0.00,"Clean Transaction"
2024-06-01,2024-06,1389,North,Basic,Active,10.00,10.00,0,0,0.00,"Clean Transaction"
2024-06-01,2024-06,1390,North,Basic,Active,10.00,10.00,0,0,0.00,"Clean Transaction"
2024-06-01,2024-06,1391,East,Pro,Active,50.00,50.00,0,0,0.00,"Clean Transaction"
2024-06-01,2024-06,1392,East,Basic,Active,10.00,10.00,0,0,0.00,"Clean Transaction"
2024-06-01,2024-06,1393,West,Pro,Active,50.00,50.00,0,0,0.00,"Clean Transaction"
2024-06-01,2024-06,1394,West,Basic,Active,10.00,10.00,0,0,0.00,"Clean Transaction"
2024-06-01,2024-06,1395,East,Basic,Active,10.00,10.00,0,0,0.00,"Clean Transaction"
2024-06-01,2024-06,1396,West,Enterprise,Active,200.00,200.00,0,0,0.00,"Clean Transaction"
2024-06-01,2024-06,1397,West,Pro,Active,50.00,50.00,0,0,0.00,"Clean Transaction"
2024-06-01,2024-06,1398,South,Enterprise,Active,200.00,200.00,0,0,0.00,"Clean Transaction"
2024-06-01,2024-06,1399,West,Basic,Active,10.00,10.00,0,0,0.00,"Clean Transaction"
2024-06-01,2024-06,1400,North,Enterprise,Active,200.00,200.00,0,0,0.00,"Clean Transaction"
2024-06-01,2024-06,1401,West,Pro,Active,50.00,50.00,0,0,0.00,"Clean Transaction"
2024-06-01,2024-06,1402,West,Basic,Cancelled,10.00,10.00,0,0,0.00,"Clean Transaction"
2024-06-01,2024-06,1403,East,Enterprise,Active,200.00,200.00,0,0,0.00,"Clean Transaction"
2024-06-01,2024-06,1404,North,Basic,Active,10.00,10.00,0,0,0.00,"Clean Transaction"
2024-06-01,2024-06,1405,West,Pro,Active,50.00,50.00,0,0,0.00,"Clean Transaction"
2024-06-01,2024-06,1406,West,Pro,Active,50.00,50.00,0,0,0.00,"Clean Transaction"
2024-06-01,2024-06,1407,South,Pro,Active,50.00,50.00,0,0,0.00,"Clean Transaction"
2024-06-01,2024-06,1408,West,Basic,Active,10.00,10.00,0,0,0.00,"Clean Transaction"
2024-06-01,2024-06,1409,West,Basic,Active,10.00,10.00,0,0,0.00,"Clean Transaction"
2024-06-01,2024-06,1410,South,Enterprise,Active,200.00,200.00,0,0,0.00,"Clean Transaction"
2024-06-01,2024-06,1411,East,Pro,Active,50.00,50.00,0,0,0.00,"Clean Transaction"
2024-06-01,2024-06,1412,West,Enterprise,Active,200.00,200.00,0,0,0.00,"Clean Transaction"
2024-06-01,2024-06,1413,South,Enterprise,Active,200.00,200.00,0,0,0.00,"Clean Transaction"
2024-06-01,2024-06,1414,North,Enterprise,Active,200.00,200.00,0,0,0.00,"Clean Transaction"
2024-06-01,2024-06,1415,East,Basic,Cancelled,10.00,10.00,0,0,0.00,"Clean Transaction"
2024-06-01,2024-06,1416,North,Pro,Active,50.00,50.00,0,0,0.00,"Clean Transaction"
2024-06-01,2024-06,1417,North,Enterprise,Active,200.00,200.00,0,0,0.00,"Clean Transaction"
2024-06-01,2024-06,1418,South,Enterprise,Active,200.00,200.00,0,0,0.00,"Clean Transaction"
2024-06-01,2024-06,1419,West,Pro,Active,50.00,50.00,0,0,0.00,"Clean Transaction"
2024-06-01,2024-06,1420,South,Basic,Active,10.00,10.00,0,0,0.00,"Clean Transaction"
2024-06-01,2024-06,1421,South,Pro,Active,50.00,50.00,0,0,0.00,"Clean Transaction"
2024-06-01,2024-06,1422,South,Pro,Active,50.00,50.00,0,0,0.00,"Clean Transaction"
2024-06-01,2024-06,1423,South,Enterprise,Active,200.00,200.00,0,0,0.00,"Clean Transaction"
2024-06-01,2024-06,1424,East,Basic,Active,10.00,10.00,0,0,0.00,"Clean Transaction"
2024-06-01,2024-06,1425,West,Pro,Active,50.00,50.00,0,0,0.00,"Clean Transaction"
2024-06-01,2024-06,1426,North,Basic,Active,10.00,9.55,0,0,0.45,"Partial Payment"
2024-06-01,2024-06,1427,North,Basic,Active,10.00,10.00,0,0,0.00,"Clean Transaction"
2024-06-01,2024-06,1428,West,Basic,Active,10.00,10.00,0,0,0.00,"Clean Transaction"
2024-06-01,2024-06,1429,North,Pro,Active,50.00,50.00,0,0,0.00,"Clean Transaction"
2024-06-01,2024-06,1430,West,Pro,Active,50.00,50.00,0,0,0.00,"Clean Transaction"
2024-06-01,2024-06,1431,North,Basic,Active,10.00,10.00,0,0,0.00,"Clean Transaction"
2024-06-01,2024-06,1432,South,Pro,Active,50.00,50.00,0,0,0.00,"Clean Transaction"
2024-06-01,2024-06,1433,North,Enterprise,Active,200.00,200.00,0,0,0.00,"Clean Transaction"
2024-06-01,2024-06,1434,West,Enterprise,Active,200.00,200.00,0,0,0.00,"Clean Transaction"
2024-06-01,2024-06,1435,West,Enterprise,Active,200.00,200.00,0,0,0.00,"Clean Transaction"
2024-06-01,2024-06,1436,West,Basic,Active,10.00,10.00,0,0,0.00,"Clean Transaction"
2024-06-01,2024-06,1437,West,Basic,Active,10.00,10.00,0,0,0.00,"Clean Transaction"
2024-06-01,2024-06,1438,West,Pro,Active,50.00,50.00,0,0,0.00,"Clean Transaction"
2024-06-01,2024-06,1439,East,Enterprise,Active,200.00,200.00,0,0,0.00,"Clean Transaction"
2024-06-01,2024-06,1440,East,Pro,Active,50.00,50.00,0,0,0.00,"Clean Transaction"
2024-06-01,2024-06,1441,North,Basic,Active,10.00,10.00,0,0,0.00,"Clean Transaction"
2024-06-01,2024-06,1442,West,Enterprise,Active,200.00,200.00,0,0,0.00,"Clean Transaction"
2024-06-01,2024-06,1443,North,Enterprise,Active,200.00,200.00,0,0,0.00,"Clean Transaction"
2024-06-01,2024-06,1444,West,Enterprise,Active,200.00,200.00,0,0,0.00,"Clean Transaction"
2024-06-01,2024-06,1445,West,Pro,Active,50.00,50.00,0,0,0.00,"Clean Transaction"
2024-06-01,2024-06,1446,East,Pro,Active,50.00,50.00,0,0,0.00,"Clean Transaction"
2024-06-01,2024-06,1447,East,Basic,Active,10.00,10.00,0,0,0.00,"Clean Transaction"
2024-06-01,2024-06,1449,East,Enterprise,Active,200.00,200.00,0,0,0.00,"Clean Transaction"
2024-06-01,2024-06,1450,South,Basic,Active,10.00,10.00,0,0,0.00,"Clean Transaction"
2024-06-01,2024-06,1451,South,Basic,Active,10.00,10.00,0,0,0.00,"Clean Transaction"
2024-06-01,2024-06,1452,South,Basic,Active,10.00,10.00,0,0,0.00,"Clean Transaction"
2024-06-01,2024-06,1453,South,Enterprise,Active,200.00,200.00,0,0,0.00,"Clean Transaction"
2024-06-01,2024-06,1454,South,Pro,Active,50.00,50.00,0,0,0.00,"Clean Transaction"
2024-06-01,2024-06,1455,North,Pro,Active,50.00,50.00,0,0,0.00,"Clean Transaction"
2024-06-01,2024-06,1456,East,Pro,Active,50.00,50.00,0,0,0.00,"Clean Transaction"
2024-06-01,2024-06,1457,South,Pro,Active,50.00,50.00,0,0,0.00,"Clean Transaction"
2024-06-01,2024-06,1458,West,Basic,Active,10.00,10.00,0,0,0.00,"Clean Transaction"
2024-06-01,2024-06,1459,East,Basic,Active,10.00,10.00,0,0,0.00,"Clean Transaction"
2024-06-01,2024-06,1460,East,Pro,Active,50.00,50.00,0,0,0.00,"Clean Transaction"
2024-06-01,2024-06,1461,South,Basic,Active,10.00,10.00,0,0,0.00,"Clean Transaction"
2024-06-01,2024-06,1462,North,Enterprise,Active,200.00,200.00,0,0,0.00,"Clean Transaction"
2024-06-01,2024-06,1463,South,Enterprise,Active,200.00,200.00,0,0,0.00,"Clean Transaction"
2024-06-01,2024-06,1464,North,Pro,Active,50.00,50.00,0,0,0.00,"Clean Transaction"
2024-06-01,2024-06,1465,West,Basic,Active,10.00,10.00,0,0,0.00,"Clean Transaction"
2024-06-01,2024-06,1466,East,Pro,Active,50.00,50.00,0,0,0.00,"Clean Transaction"
2024-06-01,2024-06,1468,North,Pro,Active,50.00,50.00,0,0,0.00,"Clean Transaction"
2024-06-01,2024-06,1469,North,Pro,Cancelled,50.00,50.00,0,0,0.00,"Clean Transaction"
2024-06-01,2024-06,1470,West,Pro,Active,50.00,50.00,0,0,0.00,"Clean Transaction"
2024-06-01,2024-06,1471,North,Pro,Active,50.00,50.00,0,0,0.00,"Clean Transaction"
2024-06-01,2024-06,1472,West,Pro,Active,50.00,50.00,0,0,0.00,"Clean Transaction"
2024-06-01,2024-06,1473,East,Pro,Active,50.00,50.00,0,0,0.00,"Clean Transaction"
2024-06-01,2024-06,1474,West,Basic,Active,10.00,10.00,0,0,0.00,"Clean Transaction"
2024-06-01,2024-06,1475,East,Enterprise,Active,200.00,200.00,0,0,0.00,"Clean Transaction"
2024-06-01,2024-06,1476,West,Pro,Active,50.00,50.00,0,0,0.00,"Clean Transaction"
2024-06-01,2024-06,1477,North,Pro,Active,50.00,50.00,0,0,0.00,"Clean Transaction"
2024-06-01,2024-06,1478,West,Enterprise,Active,200.00,200.00,0,0,0.00,"Clean Transaction"
2024-06-01,2024-06,1479,North,Basic,Active,10.00,10.00,0,0,0.00,"Clean Transaction"
2024-06-01,2024-06,1480,West,Pro,Active,50.00,50.00,0,0,0.00,"Clean Transaction"
2024-06-01,2024-06,1481,West,Pro,Active,50.00,50.00,0,0,0.00,"Clean Transaction"
2024-06-01,2024-06,1482,South,Basic,Active,10.00,10.00,0,0,0.00,"Clean Transaction"
2024-06-01,2024-06,1483,North,Enterprise,Active,200.00,200.00,0,0,0.00,"Clean Transaction"
2024-06-01,2024-06,1484,South,Pro,Active,50.00,50.00,0,0,0.00,"Clean Transaction"
2024-06-01,2024-06,1485,North,Enterprise,Active,200.00,200.00,0,0,0.00,"Clean Transaction"
2024-06-01,2024-06,1486,South,Pro,Active,50.00,50.00,0,0,0.00,"Clean Transaction"
2024-06-01,2024-06,1487,East,Basic,Active,10.00,10.00,0,0,0.00,"Clean Transaction"
2024-06-01,2024-06,1488,West,Basic,Active,10.00,10.00,0,0,0.00,"Clean Transaction"
2024-06-01,2024-06,1489,North,Pro,Active,50.00,50.00,0,0,0.00,"Clean Transaction"
2024-06-01,2024-06,1490,North,Basic,Active,10.00,10.00,0,0,0.00,"Clean Transaction"
2024-06-01,2024-06,1491,West,Enterprise,Active,200.00,200.00,0,0,0.00,"Clean Transaction"
2024-06-01,2024-06,1492,North,Basic,Active,10.00,10.00,0,0,0.00,"Clean Transaction"
2024-06-01,2024-06,1493,North,Basic,Active,10.00,10.00,0,0,0.00,"Clean Transaction"
2024-06-01,2024-06,1494,South,Pro,Active,50.00,50.00,0,0,0.00,"Clean Transaction"
2024-06-01,2024-06,1495,North,Enterprise,Active,200.00,200.00,0,0,0.00,"Clean Transaction"
2024-06-01,2024-06,1496,East,Basic,Active,10.00,10.00,0,0,0.00,"Clean Transaction"
2024-06-01,2024-06,1497,East,Pro,Cancelled,50.00,50.00,0,0,0.00,"Clean Transaction"
2024-06-01,2024-06,1498,West,Basic,Active,10.00,9.72,0,0,0.28,"Partial Payment"
2024-06-01,2024-06,1499,North,Basic,Active,10.00,10.00,0,0,0.00,"Clean Transaction"
2024-06-01,2024-06,1500,West,Basic,Active,10.00,10.00,0,0,0.00,"Clean Transaction"
2024-06-01,2024-06,1501,East,Enterprise,Active,200.00,200.00,0,0,0.00,"Clean Transaction"
2024-06-01,2024-06,1502,North,Enterprise,Active,200.00,200.00,0,0,0.00,"Clean Transaction"
2024-06-01,2024-06,1503,North,Enterprise,Active,200.00,200.00,0,0,0.00,"Clean Transaction"
2024-06-01,2024-06,1504,West,Pro,Active,50.00,50.00,0,0,0.00,"Clean Transaction"
2024-06-01,2024-06,1505,East,Basic,Active,10.00,10.00,0,0,0.00,"Clean Transaction"
2024-06-01,2024-06,1506,North,Enterprise,Active,200.00,0.00,1,0,200.00,"Unpaid Invoice"
2024-06-01,2024-06,1507,West,Basic,Active,10.00,10.00,0,0,0.00,"Clean Transaction"
2024-06-01,2024-06,1508,East,Basic,Active,10.00,10.00,0,0,0.00,"Clean Transaction"
2024-06-01,2024-06,1509,West,Enterprise,Active,200.00,200.00,0,0,0.00,"Clean Transaction"
2024-06-01,2024-06,1510,South,Pro,Active,50.00,50.00,0,0,0.00,"Clean Transaction"
2024-06-01,2024-06,1511,North,Basic,Active,10.00,10.00,0,0,0.00,"Clean Transaction"
2024-06-01,2024-06,1512,South,Basic,Cancelled,10.00,10.00,0,0,0.00,"Clean Transaction"
2024-06-01,2024-06,1514,South,Basic,Active,10.00,10.00,0,0,0.00,"Clean Transaction"
2024-06-01,2024-06,1515,South,Pro,Active,50.00,50.00,0,0,0.00,"Clean Transaction"
2024-06-01,2024-06,1516,East,Basic,Active,10.00,0.00,1,0,10.00,"Unpaid Invoice"
2024-06-01,2024-06,1517,West,Pro,Active,50.00,50.00,0,0,0.00,"Clean Transaction"
2024-06-01,2024-06,1518,South,Basic,Active,10.00,10.00,0,0,0.00,"Clean Transaction"
2024-06-01,2024-06,1519,West,Basic,Active,10.00,9.46,0,0,0.54,"Partial Payment"
2024-06-01,2024-06,1520,South,Basic,Active,10.00,10.00,0,0,0.00,"Clean Transaction"
2024-06-01,2024-06,1521,West,Pro,Active,50.00,50.00,0,0,0.00,"Clean Transaction"
2024-06-01,2024-06,1522,East,Enterprise,Active,200.00,200.00,0,0,0.00,"Clean Transaction"
2024-06-01,2024-06,1523,South,Basic,Active,10.00,10.00,0,0,0.00,"Clean Transaction"
2024-06-01,2024-06,1524,East,Basic,Active,10.00,10.00,0,0,0.00,"Clean Transaction"
2024-06-01,2024-06,1525,South,Basic,Active,10.00,10.00,0,0,0.00,"Clean Transaction"
2024-06-01,2024-06,1527,East,Enterprise,Active,200.00,200.00,0,0,0.00,"Clean Transaction"
2024-06-01,2024-06,1528,South,Basic,Cancelled,10.00,10.00,0,0,0.00,"Clean Transaction"
2024-06-01,2024-06,1529,South,Pro,Active,50.00,50.00,0,0,0.00,"Clean Transaction"
2024-06-01,2024-06,1530,South,Enterprise,Active,200.00,200.00,0,0,0.00,"Clean Transaction"
2024-06-01,2024-06,1531,North,Enterprise,Active,200.00,200.00,0,0,0.00,"Clean Transaction"
2024-06-01,2024-06,1532,West,Basic,Active,10.00,10.00,0,0,0.00,"Clean Transaction"
2024-06-01,2024-06,1534,North,Basic,Cancelled,10.00,10.00,0,0,0.00,"Clean Transaction"
2024-06-01,2024-06,1535,East,Basic,Active,10.00,10.00,0,0,0.00,"Clean Transaction"
2024-06-01,2024-06,1536,South,Pro,Active,50.00,50.00,0,0,0.00,"Clean Transaction"
2024-06-01,2024-06,1537,West,Pro,Active,50.00,50.00,0,0,0.00,"Clean Transaction"
2024-06-01,2024-06,1538,East,Pro,Active,50.00,50.00,0,0,0.00,"Clean Transaction"
2024-06-01,2024-06,1539,North,Basic,Cancelled,10.00,10.00,0,0,0.00,"Clean Transaction"
2024-06-01,2024-06,1540,South,Pro,Active,50.00,50.00,0,0,0.00,"Clean Transaction"
2024-06-01,2024-06,1541,East,Enterprise,Active,200.00,200.00,0,0,0.00,"Clean Transaction"
2024-06-01,2024-06,1542,South,Pro,Active,50.00,50.00,0,0,0.00,"Clean Transaction"
2024-06-01,2024-06,1543,East,Pro,Cancelled,50.00,0.00,1,0,50.00,"Unpaid Invoice"
2024-06-01,2024-06,1544,South,Pro,Cancelled,50.00,50.00,0,0,0.00,"Clean Transaction"
2024-06-01,2024-06,1545,North,Pro,Active,50.00,50.00,0,0,0.00,"Clean Transaction"
2024-06-01,2024-06,1546,West,Enterprise,Active,200.00,200.00,0,0,0.00,"Clean Transaction"
2024-06-01,2024-06,1548,West,Basic,Active,10.00,10.00,0,0,0.00,"Clean Transaction"
2024-06-01,2024-06,1549,South,Pro,Active,50.00,50.00,0,0,0.00,"Clean Transaction"
2024-06-01,2024-06,1550,East,Pro,Active,50.00,50.00,0,0,0.00,"Clean Transaction"
2024-06-01,2024-06,1551,North,Enterprise,Active,200.00,200.00,0,0,0.00,"Clean Transaction"
2024-06-01,2024-06,1552,West,Pro,Cancelled,50.00,50.00,0,0,0.00,"Clean Transaction"
2024-06-01,2024-06,1553,North,Pro,Active,50.00,50.00,0,0,0.00,"Clean Transaction"
2024-06-01,2024-06,1554,West,Basic,Active,10.00,10.00,0,0,0.00,"Clean Transaction"
2024-06-01,2024-06,1556,West,Basic,Active,10.00,10.00,0,0,0.00,"Clean Transaction"
2024-06-01,2024-06,1557,West,Basic,Active,10.00,10.00,0,0,0.00,"Clean Transaction"
2024-06-01,2024-06,1558,South,Enterprise,Active,200.00,200.00,0,0,0.00,"Clean Transaction"
2024-06-01,2024-06,1559,West,Basic,Active,10.00,0.00,1,0,10.00,"Unpaid Invoice"
2024-06-01,2024-06,1560,South,Enterprise,Active,200.00,200.00,0,0,0.00,"Clean Transaction"
2024-06-01,2024-06,1561,West,Enterprise,Active,200.00,200.00,0,0,0.00,"Clean Transaction"
2024-06-01,2024-06,1562,East,Basic,Active,10.00,10.00,0,0,0.00,"Clean Transaction"
2024-06-01,2024-06,1563,East,Enterprise,Active,200.00,200.00,0,0,0.00,"Clean Transaction"
2024-06-01,2024-06,1564,East,Pro,Active,50.00,50.00,0,0,0.00,"Clean Transaction"
2024-06-01,2024-06,1565,West,Basic,Active,10.00,10.00,0,0,0.00,"Clean Transaction"
2024-06-01,2024-06,1566,South,Enterprise,Active,200.00,200.00,0,0,0.00,"Clean Transaction"
2024-06-01,2024-06,1567,South,Basic,Active,10.00,10.00,0,0,0.00,"Clean Transaction"
2024-06-01,2024-06,1568,West,Pro,Active,50.00,50.00,0,0,0.00,"Clean Transaction"
2024-06-01,2024-06,1569,East,Pro,Active,50.00,50.00,0,0,0.00,"Clean Transaction"
2024-06-01,2024-06,1570,East,Pro,Active,50.00,50.00,0,0,0.00,"Clean Transaction"
2024-06-01,2024-06,1571,South,Basic,Active,10.00,10.00,0,0,0.00,"Clean Transaction"
2024-06-01,2024-06,1572,East,Enterprise,Active,200.00,200.00,0,0,0.00,"Clean Transaction"
2024-06-01,2024-06,1573,North,Basic,Active,10.00,10.00,0,0,0.00,"Clean Transaction"
2024-06-01,2024-06,1574,South,Basic,Active,10.00,0.00,1,0,10.00,"Unpaid Invoice"
2024-06-01,2024-06,1575,East,Pro,Active,50.00,50.00,0,0,0.00,"Clean Transaction"
2024-06-01,2024-06,1576,South,Pro,Active,50.00,50.00,0,0,0.00,"Clean Transaction"
2024-06-01,2024-06,1577,North,Pro,Cancelled,50.00,50.00,0,0,0.00,"Clean Transaction"
2024-06-01,2024-06,1578,South,Basic,Active,10.00,10.00,0,0,0.00,"Clean Transaction"
2024-06-01,2024-06,1579,South,Basic,Active,10.00,10.00,0,0,0.00,"Clean Transaction"
2024-06-01,2024-06,1580,South,Basic,Active,10.00,10.00,0,0,0.00,"Clean Transaction"
2024-06-01,2024-06,1581,South,Pro,Active,50.00,50.00,0,0,0.00,"Clean Transaction"
2024-06-01,2024-06,1582,North,Pro,Active,50.00,50.00,0,0,0.00,"Clean Transaction"
2024-06-01,2024-06,1583,West,Enterprise,Cancelled,200.00,200.00,0,0,0.00,"Clean Transaction"
2024-06-01,2024-06,1585,South,Enterprise,Active,200.00,200.00,0,0,0.00,"Clean Transaction"
2024-06-01,2024-06,1586,East,Pro,Active,50.00,50.00,0,0,0.00,"Clean Transaction"
2024-06-01,2024-06,1587,South,Basic,Active,10.00,10.00,0,0,0.00,"Clean Transaction"
2024-06-01,2024-06,1588,East,Basic,Active,10.00,10.00,0,0,0.00,"Clean Transaction"
2024-06-01,2024-06,1589,West,Enterprise,Active,200.00,200.00,0,0,0.00,"Clean Transaction"
2024-06-01,2024-06,1590,North,Basic,Active,10.00,10.00,0,0,0.00,"Clean Transaction"
2024-06-01,2024-06,1591,North,Enterprise,Active,200.00,200.00,0,0,0.00,"Clean Transaction"
2024-06-01,2024-06,1592,West,Pro,Active,50.00,50.00,0,0,0.00,"Clean Transaction"
2024-06-01,2024-06,1593,North,Basic,Active,10.00,10.00,0,0,0.00,"Clean Transaction"
2024-06-01,2024-06,1594,West,Basic,Active,10.00,10.00,0,0,0.00,"Clean Transaction"
2024-06-01,2024-06,1595,West,Pro,Active,50.00,50.00,0,0,0.00,"Clean Transaction"
2024-06-01,2024-06,1596,West,Pro,Cancelled,50.00,50.00,0,0,0.00,"Clean Transaction"
2024-06-01,2024-06,1597,North,Pro,Active,50.00,50.00,0,0,0.00,"Clean Transaction"
2024-06-01,2024-06,1598,East,Enterprise,Active,200.00,200.00,0,0,0.00,"Clean Transaction"
2024-06-01,2024-06,1599,West,Basic,Active,10.00,10.00,0,0,0.00,"Clean Transaction"
2024-06-01,2024-06,1600,South,Basic,Active,10.00,10.00,0,0,0.00,"Clean Transaction"
2024-06-01,2024-06,1601,North,Pro,Active,50.00,50.00,0,0,0.00,"Clean Transaction"
2024-06-01,2024-06,1602,West,Basic,Active,10.00,10.00,0,0,0.00,"Clean Transaction"
2024-06-01,2024-06,1603,West,Pro,Cancelled,50.00,50.00,0,0,0.00,"Clean Transaction"
2024-06-01,2024-06,1604,South,Basic,Active,10.00,10.00,0,0,0.00,"Clean Transaction"
2024-06-01,2024-06,1605,East,Basic,Active,10.00,10.00,0,0,0.00,"Clean Transaction"
2024-06-01,2024-06,1607,East,Enterprise,Active,200.00,200.00,0,0,0.00,"Clean Transaction"
2024-06-01,2024-06,1608,West,Pro,Active,50.00,50.00,0,0,0.00,"Clean Transaction"
2024-06-01,2024-06,1609,West,Pro,Active,50.00,50.00,0,0,0.00,"Clean Transaction"
2024-06-01,2024-06,1610,West,Basic,Active,10.00,10.00,0,0,0.00,"Clean Transaction"
2024-06-01,2024-06,1612,South,Basic,Active,10.00,9.37,0,0,0.63,"Partial Payment"
2024-06-01,2024-06,1613,West,Enterprise,Active,200.00,200.00,0,0,0.00,"Clean Transaction"
2024-06-01,2024-06,1614,South,Enterprise,Cancelled,200.00,200.00,0,0,0.00,"Clean Transaction"
2024-06-01,2024-06,1615,South,Enterprise,Active,200.00,200.00,0,0,0.00,"Clean Transaction"
2024-06-01,2024-06,1616,East,Pro,Active,50.00,50.00,0,0,0.00,"Clean Transaction"
2024-06-01,2024-06,1617,North,Basic,Active,10.00,10.00,0,0,0.00,"Clean Transaction"
2024-06-01,2024-06,1618,West,Enterprise,Active,200.00,200.00,0,0,0.00,"Clean Transaction"
2024-06-01,2024-06,1619,East,Basic,Active,10.00,10.00,0,0,0.00,"Clean Transaction"
2024-06-01,2024-06,1620,East,Basic,Active,10.00,10.00,0,0,0.00,"Clean Transaction"
2024-06-01,2024-06,1623,East,Basic,Active,10.00,10.00,0,0,0.00,"Clean Transaction"
2024-06-01,2024-06,1624,South,Pro,Active,50.00,50.00,0,0,0.00,"Clean Transaction"
2024-06-01,2024-06,1626,South,Pro,Active,50.00,50.00,0,0,0.00,"Clean Transaction"
2024-06-01,2024-06,1627,North,Pro,Active,50.00,50.00,0,0,0.00,"Clean Transaction"
2024-06-01,2024-06,1628,South,Basic,Active,10.00,10.00,0,0,0.00,"Clean Transaction"
2024-06-01,2024-06,1629,East,Enterprise,Cancelled,200.00,200.00,0,0,0.00,"Clean Transaction"
2024-06-01,2024-06,1630,East,Enterprise,Active,200.00,200.00,0,0,0.00,"Clean Transaction"
2024-06-01,2024-06,1631,North,Pro,Active,50.00,50.00,0,0,0.00,"Clean Transaction"
2024-06-01,2024-06,1632,West,Basic,Cancelled,10.00,10.00,0,0,0.00,"Clean Transaction"
2024-06-01,2024-06,1633,North,Pro,Active,50.00,50.00,0,0,0.00,"Clean Transaction"
2024-06-01,2024-06,1634,North,Pro,Active,50.00,50.00,0,0,0.00,"Clean Transaction"
2024-06-01,2024-06,1635,South,Basic,Active,10.00,10.00,0,0,0.00,"Clean Transaction"
2024-06-01,2024-06,1636,South,Pro,Active,50.00,50.00,0,0,0.00,"Clean Transaction"
2024-06-01,2024-06,1637,North,Pro,Active,50.00,50.00,0,0,0.00,"Clean Transaction"
2024-06-01,2024-06,1638,East,Pro,Active,50.00,50.00,0,0,0.00,"Clean Transaction"
2024-06-01,2024-06,1639,South,Basic,Active,10.00,10.00,0,0,0.00,"Clean Transaction"
2024-06-01,2024-06,1640,West,Pro,Active,50.00,50.00,0,0,0.00,"Clean Transaction"
2024-06-01,2024-06,1641,South,Basic,Active,10.00,10.00,0,0,0.00,"Clean Transaction"
2024-06-01,2024-06,1642,South,Enterprise,Active,200.00,200.00,0,0,0.00,"Clean Transaction"
2024-06-01,2024-06,1643,West,Pro,Active,50.00,50.00,0,0,0.00,"Clean Transaction"
2024-06-01,2024-06,1644,North,Basic,Active,10.00,10.00,0,0,0.00,"Clean Transaction"
2024-06-01,2024-06,1645,West,Enterprise,Active,200.00,200.00,0,0,0.00,"Clean Transaction"
2024-06-01,2024-06,1646,North,Pro,Active,50.00,50.00,0,0,0.00,"Clean Transaction"
2024-06-01,2024-06,1647,North,Pro,Active,50.00,50.00,0,0,0.00,"Clean Transaction"
2024-06-01,2024-06,1648,North,Enterprise,Active,200.00,200.00,0,0,0.00,"Clean Transaction"
2024-06-01,2024-06,1649,West,Enterprise,Active,200.00,200.00,0,0,0.00,"Clean Transaction"
2024-06-01,2024-06,1650,North,Basic,Active,10.00,10.00,0,0,0.00,"Clean Transaction"
2024-06-01,2024-06,1651,East,Enterprise,Active,200.00,200.00,0,0,0.00,"Clean Transaction"
2024-06-01,2024-06,1652,West,Pro,Active,50.00,50.00,0,0,0.00,"Clean Transaction"
2024-06-01,2024-06,1654,North,Enterprise,Active,200.00,200.00,0,0,0.00,"Clean Transaction"
2024-06-01,2024-06,1655,South,Basic,Active,10.00,10.00,0,0,0.00,"Clean Transaction"
2024-06-01,2024-06,1656,North,Pro,Active,50.00,50.00,0,0,0.00,"Clean Transaction"
2024-06-01,2024-06,1657,East,Pro,Active,50.00,50.00,0,0,0.00,"Clean Transaction"
2024-06-01,2024-06,1658,East,Enterprise,Active,200.00,200.00,0,0,0.00,"Clean Transaction"
2024-06-01,2024-06,1659,West,Basic,Cancelled,10.00,10.00,0,0,0.00,"Clean Transaction"
2024-06-01,2024-06,1660,South,Enterprise,Cancelled,200.00,200.00,0,0,0.00,"Clean Transaction"
2024-06-01,2024-06,1661,West,Pro,Active,50.00,50.00,0,0,0.00,"Clean Transaction"
2024-06-01,2024-06,1662,East,Basic,Active,10.00,10.00,0,0,0.00,"Clean Transaction"
2024-06-01,2024-06,1663,North,Basic,Active,10.00,0.00,1,0,10.00,"Unpaid Invoice"
2024-06-01,2024-06,1664,South,Pro,Active,50.00,50.00,0,0,0.00,"Clean Transaction"
2024-06-01,2024-06,1665,North,Pro,Active,50.00,50.00,0,0,0.00,"Clean Transaction"
2024-06-01,2024-06,1666,North,Enterprise,Active,200.00,200.00,0,0,0.00,"Clean Transaction"
2024-06-01,2024-06,1667,South,Enterprise,Active,200.00,200.00,0,0,0.00,"Clean Transaction"
2024-06-01,2024-06,1668,West,Basic,Active,10.00,10.00,0,0,0.00,"Clean Transaction"
2024-06-01,2024-06,1669,North,Pro,Active,50.00,50.00,0,0,0.00,"Clean Transaction"
2024-06-01,2024-06,1670,East,Enterprise,Active,200.00,200.00,0,0,0.00,"Clean Transaction"
2024-06-01,2024-06,1671,North,Pro,Active,50.00,50.00,0,0,0.00,"Clean Transaction"
2024-06-01,2024-06,1672,South,Enterprise,Active,200.00,200.00,0,0,0.00,"Clean Transaction"
2024-06-01,2024-06,1673,South,Basic,Active,10.00,10.00,0,0,0.00,"Clean Transaction"
2024-06-01,2024-06,1674,South,Pro,Active,50.00,50.00,0,0,0.00,"Clean Transaction"
2024-06-01,2024-06,1675,West,Enterprise,Active,200.00,200.00,0,0,0.00,"Clean Transaction"
2024-06-01,2024-06,1676,North,Pro,Active,50.00,50.00,0,0,0.00,"Clean Transaction"
2024-06-01,2024-06,1677,West,Basic,Active,10.00,10.00,0,0,0.00,"Clean Transaction"
2024-06-01,2024-06,1678,West,Basic,Active,10.00,10.00,0,0,0.00,"Clean Transaction"
2024-06-01,2024-06,1679,South,Basic,Active,10.00,10.00,0,0,0.00,"Clean Transaction"
2024-06-01,2024-06,1680,South,Enterprise,Active,200.00,200.00,0,0,0.00,"Clean Transaction"
2024-06-01,2024-06,1681,West,Pro,Active,50.00,50.00,0,0,0.00,"Clean Transaction"
2024-06-01,2024-06,1682,North,Basic,Active,10.00,10.00,0,0,0.00,"Clean Transaction"
2024-06-01,2024-06,1683,East,Enterprise,Active,200.00,200.00,0,0,0.00,"Clean Transaction"
2024-06-01,2024-06,1684,West,Basic,Active,10.00,10.00,0,0,0.00,"Clean Transaction"
2024-06-01,2024-06,1685,North,Pro,Active,50.00,50.00,0,0,0.00,"Clean Transaction"
2024-06-01,2024-06,1686,South,Basic,Active,10.00,10.00,0,0,0.00,"Clean Transaction"
2024-06-01,2024-06,1687,South,Enterprise,Active,200.00,200.00,0,0,0.00,"Clean Transaction"
2024-06-01,2024-06,1688,North,Basic,Active,10.00,0.00,1,0,10.00,"Unpaid Invoice"
2024-06-01,2024-06,1689,East,Basic,Active,10.00,10.00,0,0,0.00,"Clean Transaction"
2024-06-01,2024-06,1690,South,Enterprise,Active,200.00,200.00,0,0,0.00,"Clean Transaction"
2024-06-01,2024-06,1691,South,Basic,Active,10.00,10.00,0,0,0.00,"Clean Transaction"
2024-06-01,2024-06,1692,South,Basic,Cancelled,10.00,10.00,0,0,0.00,"Clean Transaction"
2024-06-01,2024-06,1693,North,Basic,Active,10.00,10.00,0,0,0.00,"Clean Transaction"
2024-06-01,2024-06,1694,West,Enterprise,Active,200.00,200.00,0,0,0.00,"Clean Transaction"
2024-06-01,2024-06,1695,South,Enterprise,Active,200.00,200.00,0,0,0.00,"Clean Transaction"
2024-06-01,2024-06,1696,West,Pro,Active,50.00,50.00,0,0,0.00,"Clean Transaction"
2024-06-01,2024-06,1697,East,Basic,Active,10.00,10.00,0,0,0.00,"Clean Transaction"
2024-06-01,2024-06,1698,South,Enterprise,Active,200.00,200.00,0,0,0.00,"Clean Transaction"
2024-06-01,2024-06,1699,South,Basic,Active,10.00,10.00,0,0,0.00,"Clean Transaction"
2024-06-01,2024-06,1701,South,Basic,Active,10.00,10.00,0,0,0.00,"Clean Transaction"
2024-06-01,2024-06,1702,West,Basic,Cancelled,10.00,10.00,0,0,0.00,"Clean Transaction"
2024-06-01,2024-06,1703,North,Basic,Active,10.00,10.00,0,0,0.00,"Clean Transaction"
2024-06-01,2024-06,1704,West,Enterprise,Active,200.00,200.00,0,0,0.00,"Clean Transaction"
2024-06-01,2024-06,1705,North,Basic,Active,10.00,10.00,0,0,0.00,"Clean Transaction"
2024-06-01,2024-06,1706,North,Enterprise,Active,200.00,200.00,0,0,0.00,"Clean Transaction"
2024-06-01,2024-06,1707,West,Pro,Active,50.00,50.00,0,0,0.00,"Clean Transaction"
2024-06-01,2024-06,1708,West,Enterprise,Active,200.00,200.00,0,0,0.00,"Clean Transaction"
2024-06-01,2024-06,1709,West,Pro,Active,50.00,50.00,0,0,0.00,"Clean Transaction"
2024-06-01,2024-06,1711,East,Enterprise,Active,200.00,200.00,0,0,0.00,"Clean Transaction"
2024-06-01,2024-06,1712,South,Pro,Active,50.00,50.00,0,0,0.00,"Clean Transaction"
2024-06-01,2024-06,1713,North,Pro,Active,50.00,50.00,0,0,0.00,"Clean Transaction"
2024-06-01,2024-06,1714,West,Pro,Active,50.00,50.00,0,0,0.00,"Clean Transaction"
2024-06-01,2024-06,1716,West,Pro,Active,50.00,50.00,0,0,0.00,"Clean Transaction"
2024-06-01,2024-06,1717,East,Basic,Active,10.00,10.00,0,0,0.00,"Clean Transaction"
2024-06-01,2024-06,1718,West,Pro,Active,50.00,50.00,0,0,0.00,"Clean Transaction"
2024-06-01,2024-06,1719,West,Pro,Active,50.00,0.00,1,0,50.00,"Unpaid Invoice"
2024-06-01,2024-06,1720,West,Basic,Active,10.00,10.00,0,0,0.00,"Clean Transaction"
2024-06-01,2024-06,1721,South,Basic,Active,10.00,10.00,0,0,0.00,"Clean Transaction"
2024-06-01,2024-06,1722,East,Pro,Active,50.00,50.00,0,0,0.00,"Clean Transaction"
2024-06-01,2024-06,1723,West,Enterprise,Cancelled,200.00,200.00,0,0,0.00,"Clean Transaction"
2024-06-01,2024-06,1724,North,Pro,Active,50.00,50.00,0,0,0.00,"Clean Transaction"
2024-06-01,2024-06,1725,North,Pro,Active,50.00,50.00,0,0,0.00,"Clean Transaction"
2024-06-01,2024-06,1726,North,Pro,Active,50.00,50.00,0,0,0.00,"Clean Transaction"
2024-06-01,2024-06,1727,East,Basic,Active,10.00,10.00,0,0,0.00,"Clean Transaction"
2024-06-01,2024-06,1728,East,Basic,Active,10.00,10.00,0,0,0.00,"Clean Transaction"
2024-06-01,2024-06,1729,North,Basic,Active,10.00,10.00,0,0,0.00,"Clean Transaction"
2024-06-01,2024-06,1730,West,Enterprise,Active,200.00,200.00,0,0,0.00,"Clean Transaction"
2024-06-01,2024-06,1731,East,Basic,Active,10.00,10.00,0,0,0.00,"Clean Transaction"
2024-06-01,2024-06,1732,North,Basic,Active,10.00,10.00,0,0,0.00,"Clean Transaction"
2024-06-01,2024-06,1733,North,Basic,Active,10.00,10.00,0,0,0.00,"Clean Transaction"
2024-06-01,2024-06,1734,West,Basic,Active,10.00,10.00,0,0,0.00,"Clean Transaction"
2024-06-01,2024-06,1735,South,Pro,Active,50.00,50.00,0,0,0.00,"Clean Transaction"
2024-06-01,2024-06,1736,East,Enterprise,Cancelled,200.00,200.00,0,0,0.00,"Clean Transaction"
2024-06-01,2024-06,1737,West,Enterprise,Active,200.00,200.00,0,0,0.00,"Clean Transaction"
2024-06-01,2024-06,1738,North,Pro,Active,50.00,48.30,0,0,1.70,"Partial Payment"
2024-06-01,2024-06,1739,North,Pro,Active,50.00,50.00,0,0,0.00,"Clean Transaction"
2024-06-01,2024-06,1740,West,Pro,Active,50.00,50.00,0,0,0.00,"Clean Transaction"
2024-06-01,2024-06,1741,East,Basic,Active,10.00,10.00,0,0,0.00,"Clean Transaction"
2024-06-01,2024-06,1742,South,Basic,Cancelled,10.00,10.00,0,0,0.00,"Clean Transaction"
2024-06-01,2024-06,1743,South,Enterprise,Active,200.00,200.00,0,0,0.00,"Clean Transaction"
2024-06-01,2024-06,1744,North,Enterprise,Active,200.00,200.00,0,0,0.00,"Clean Transaction"
2024-06-01,2024-06,1745,East,Enterprise,Active,200.00,200.00,0,0,0.00,"Clean Transaction"
2024-06-01,2024-06,1746,South,Pro,Active,50.00,50.00,0,0,0.00,"Clean Transaction"
2024-06-01,2024-06,1747,East,Basic,Active,10.00,10.00,0,0,0.00,"Clean Transaction"
2024-06-01,2024-06,1748,East,Pro,Active,50.00,50.00,0,0,0.00,"Clean Transaction"
2024-06-01,2024-06,1749,North,Basic,Active,10.00,10.00,0,0,0.00,"Clean Transaction"
2024-06-01,2024-06,1750,South,Basic,Active,10.00,10.00,0,0,0.00,"Clean Transaction"
2024-06-01,2024-06,1751,West,Pro,Active,50.00,50.00,0,0,0.00,"Clean Transaction"
2024-06-01,2024-06,1752,North,Basic,Active,10.00,10.00,0,0,0.00,"Clean Transaction"
2024-06-01,2024-06,1753,South,Enterprise,Active,200.00,200.00,0,0,0.00,"Clean Transaction"
2024-06-01,2024-06,1754,South,Basic,Active,10.00,10.00,0,0,0.00,"Clean Transaction"
2024-06-01,2024-06,1755,South,Enterprise,Active,200.00,200.00,0,0,0.00,"Clean Transaction"
2024-06-01,2024-06,1756,South,Basic,Active,10.00,10.00,0,0,0.00,"Clean Transaction"
2024-06-01,2024-06,1757,South,Pro,Active,50.00,50.00,0,0,0.00,"Clean Transaction"
2024-06-01,2024-06,1758,East,Enterprise,Active,200.00,200.00,0,0,0.00,"Clean Transaction"
2024-06-01,2024-06,1759,North,Enterprise,Active,200.00,200.00,0,0,0.00,"Clean Transaction"
2024-06-01,2024-06,1760,East,Pro,Cancelled,50.00,50.00,0,0,0.00,"Clean Transaction"
2024-06-01,2024-06,1761,West,Enterprise,Active,200.00,200.00,0,0,0.00,"Clean Transaction"
2024-06-01,2024-06,1762,South,Basic,Active,10.00,10.00,0,0,0.00,"Clean Transaction"
2024-06-01,2024-06,1763,North,Basic,Active,10.00,10.00,0,0,0.00,"Clean Transaction"
2024-06-01,2024-06,1764,South,Enterprise,Active,200.00,200.00,0,0,0.00,"Clean Transaction"
2024-06-01,2024-06,1765,North,Pro,Active,50.00,50.00,0,0,0.00,"Clean Transaction"
2024-06-01,2024-06,1766,East,Enterprise,Active,200.00,200.00,0,0,0.00,"Clean Transaction"
2024-06-01,2024-06,1767,North,Basic,Active,10.00,10.00,0,0,0.00,"Clean Transaction"
2024-06-01,2024-06,1768,West,Pro,Active,50.00,50.00,0,0,0.00,"Clean Transaction"
2024-06-01,2024-06,1769,West,Pro,Active,50.00,0.00,1,0,50.00,"Unpaid Invoice"
2024-06-01,2024-06,1770,North,Basic,Active,10.00,10.00,0,0,0.00,"Clean Transaction"
2024-06-01,2024-06,1771,North,Enterprise,Active,200.00,200.00,0,0,0.00,"Clean Transaction"
2024-06-01,2024-06,1772,North,Pro,Active,50.00,50.00,0,0,0.00,"Clean Transaction"
2024-06-01,2024-06,1773,North,Enterprise,Active,200.00,200.00,0,0,0.00,"Clean Transaction"
2024-06-01,2024-06,1774,West,Enterprise,Active,200.00,200.00,0,0,0.00,"Clean Transaction"
2024-06-01,2024-06,1775,South,Enterprise,Active,200.00,200.00,0,0,0.00,"Clean Transaction"
2024-06-01,2024-06,1776,North,Basic,Active,10.00,10.00,0,0,0.00,"Clean Transaction"
2024-06-01,2024-06,1778,West,Enterprise,Active,200.00,200.00,0,0,0.00,"Clean Transaction"
2024-06-01,2024-06,1779,West,Basic,Active,10.00,10.00,0,0,0.00,"Clean Transaction"
2024-06-01,2024-06,1781,North,Basic,Active,10.00,10.00,0,0,0.00,"Clean Transaction"
2024-06-01,2024-06,1783,West,Pro,Active,50.00,50.00,0,0,0.00,"Clean Transaction"
2024-06-01,2024-06,1784,West,Enterprise,Active,200.00,200.00,0,0,0.00,"Clean Transaction"
2024-06-01,2024-06,1785,South,Pro,Active,50.00,50.00,0,0,0.00,"Clean Transaction"
2024-06-01,2024-06,1786,North,Enterprise,Active,200.00,200.00,0,0,0.00,"Clean Transaction"
2024-06-01,2024-06,1787,East,Enterprise,Active,200.00,200.00,0,0,0.00,"Clean Transaction"
2024-06-01,2024-06,1788,West,Enterprise,Active,200.00,200.00,0,0,0.00,"Clean Transaction"
2024-06-01,2024-06,1789,West,Enterprise,Active,200.00,200.00,0,0,0.00,"Clean Transaction"
2024-06-01,2024-06,1790,East,Basic,Active,10.00,10.00,0,0,0.00,"Clean Transaction"
2024-06-01,2024-06,1791,South,Enterprise,Active,200.00,200.00,0,0,0.00,"Clean Transaction"
2024-06-01,2024-06,1792,West,Pro,Active,50.00,50.00,0,0,0.00,"Clean Transaction"
2024-06-01,2024-06,1793,North,Pro,Active,50.00,50.00,0,0,0.00,"Clean Transaction"
2024-06-01,2024-06,1794,West,Basic,Active,10.00,10.00,0,0,0.00,"Clean Transaction"
2024-06-01,2024-06,1795,North,Pro,Active,50.00,50.00,0,0,0.00,"Clean Transaction"
2024-06-01,2024-06,1796,East,Enterprise,Active,200.00,200.00,0,0,0.00,"Clean Transaction"
2024-06-01,2024-06,1797,North,Pro,Active,50.00,50.00,0,0,0.00,"Clean Transaction"
2024-06-01,2024-06,1798,East,Pro,Active,50.00,50.00,0,0,0.00,"Clean Transaction"
2024-06-01,2024-06,1799,North,Enterprise,Active,200.00,195.54,0,0,4.46,"Partial Payment"
2024-06-01,2024-06,1800,East,Basic,Cancelled,10.00,10.00,0,0,0.00,"Clean Transaction"
2024-06-01,2024-06,1802,South,Pro,Active,50.00,50.00,0,0,0.00,"Clean Transaction"
2024-06-01,2024-06,1803,North,Pro,Active,50.00,50.00,0,0,0.00,"Clean Transaction"
2024-06-01,2024-06,1804,North,Enterprise,Active,200.00,200.00,0,0,0.00,"Clean Transaction"
2024-06-01,2024-06,1805,South,Basic,Active,10.00,10.00,0,0,0.00,"Clean Transaction"
2024-06-01,2024-06,1806,West,Enterprise,Active,200.00,200.00,0,0,0.00,"Clean Transaction"
2024-06-01,2024-06,1807,West,Enterprise,Active,200.00,200.00,0,0,0.00,"Clean Transaction"
2024-06-01,2024-06,1808,North,Enterprise,Active,200.00,200.00,0,0,0.00,"Clean Transaction"
2024-06-01,2024-06,1809,South,Enterprise,Cancelled,200.00,200.00,0,0,0.00,"Clean Transaction"
2024-06-01,2024-06,1811,East,Basic,Active,10.00,10.00,0,0,0.00,"Clean Transaction"
2024-06-01,2024-06,1813,North,Pro,Active,50.00,50.00,0,0,0.00,"Clean Transaction"
2024-06-01,2024-06,1814,West,Pro,Active,50.00,50.00,0,0,0.00,"Clean Transaction"
2024-06-01,2024-06,1815,West,Pro,Active,50.00,50.00,0,0,0.00,"Clean Transaction"
2024-06-01,2024-06,1816,North,Pro,Active,50.00,50.00,0,0,0.00,"Clean Transaction"
2024-06-01,2024-06,1817,North,Enterprise,Active,200.00,200.00,0,0,0.00,"Clean Transaction"
2024-06-01,2024-06,1818,East,Pro,Active,50.00,50.00,0,0,0.00,"Clean Transaction"
2024-06-01,2024-06,1820,North,Basic,Active,10.00,10.00,0,0,0.00,"Clean Transaction"
2024-06-01,2024-06,1821,East,Basic,Active,10.00,10.00,0,0,0.00,"Clean Transaction"
2024-06-01,2024-06,1822,West,Basic,Active,10.00,10.00,0,0,0.00,"Clean Transaction"
2024-06-01,2024-06,1823,South,Enterprise,Active,200.00,200.00,0,0,0.00,"Clean Transaction"
2024-06-01,2024-06,1824,East,Pro,Active,50.00,50.00,0,0,0.00,"Clean Transaction"
2024-06-01,2024-06,1825,West,Pro,Active,50.00,50.00,0,0,0.00,"Clean Transaction"
2024-06-01,2024-06,1826,West,Enterprise,Active,200.00,200.00,0,0,0.00,"Clean Transaction"
2024-06-01,2024-06,1827,East,Enterprise,Active,200.00,200.00,0,0,0.00,"Clean Transaction"
2024-06-01,2024-06,1828,South,Pro,Active,50.00,50.00,0,0,0.00,"Clean Transaction"
2024-06-01,2024-06,1829,East,Enterprise,Active,200.00,200.00,0,0,0.00,"Clean Transaction"
2024-06-01,2024-06,1830,West,Basic,Active,10.00,10.00,0,0,0.00,"Clean Transaction"
2024-06-01,2024-06,1831,North,Pro,Active,50.00,50.00,0,0,0.00,"Clean Transaction"
2024-06-01,2024-06,1832,North,Pro,Active,50.00,50.00,0,0,0.00,"Clean Transaction"
2024-06-01,2024-06,1833,East,Enterprise,Active,200.00,200.00,0,0,0.00,"Clean Transaction"
2024-06-01,2024-06,1834,West,Enterprise,Active,200.00,200.00,0,0,0.00,"Clean Transaction"
2024-06-01,2024-06,1835,North,Pro,Active,50.00,50.00,0,0,0.00,"Clean Transaction"
2024-06-01,2024-06,1836,West,Basic,Active,10.00,10.00,0,0,0.00,"Clean Transaction"
2024-06-01,2024-06,1837,East,Basic,Active,10.00,10.00,0,0,0.00,"Clean Transaction"
2024-06-01,2024-06,1838,North,Basic,Active,10.00,10.00,0,0,0.00,"Clean Transaction"
2024-06-01,2024-06,1839,West,Enterprise,Active,200.00,200.00,0,0,0.00,"Clean Transaction"
2024-06-01,2024-06,1840,North,Enterprise,Active,200.00,200.00,0,0,0.00,"Clean Transaction"
2024-06-01,2024-06,1841,East,Pro,Active,50.00,50.00,0,0,0.00,"Clean Transaction"
2024-06-01,2024-06,1842,West,Pro,Active,50.00,50.00,0,0,0.00,"Clean Transaction"
2024-06-01,2024-06,1843,North,Pro,Active,50.00,50.00,0,0,0.00,"Clean Transaction"
2024-06-01,2024-06,1844,East,Pro,Active,50.00,50.00,0,0,0.00,"Clean Transaction"
2024-06-01,2024-06,1845,North,Pro,Active,50.00,50.00,0,0,0.00,"Clean Transaction"
2024-06-01,2024-06,1846,North,Basic,Active,10.00,10.00,0,0,0.00,"Clean Transaction"
2024-06-01,2024-06,1847,South,Pro,Active,50.00,50.00,0,0,0.00,"Clean Transaction"
2024-06-01,2024-06,1848,South,Pro,Active,50.00,50.00,0,0,0.00,"Clean Transaction"
2024-06-01,2024-06,1849,East,Pro,Active,50.00,50.00,0,0,0.00,"Clean Transaction"
2024-06-01,2024-06,1850,South,Basic,Cancelled,10.00,10.00,0,0,0.00,"Clean Transaction"
2024-06-01,2024-06,1851,East,Basic,Active,10.00,10.00,0,0,0.00,"Clean Transaction"
2024-06-01,2024-06,1852,South,Pro,Active,50.00,50.00,0,0,0.00,"Clean Transaction"
2024-06-01,2024-06,1853,North,Pro,Active,50.00,50.00,0,0,0.00,"Clean Transaction"
2024-06-01,2024-06,1854,East,Basic,Active,10.00,10.00,0,0,0.00,"Clean Transaction"
2024-06-01,2024-06,1855,East,Basic,Active,10.00,10.00,0,0,0.00,"Clean Transaction"
2024-06-01,2024-06,1856,North,Basic,Active,10.00,10.00,0,0,0.00,"Clean Transaction"
2024-06-01,2024-06,1857,East,Pro,Active,50.00,50.00,0,0,0.00,"Clean Transaction"
2024-06-01,2024-06,1858,East,Pro,Active,50.00,50.00,0,0,0.00,"Clean Transaction"
2024-06-01,2024-06,1859,South,Enterprise,Active,200.00,200.00,0,0,0.00,"Clean Transaction"
2024-06-01,2024-06,1860,East,Enterprise,Active,200.00,200.00,0,0,0.00,"Clean Transaction"
2024-06-01,2024-06,1861,West,Enterprise,Active,200.00,200.00,0,0,0.00,"Clean Transaction"
2024-06-01,2024-06,1862,North,Enterprise,Active,200.00,191.39,0,0,8.61,"Partial Payment"
2024-06-01,2024-06,1863,South,Enterprise,Active,200.00,200.00,0,0,0.00,"Clean Transaction"
2024-06-01,2024-06,1864,South,Enterprise,Active,200.00,200.00,0,0,0.00,"Clean Transaction"
2024-06-01,2024-06,1865,West,Pro,Active,50.00,50.00,0,0,0.00,"Clean Transaction"
2024-06-01,2024-06,1866,North,Enterprise,Active,200.00,187.26,0,0,12.74,"Partial Payment"
2024-06-01,2024-06,1867,North,Basic,Active,10.00,10.00,0,0,0.00,"Clean Transaction"
2024-06-01,2024-06,1868,South,Enterprise,Active,200.00,189.84,0,0,10.16,"Partial Payment"
2024-06-01,2024-06,1869,East,Enterprise,Active,200.00,200.00,0,0,0.00,"Clean Transaction"
2024-06-01,2024-06,1870,South,Pro,Active,50.00,50.00,0,0,0.00,"Clean Transaction"
2024-06-01,2024-06,1871,North,Enterprise,Active,200.00,200.00,0,0,0.00,"Clean Transaction"
2024-06-01,2024-06,1872,West,Basic,Active,10.00,10.00,0,0,0.00,"Clean Transaction"
2024-06-01,2024-06,1873,South,Basic,Active,10.00,10.00,0,0,0.00,"Clean Transaction"
2024-06-01,2024-06,1874,North,Pro,Active,50.00,50.00,0,0,0.00,"Clean Transaction"
2024-06-01,2024-06,1875,South,Basic,Active,10.00,10.00,0,0,0.00,"Clean Transaction"
2024-06-01,2024-06,1876,East,Enterprise,Active,200.00,200.00,0,0,0.00,"Clean Transaction"
2024-06-01,2024-06,1877,South,Pro,Active,50.00,50.00,0,0,0.00,"Clean Transaction"
2024-06-01,2024-06,1878,South,Pro,Active,50.00,50.00,0,0,0.00,"Clean Transaction"
2024-06-01,2024-06,1879,North,Basic,Active,10.00,10.00,0,0,0.00,"Clean Transaction"
2024-06-01,2024-06,1881,North,Pro,Active,50.00,50.00,0,0,0.00,"Clean Transaction"
2024-06-01,2024-06,1882,South,Basic,Active,10.00,10.00,0,0,0.00,"Clean Transaction"
2024-06-01,2024-06,1883,East,Pro,Cancelled,50.00,50.00,0,0,0.00,"Clean Transaction"
2024-06-01,2024-06,1884,West,Basic,Active,10.00,10.00,0,0,0.00,"Clean Transaction"
2024-06-01,2024-06,1885,West,Basic,Active,10.00,10.00,0,0,0.00,"Clean Transaction"
2024-06-01,2024-06,1886,North,Basic,Active,10.00,10.00,0,0,0.00,"Clean Transaction"
2024-06-01,2024-06,1887,North,Pro,Active,50.00,47.69,0,0,2.31,"Partial Payment"
2024-06-01,2024-06,1888,South,Basic,Active,10.00,10.00,0,0,0.00,"Clean Transaction"
2024-06-01,2024-06,1889,West,Enterprise,Active,200.00,200.00,0,0,0.00,"Clean Transaction"
2024-06-01,2024-06,1890,North,Pro,Active,50.00,50.00,0,0,0.00,"Clean Transaction"
2024-06-01,2024-06,1891,East,Enterprise,Cancelled,200.00,200.00,0,0,0.00,"Clean Transaction"
2024-06-01,2024-06,1892,East,Enterprise,Active,200.00,200.00,0,0,0.00,"Clean Transaction"
2024-06-01,2024-06,1893,North,Enterprise,Active,200.00,200.00,0,0,0.00,"Clean Transaction"
2024-06-01,2024-06,1894,North,Pro,Active,50.00,50.00,0,0,0.00,"Clean Transaction"
2024-06-01,2024-06,1896,West,Enterprise,Active,200.00,200.00,0,0,0.00,"Clean Transaction"
2024-06-01,2024-06,1897,South,Basic,Cancelled,10.00,10.00,0,0,0.00,"Clean Transaction"
2024-06-01,2024-06,1898,West,Pro,Active,50.00,50.00,0,0,0.00,"Clean Transaction"
2024-06-01,2024-06,1899,East,Enterprise,Active,200.00,200.00,0,0,0.00,"Clean Transaction"
2024-06-01,2024-06,1900,East,Pro,Active,50.00,50.00,0,0,0.00,"Clean Transaction"
2024-06-01,2024-06,1901,North,Enterprise,Active,200.00,200.00,0,0,0.00,"Clean Transaction"
2024-06-01,2024-06,1902,West,Basic,Active,10.00,10.00,0,0,0.00,"Clean Transaction"
2024-06-01,2024-06,1903,South,Pro,Active,50.00,50.00,0,0,0.00,"Clean Transaction"
2024-06-01,2024-06,1904,East,Pro,Active,50.00,50.00,0,0,0.00,"Clean Transaction"
2024-06-01,2024-06,1905,East,Pro,Active,50.00,50.00,0,0,0.00,"Clean Transaction"
2024-06-01,2024-06,1906,South,Basic,Active,10.00,10.00,0,0,0.00,"Clean Transaction"
2024-06-01,2024-06,1907,South,Enterprise,Active,200.00,200.00,0,0,0.00,"Clean Transaction"
2024-06-01,2024-06,1908,East,Basic,Active,10.00,10.00,0,0,0.00,"Clean Transaction"
2024-06-01,2024-06,1909,East,Enterprise,Active,200.00,200.00,0,0,0.00,"Clean Transaction"
2024-06-01,2024-06,1910,South,Basic,Active,10.00,10.00,0,0,0.00,"Clean Transaction"
2024-06-01,2024-06,1911,East,Pro,Active,50.00,50.00,0,0,0.00,"Clean Transaction"
2024-06-01,2024-06,1912,North,Basic,Active,10.00,10.00,0,0,0.00,"Clean Transaction"
2024-06-01,2024-06,1913,North,Pro,Cancelled,50.00,50.00,0,0,0.00,"Clean Transaction"
2024-06-01,2024-06,1914,South,Basic,Active,10.00,10.00,0,0,0.00,"Clean Transaction"
2024-06-01,2024-06,1915,West,Pro,Cancelled,50.00,50.00,0,0,0.00,"Clean Transaction"
2024-06-01,2024-06,1916,South,Enterprise,Active,200.00,200.00,0,0,0.00,"Clean Transaction"
2024-06-01,2024-06,1917,South,Pro,Active,50.00,50.00,0,0,0.00,"Clean Transaction"
2024-06-01,2024-06,1918,West,Pro,Active,50.00,50.00,0,0,0.00,"Clean Transaction"
2024-06-01,2024-06,1919,West,Pro,Active,50.00,50.00,0,0,0.00,"Clean Transaction"
2024-06-01,2024-06,1920,West,Pro,Active,50.00,50.00,0,0,0.00,"Clean Transaction"
2024-06-01,2024-06,1921,North,Basic,Active,10.00,10.00,0,0,0.00,"Clean Transaction"
2024-06-01,2024-06,1922,East,Enterprise,Active,200.00,200.00,0,0,0.00,"Clean Transaction"
2024-06-01,2024-06,1923,North,Enterprise,Active,200.00,200.00,0,0,0.00,"Clean Transaction"
2024-06-01,2024-06,1924,East,Enterprise,Active,200.00,200.00,0,0,0.00,"Clean Transaction"
2024-06-01,2024-06,1925,North,Basic,Active,10.00,10.00,0,0,0.00,"Clean Transaction"
2024-06-01,2024-06,1926,East,Enterprise,Active,200.00,200.00,0,0,0.00,"Clean Transaction"
2024-06-01,2024-06,1927,North,Enterprise,Active,200.00,200.00,0,0,0.00,"Clean Transaction"
2024-06-01,2024-06,1928,West,Enterprise,Active,200.00,200.00,0,0,0.00,"Clean Transaction"
2024-06-01,2024-06,1929,South,Pro,Active,50.00,46.93,0,0,3.07,"Partial Payment"
2024-06-01,2024-06,1931,East,Basic,Active,10.00,10.00,0,0,0.00,"Clean Transaction"
2024-06-01,2024-06,1932,West,Pro,Active,50.00,50.00,0,0,0.00,"Clean Transaction"
2024-06-01,2024-06,1933,North,Pro,Active,50.00,50.00,0,0,0.00,"Clean Transaction"
2024-06-01,2024-06,1934,North,Enterprise,Active,200.00,200.00,0,0,0.00,"Clean Transaction"
2024-06-01,2024-06,1935,West,Enterprise,Active,200.00,200.00,0,0,0.00,"Clean Transaction"
2024-06-01,2024-06,1936,North,Pro,Active,50.00,50.00,0,0,0.00,"Clean Transaction"
2024-06-01,2024-06,1937,South,Basic,Active,10.00,10.00,0,0,0.00,"Clean Transaction"
2024-06-01,2024-06,1939,South,Pro,Active,50.00,50.00,0,0,0.00,"Clean Transaction"
2024-06-01,2024-06,1940,South,Enterprise,Active,200.00,200.00,0,0,0.00,"Clean Transaction"
2024-06-01,2024-06,1941,West,Basic,Active,10.00,10.00,0,0,0.00,"Clean Transaction"
2024-06-01,2024-06,1942,North,Basic,Active,10.00,10.00,0,0,0.00,"Clean Transaction"
2024-06-01,2024-06,1943,West,Pro,Active,50.00,50.00,0,0,0.00,"Clean Transaction"
2024-06-01,2024-06,1944,North,Enterprise,Active,200.00,196.39,0,0,3.61,"Partial Payment"
2024-06-01,2024-06,1946,East,Enterprise,Active,200.00,200.00,0,0,0.00,"Clean Transaction"
2024-06-01,2024-06,1947,North,Enterprise,Active,200.00,200.00,0,0,0.00,"Clean Transaction"
2024-06-01,2024-06,1948,West,Basic,Active,10.00,10.00,0,0,0.00,"Clean Transaction"
2024-06-01,2024-06,1949,South,Basic,Active,10.00,10.00,0,0,0.00,"Clean Transaction"
2024-06-01,2024-06,1950,North,Pro,Active,50.00,50.00,0,0,0.00,"Clean Transaction"
2024-06-01,2024-06,1951,East,Pro,Active,50.00,50.00,0,0,0.00,"Clean Transaction"
2024-06-01,2024-06,1952,West,Basic,Active,10.00,10.00,0,0,0.00,"Clean Transaction"
2024-06-01,2024-06,1953,North,Pro,Active,50.00,50.00,0,0,0.00,"Clean Transaction"
2024-06-01,2024-06,1954,West,Enterprise,Active,200.00,200.00,0,0,0.00,"Clean Transaction"
2024-06-01,2024-06,1955,East,Pro,Active,50.00,50.00,0,0,0.00,"Clean Transaction"
2024-06-01,2024-06,1957,West,Pro,Active,50.00,50.00,0,0,0.00,"Clean Transaction"
2024-06-01,2024-06,1958,North,Pro,Active,50.00,50.00,0,0,0.00,"Clean Transaction"
2024-06-01,2024-06,1959,South,Enterprise,Active,200.00,200.00,0,0,0.00,"Clean Transaction"
2024-06-01,2024-06,1960,East,Basic,Active,10.00,10.00,0,0,0.00,"Clean Transaction"
2024-06-01,2024-06,1961,North,Enterprise,Active,200.00,200.00,0,0,0.00,"Clean Transaction"
2024-06-01,2024-06,1962,North,Basic,Active,10.00,10.00,0,0,0.00,"Clean Transaction"
2024-06-01,2024-06,1963,South,Enterprise,Cancelled,200.00,200.00,0,0,0.00,"Clean Transaction"
2024-06-01,2024-06,1964,East,Enterprise,Active,200.00,200.00,0,0,0.00,"Clean Transaction"
2024-06-01,2024-06,1965,East,Enterprise,Active,200.00,200.00,0,0,0.00,"Clean Transaction"
2024-06-01,2024-06,1967,North,Enterprise,Active,200.00,182.20,0,0,17.80,"Partial Payment"
2024-06-01,2024-06,1968,South,Enterprise,Active,200.00,200.00,0,0,0.00,"Clean Transaction"
2024-06-01,2024-06,1969,South,Enterprise,Active,200.00,200.00,0,0,0.00,"Clean Transaction"
2024-06-01,2024-06,1970,East,Basic,Active,10.00,10.00,0,0,0.00,"Clean Transaction"
2024-06-01,2024-06,1971,West,Pro,Cancelled,50.00,50.00,0,0,0.00,"Clean Transaction"
2024-06-01,2024-06,1972,East,Enterprise,Cancelled,200.00,200.00,0,0,0.00,"Clean Transaction"
2024-06-01,2024-06,1973,North,Basic,Active,10.00,10.00,0,0,0.00,"Clean Transaction"
2024-06-01,2024-06,1974,East,Enterprise,Active,200.00,200.00,0,0,0.00,"Clean Transaction"
2024-06-01,2024-06,1975,West,Pro,Active,50.00,50.00,0,0,0.00,"Clean Transaction"
2024-06-01,2024-06,1976,South,Basic,Active,10.00,10.00,0,0,0.00,"Clean Transaction"
2024-06-01,2024-06,1977,West,Pro,Active,50.00,50.00,0,0,0.00,"Clean Transaction"
2024-06-01,2024-06,1978,West,Enterprise,Active,200.00,200.00,0,0,0.00,"Clean Transaction"
2024-06-01,2024-06,1979,West,Enterprise,Active,200.00,200.00,0,0,0.00,"Clean Transaction"
2024-06-01,2024-06,1980,South,Enterprise,Active,200.00,200.00,0,0,0.00,"Clean Transaction"
2024-06-01,2024-06,1981,West,Basic,Active,10.00,10.00,0,0,0.00,"Clean Transaction"
2024-06-01,2024-06,1982,West,Basic,Active,10.00,10.00,0,0,0.00,"Clean Transaction"
2024-06-01,2024-06,1983,West,Pro,Cancelled,50.00,50.00,0,0,0.00,"Clean Transaction"
2024-06-01,2024-06,1984,North,Enterprise,Cancelled,200.00,200.00,0,0,0.00,"Clean Transaction"
2024-06-01,2024-06,1985,West,Enterprise,Active,200.00,200.00,0,0,0.00,"Clean Transaction"
2024-06-01,2024-06,1986,South,Enterprise,Cancelled,200.00,200.00,0,0,0.00,"Clean Transaction"
2024-06-01,2024-06,1987,West,Basic,Active,10.00,10.00,0,0,0.00,"Clean Transaction"
2024-06-01,2024-06,1988,West,Enterprise,Active,200.00,200.00,0,0,0.00,"Clean Transaction"
2024-06-01,2024-06,1989,South,Basic,Active,10.00,10.00,0,0,0.00,"Clean Transaction"
2024-06-01,2024-06,1990,West,Enterprise,Active,200.00,200.00,0,0,0.00,"Clean Transaction"
2024-06-01,2024-06,1991,South,Basic,Cancelled,10.00,9.45,0,0,0.55,"Partial Payment"
2024-06-01,2024-06,1992,West,Basic,Active,10.00,10.00,0,0,0.00,"Clean Transaction"
2024-06-01,2024-06,1993,South,Pro,Active,50.00,50.00,0,0,0.00,"Clean Transaction"
2024-06-01,2024-06,1994,West,Basic,Active,10.00,10.00,0,0,0.00,"Clean Transaction"
2024-06-01,2024-06,1995,West,Basic,Active,10.00,10.00,0,0,0.00,"Clean Transaction"
2024-06-01,2024-06,1996,North,Basic,Active,10.00,10.00,0,0,0.00,"Clean Transaction"
2024-06-01,2024-06,1997,North,Basic,Active,10.00,10.00,0,0,0.00,"Clean Transaction"
2024-06-01,2024-06,1998,West,Basic,Active,10.00,10.00,0,0,0.00,"Clean Transaction"
2024-06-01,2024-06,1999,West,Pro,Active,50.00,48.67,0,0,1.33,"Partial Payment"
2024-07-01,2024-07,1001,East,Basic,Cancelled,10.00,10.00,0,0,0.00,"Clean Transaction"
2024-07-01,2024-07,1002,West,Basic,Active,10.00,10.00,0,0,0.00,"Clean Transaction"
2024-07-01,2024-07,1004,East,Basic,Active,10.00,10.00,0,0,0.00,"Clean Transaction"
2024-07-01,2024-07,1005,East,Pro,Cancelled,50.00,50.00,0,0,0.00,"Clean Transaction"
2024-07-01,2024-07,1007,North,Enterprise,Active,200.00,200.00,0,0,0.00,"Clean Transaction"
2024-07-01,2024-07,1008,North,Pro,Active,50.00,50.00,0,0,0.00,"Clean Transaction"
2024-07-01,2024-07,1009,East,Enterprise,Active,200.00,200.00,0,0,0.00,"Clean Transaction"
2024-07-01,2024-07,1010,South,Pro,Active,50.00,50.00,0,0,0.00,"Clean Transaction"
2024-07-01,2024-07,1011,East,Basic,Active,10.00,10.00,0,0,0.00,"Clean Transaction"
2024-07-01,2024-07,1014,East,Basic,Active,10.00,10.00,0,0,0.00,"Clean Transaction"
2024-07-01,2024-07,1015,West,Basic,Active,10.00,10.00,0,0,0.00,"Clean Transaction"
2024-07-01,2024-07,1016,North,Basic,Active,10.00,10.00,0,0,0.00,"Clean Transaction"
2024-07-01,2024-07,1017,West,Pro,Active,50.00,50.00,0,0,0.00,"Clean Transaction"
2024-07-01,2024-07,1018,West,Pro,Active,50.00,50.00,0,0,0.00,"Clean Transaction"
2024-07-01,2024-07,1019,West,Enterprise,Active,200.00,200.00,0,0,0.00,"Clean Transaction"
2024-07-01,2024-07,1020,East,Pro,Active,50.00,50.00,0,0,0.00,"Clean Transaction"
2024-07-01,2024-07,1021,South,Pro,Active,50.00,50.00,0,0,0.00,"Clean Transaction"
2024-07-01,2024-07,1022,North,Basic,Active,10.00,10.00,0,0,0.00,"Clean Transaction"
2024-07-01,2024-07,1023,South,Enterprise,Active,200.00,200.00,0,0,0.00,"Clean Transaction"
2024-07-01,2024-07,1024,West,Pro,Active,50.00,50.00,0,0,0.00,"Clean Transaction"
2024-07-01,2024-07,1025,West,Enterprise,Active,200.00,200.00,0,0,0.00,"Clean Transaction"
2024-07-01,2024-07,1026,South,Pro,Active,50.00,50.00,0,0,0.00,"Clean Transaction"
2024-07-01,2024-07,1027,South,Pro,Active,50.00,50.00,0,0,0.00,"Clean Transaction"
2024-07-01,2024-07,1028,South,Enterprise,Active,200.00,200.00,0,0,0.00,"Clean Transaction"
2024-07-01,2024-07,1029,West,Basic,Active,10.00,10.00,0,0,0.00,"Clean Transaction"
2024-07-01,2024-07,1030,West,Enterprise,Active,200.00,200.00,0,0,0.00,"Clean Transaction"
2024-07-01,2024-07,1031,North,Basic,Active,10.00,10.00,0,0,0.00,"Clean Transaction"
2024-07-01,2024-07,1032,North,Pro,Active,50.00,50.00,0,0,0.00,"Clean Transaction"
2024-07-01,2024-07,1034,South,Pro,Active,50.00,50.00,0,0,0.00,"Clean Transaction"
2024-07-01,2024-07,1035,South,Enterprise,Active,200.00,200.00,0,0,0.00,"Clean Transaction"
2024-07-01,2024-07,1036,North,Enterprise,Active,200.00,200.00,0,0,0.00,"Clean Transaction"
2024-07-01,2024-07,1037,West,Basic,Active,10.00,10.00,0,0,0.00,"Clean Transaction"
2024-07-01,2024-07,1038,North,Enterprise,Active,200.00,200.00,0,0,0.00,"Clean Transaction"
2024-07-01,2024-07,1039,North,Basic,Active,10.00,10.00,0,0,0.00,"Clean Transaction"
2024-07-01,2024-07,1040,East,Basic,Active,10.00,10.00,0,0,0.00,"Clean Transaction"
2024-07-01,2024-07,1041,East,Pro,Active,50.00,50.00,0,0,0.00,"Clean Transaction"
2024-07-01,2024-07,1043,South,Pro,Active,50.00,50.00,0,0,0.00,"Clean Transaction"
2024-07-01,2024-07,1044,West,Pro,Active,50.00,50.00,0,0,0.00,"Clean Transaction"
2024-07-01,2024-07,1048,East,Basic,Active,10.00,10.00,0,0,0.00,"Clean Transaction"
2024-07-01,2024-07,1049,South,Enterprise,Active,200.00,0.00,1,0,200.00,"Unpaid Invoice"
2024-07-01,2024-07,1050,South,Pro,Active,50.00,50.00,0,0,0.00,"Clean Transaction"
2024-07-01,2024-07,1051,East,Pro,Active,50.00,50.00,0,0,0.00,"Clean Transaction"
2024-07-01,2024-07,1052,South,Enterprise,Cancelled,200.00,200.00,0,0,0.00,"Clean Transaction"
2024-07-01,2024-07,1053,East,Enterprise,Active,200.00,200.00,0,0,0.00,"Clean Transaction"
2024-07-01,2024-07,1054,West,Basic,Active,10.00,10.00,0,0,0.00,"Clean Transaction"
2024-07-01,2024-07,1055,East,Enterprise,Active,200.00,200.00,0,0,0.00,"Clean Transaction"
2024-07-01,2024-07,1056,West,Enterprise,Active,200.00,200.00,0,0,0.00,"Clean Transaction"
2024-07-01,2024-07,1057,West,Enterprise,Active,200.00,200.00,0,0,0.00,"Clean Transaction"
2024-07-01,2024-07,1059,East,Basic,Active,10.00,10.00,0,0,0.00,"Clean Transaction"
2024-07-01,2024-07,1060,North,Pro,Active,50.00,50.00,0,0,0.00,"Clean Transaction"
2024-07-01,2024-07,1061,East,Pro,Active,50.00,50.00,0,0,0.00,"Clean Transaction"
2024-07-01,2024-07,1062,East,Pro,Active,50.00,50.00,0,0,0.00,"Clean Transaction"
2024-07-01,2024-07,1063,North,Basic,Active,10.00,10.00,0,0,0.00,"Clean Transaction"
2024-07-01,2024-07,1064,North,Basic,Active,10.00,0.00,1,0,10.00,"Unpaid Invoice"
2024-07-01,2024-07,1065,East,Pro,Active,50.00,50.00,0,0,0.00,"Clean Transaction"
2024-07-01,2024-07,1066,South,Basic,Active,10.00,10.00,0,0,0.00,"Clean Transaction"
2024-07-01,2024-07,1067,West,Pro,Active,50.00,50.00,0,0,0.00,"Clean Transaction"
2024-07-01,2024-07,1068,North,Enterprise,Active,200.00,200.00,0,0,0.00,"Clean Transaction"
2024-07-01,2024-07,1069,West,Enterprise,Active,200.00,200.00,0,0,0.00,"Clean Transaction"
2024-07-01,2024-07,1070,South,Enterprise,Active,200.00,200.00,0,0,0.00,"Clean Transaction"
2024-07-01,2024-07,1071,South,Enterprise,Active,200.00,200.00,0,0,0.00,"Clean Transaction"
2024-07-01,2024-07,1072,South,Enterprise,Cancelled,200.00,197.97,0,0,2.03,"Partial Payment"
2024-07-01,2024-07,1073,North,Enterprise,Active,200.00,200.00,0,0,0.00,"Clean Transaction"
2024-07-01,2024-07,1075,North,Enterprise,Active,200.00,200.00,0,0,0.00,"Clean Transaction"
2024-07-01,2024-07,1076,South,Enterprise,Active,200.00,200.00,0,0,0.00,"Clean Transaction"
2024-07-01,2024-07,1077,West,Basic,Active,10.00,10.00,0,0,0.00,"Clean Transaction"
2024-07-01,2024-07,1078,West,Pro,Active,50.00,46.46,0,0,3.54,"Partial Payment"
2024-07-01,2024-07,1079,East,Basic,Active,10.00,10.00,0,0,0.00,"Clean Transaction"
2024-07-01,2024-07,1080,West,Enterprise,Active,200.00,200.00,0,0,0.00,"Clean Transaction"
2024-07-01,2024-07,1081,East,Pro,Active,50.00,50.00,0,0,0.00,"Clean Transaction"
2024-07-01,2024-07,1082,West,Basic,Active,10.00,10.00,0,0,0.00,"Clean Transaction"
2024-07-01,2024-07,1083,North,Pro,Cancelled,50.00,50.00,0,0,0.00,"Clean Transaction"
2024-07-01,2024-07,1084,West,Pro,Cancelled,50.00,50.00,0,0,0.00,"Clean Transaction"
2024-07-01,2024-07,1085,East,Basic,Active,10.00,10.00,0,0,0.00,"Clean Transaction"
2024-07-01,2024-07,1086,East,Basic,Active,10.00,10.00,0,0,0.00,"Clean Transaction"
2024-07-01,2024-07,1087,South,Pro,Active,50.00,50.00,0,0,0.00,"Clean Transaction"
2024-07-01,2024-07,1088,North,Pro,Active,50.00,50.00,0,0,0.00,"Clean Transaction"
2024-07-01,2024-07,1089,West,Basic,Active,10.00,10.00,0,0,0.00,"Clean Transaction"
2024-07-01,2024-07,1090,South,Pro,Active,50.00,50.00,0,0,0.00,"Clean Transaction"
2024-07-01,2024-07,1091,West,Basic,Active,10.00,10.00,0,0,0.00,"Clean Transaction"
2024-07-01,2024-07,1092,West,Basic,Active,10.00,10.00,0,0,0.00,"Clean Transaction"
2024-07-01,2024-07,1093,South,Pro,Active,50.00,50.00,0,0,0.00,"Clean Transaction"
2024-07-01,2024-07,1094,South,Basic,Active,10.00,10.00,0,0,0.00,"Clean Transaction"
2024-07-01,2024-07,1095,South,Pro,Active,50.00,50.00,0,0,0.00,"Clean Transaction"
2024-07-01,2024-07,1096,South,Pro,Active,50.00,50.00,0,0,0.00,"Clean Transaction"
2024-07-01,2024-07,1097,South,Enterprise,Active,200.00,200.00,0,0,0.00,"Clean Transaction"
2024-07-01,2024-07,1098,West,Enterprise,Active,200.00,200.00,0,0,0.00,"Clean Transaction"
2024-07-01,2024-07,1099,South,Enterprise,Active,200.00,200.00,0,0,0.00,"Clean Transaction"
2024-07-01,2024-07,1100,North,Basic,Active,10.00,10.00,0,0,0.00,"Clean Transaction"
2024-07-01,2024-07,1101,East,Enterprise,Active,200.00,200.00,0,0,0.00,"Clean Transaction"
2024-07-01,2024-07,1102,South,Enterprise,Active,200.00,200.00,0,0,0.00,"Clean Transaction"
2024-07-01,2024-07,1103,South,Enterprise,Active,200.00,200.00,0,0,0.00,"Clean Transaction"
2024-07-01,2024-07,1104,West,Enterprise,Active,200.00,200.00,0,0,0.00,"Clean Transaction"
2024-07-01,2024-07,1105,South,Pro,Active,50.00,50.00,0,0,0.00,"Clean Transaction"
2024-07-01,2024-07,1106,South,Basic,Active,10.00,10.00,0,0,0.00,"Clean Transaction"
2024-07-01,2024-07,1107,South,Basic,Active,10.00,10.00,0,0,0.00,"Clean Transaction"
2024-07-01,2024-07,1108,West,Pro,Active,50.00,50.00,0,0,0.00,"Clean Transaction"
2024-07-01,2024-07,1109,South,Pro,Active,50.00,50.00,0,0,0.00,"Clean Transaction"
2024-07-01,2024-07,1110,East,Basic,Active,10.00,10.00,0,0,0.00,"Clean Transaction"
2024-07-01,2024-07,1111,West,Enterprise,Active,200.00,200.00,0,0,0.00,"Clean Transaction"
2024-07-01,2024-07,1112,East,Enterprise,Active,200.00,200.00,0,0,0.00,"Clean Transaction"
2024-07-01,2024-07,1113,West,Basic,Active,10.00,0.00,1,0,10.00,"Unpaid Invoice"
2024-07-01,2024-07,1114,South,Basic,Active,10.00,10.00,0,0,0.00,"Clean Transaction"
2024-07-01,2024-07,1116,West,Enterprise,Active,200.00,200.00,0,0,0.00,"Clean Transaction"
2024-07-01,2024-07,1117,North,Pro,Active,50.00,50.00,0,0,0.00,"Clean Transaction"
2024-07-01,2024-07,1118,South,Enterprise,Active,200.00,200.00,0,0,0.00,"Clean Transaction"
2024-07-01,2024-07,1119,West,Pro,Active,50.00,50.00,0,0,0.00,"Clean Transaction"
2024-07-01,2024-07,1120,North,Pro,Active,50.00,0.00,1,0,50.00,"Unpaid Invoice"
2024-07-01,2024-07,1121,West,Enterprise,Active,200.00,200.00,0,0,0.00,"Clean Transaction"
2024-07-01,2024-07,1122,North,Basic,Active,10.00,10.00,0,0,0.00,"Clean Transaction"
2024-07-01,2024-07,1123,South,Enterprise,Active,200.00,200.00,0,0,0.00,"Clean Transaction"
2024-07-01,2024-07,1125,North,Pro,Active,50.00,50.00,0,0,0.00,"Clean Transaction"
2024-07-01,2024-07,1126,West,Basic,Active,10.00,10.00,0,0,0.00,"Clean Transaction"
2024-07-01,2024-07,1127,South,Pro,Active,50.00,50.00,0,0,0.00,"Clean Transaction"
2024-07-01,2024-07,1128,North,Enterprise,Active,200.00,200.00,0,0,0.00,"Clean Transaction"
2024-07-01,2024-07,1129,West,Basic,Active,10.00,10.00,0,0,0.00,"Clean Transaction"
2024-07-01,2024-07,1131,West,Pro,Active,50.00,50.00,0,0,0.00,"Clean Transaction"
2024-07-01,2024-07,1132,North,Pro,Active,50.00,50.00,0,0,0.00,"Clean Transaction"
2024-07-01,2024-07,1133,North,Enterprise,Active,200.00,200.00,0,0,0.00,"Clean Transaction"
2024-07-01,2024-07,1134,North,Enterprise,Active,200.00,200.00,0,0,0.00,"Clean Transaction"
2024-07-01,2024-07,1135,East,Enterprise,Active,200.00,200.00,0,0,0.00,"Clean Transaction"
2024-07-01,2024-07,1136,North,Basic,Active,10.00,10.00,0,0,0.00,"Clean Transaction"
2024-07-01,2024-07,1137,North,Basic,Active,10.00,10.00,0,0,0.00,"Clean Transaction"
2024-07-01,2024-07,1138,North,Enterprise,Active,200.00,200.00,0,0,0.00,"Clean Transaction"
2024-07-01,2024-07,1139,East,Pro,Active,50.00,50.00,0,0,0.00,"Clean Transaction"
2024-07-01,2024-07,1140,North,Basic,Active,10.00,10.00,0,0,0.00,"Clean Transaction"
2024-07-01,2024-07,1141,West,Pro,Active,50.00,50.00,0,0,0.00,"Clean Transaction"
2024-07-01,2024-07,1142,North,Basic,Cancelled,10.00,10.00,0,0,0.00,"Clean Transaction"
2024-07-01,2024-07,1143,West,Basic,Active,10.00,10.00,0,0,0.00,"Clean Transaction"
2024-07-01,2024-07,1144,West,Enterprise,Active,200.00,200.00,0,0,0.00,"Clean Transaction"
2024-07-01,2024-07,1145,West,Basic,Active,10.00,10.00,0,0,0.00,"Clean Transaction"
2024-07-01,2024-07,1146,East,Enterprise,Cancelled,200.00,200.00,0,0,0.00,"Clean Transaction"
2024-07-01,2024-07,1147,East,Enterprise,Active,200.00,196.18,0,0,3.82,"Partial Payment"
2024-07-01,2024-07,1148,East,Pro,Active,50.00,50.00,0,0,0.00,"Clean Transaction"
2024-07-01,2024-07,1149,North,Pro,Active,50.00,50.00,0,0,0.00,"Clean Transaction"
2024-07-01,2024-07,1150,West,Basic,Active,10.00,10.00,0,0,0.00,"Clean Transaction"
2024-07-01,2024-07,1151,East,Pro,Active,50.00,50.00,0,0,0.00,"Clean Transaction"
2024-07-01,2024-07,1152,East,Pro,Active,50.00,50.00,0,0,0.00,"Clean Transaction"
2024-07-01,2024-07,1153,North,Enterprise,Active,200.00,200.00,0,0,0.00,"Clean Transaction"
2024-07-01,2024-07,1154,East,Enterprise,Active,200.00,200.00,0,0,0.00,"Clean Transaction"
2024-07-01,2024-07,1155,North,Basic,Active,10.00,10.00,0,0,0.00,"Clean Transaction"
2024-07-01,2024-07,1156,South,Pro,Active,50.00,50.00,0,0,0.00,"Clean Transaction"
2024-07-01,2024-07,1157,East,Enterprise,Active,200.00,200.00,0,0,0.00,"Clean Transaction"
2024-07-01,2024-07,1158,South,Pro,Active,50.00,50.00,0,0,0.00,"Clean Transaction"
2024-07-01,2024-07,1159,North,Pro,Active,50.00,50.00,0,0,0.00,"Clean Transaction"
2024-07-01,2024-07,1160,West,Basic,Active,10.00,10.00,0,0,0.00,"Clean Transaction"
2024-07-01,2024-07,1161,East,Enterprise,Active,200.00,200.00,0,0,0.00,"Clean Transaction"
2024-07-01,2024-07,1162,North,Basic,Active,10.00,10.00,0,0,0.00,"Clean Transaction"
2024-07-01,2024-07,1163,West,Basic,Active,10.00,10.00,0,0,0.00,"Clean Transaction"
2024-07-01,2024-07,1164,West,Pro,Active,50.00,50.00,0,0,0.00,"Clean Transaction"
2024-07-01,2024-07,1165,South,Basic,Active,10.00,10.00,0,0,0.00,"Clean Transaction"
2024-07-01,2024-07,1166,North,Pro,Active,50.00,50.00,0,0,0.00,"Clean Transaction"
2024-07-01,2024-07,1168,East,Pro,Active,50.00,50.00,0,0,0.00,"Clean Transaction"
2024-07-01,2024-07,1169,East,Pro,Active,50.00,50.00,0,0,0.00,"Clean Transaction"
2024-07-01,2024-07,1170,South,Pro,Active,50.00,50.00,0,0,0.00,"Clean Transaction"
2024-07-01,2024-07,1171,West,Pro,Active,50.00,50.00,0,0,0.00,"Clean Transaction"
2024-07-01,2024-07,1172,North,Pro,Active,50.00,50.00,0,0,0.00,"Clean Transaction"
2024-07-01,2024-07,1173,East,Basic,Active,10.00,10.00,0,0,0.00,"Clean Transaction"
2024-07-01,2024-07,1174,West,Basic,Active,10.00,10.00,0,0,0.00,"Clean Transaction"
2024-07-01,2024-07,1175,West,Pro,Active,50.00,50.00,0,0,0.00,"Clean Transaction"
2024-07-01,2024-07,1176,South,Pro,Active,50.00,46.06,0,0,3.94,"Partial Payment"
2024-07-01,2024-07,1177,East,Pro,Active,50.00,50.00,0,0,0.00,"Clean Transaction"
2024-07-01,2024-07,1178,East,Basic,Active,10.00,10.00,0,0,0.00,"Clean Transaction"
2024-07-01,2024-07,1179,North,Pro,Active,50.00,50.00,0,0,0.00,"Clean Transaction"
2024-07-01,2024-07,1180,East,Basic,Active,10.00,10.00,0,0,0.00,"Clean Transaction"
2024-07-01,2024-07,1181,North,Basic,Active,10.00,10.00,0,0,0.00,"Clean Transaction"
2024-07-01,2024-07,1182,East,Basic,Active,10.00,10.00,0,0,0.00,"Clean Transaction"
2024-07-01,2024-07,1183,South,Pro,Active,50.00,50.00,0,0,0.00,"Clean Transaction"
2024-07-01,2024-07,1184,East,Basic,Active,10.00,10.00,0,0,0.00,"Clean Transaction"
2024-07-01,2024-07,1185,North,Basic,Active,10.00,10.00,0,0,0.00,"Clean Transaction"
2024-07-01,2024-07,1186,North,Pro,Active,50.00,50.00,0,0,0.00,"Clean Transaction"
2024-07-01,2024-07,1187,South,Pro,Active,50.00,50.00,0,0,0.00,"Clean Transaction"
2024-07-01,2024-07,1188,East,Basic,Active,10.00,10.00,0,0,0.00,"Clean Transaction"
2024-07-01,2024-07,1189,East,Basic,Active,10.00,10.00,0,0,0.00,"Clean Transaction"
2024-07-01,2024-07,1190,South,Enterprise,Active,200.00,200.00,0,0,0.00,"Clean Transaction"
2024-07-01,2024-07,1191,East,Enterprise,Active,200.00,200.00,0,0,0.00,"Clean Transaction"
2024-07-01,2024-07,1192,East,Enterprise,Active,200.00,200.00,0,0,0.00,"Clean Transaction"
2024-07-01,2024-07,1193,North,Pro,Active,50.00,50.00,0,0,0.00,"Clean Transaction"
2024-07-01,2024-07,1194,East,Pro,Active,50.00,50.00,0,0,0.00,"Clean Transaction"
2024-07-01,2024-07,1195,East,Enterprise,Active,200.00,200.00,0,0,0.00,"Clean Transaction"
2024-07-01,2024-07,1196,South,Pro,Cancelled,50.00,50.00,0,0,0.00,"Clean Transaction"
2024-07-01,2024-07,1197,South,Basic,Active,10.00,10.00,0,0,0.00,"Clean Transaction"
2024-07-01,2024-07,1198,West,Basic,Active,10.00,10.00,0,0,0.00,"Clean Transaction"
2024-07-01,2024-07,1199,North,Pro,Active,50.00,50.00,0,0,0.00,"Clean Transaction"
2024-07-01,2024-07,1200,East,Enterprise,Active,200.00,200.00,0,0,0.00,"Clean Transaction"
2024-07-01,2024-07,1201,East,Enterprise,Active,200.00,200.00,0,0,0.00,"Clean Transaction"
2024-07-01,2024-07,1203,East,Basic,Cancelled,10.00,10.00,0,0,0.00,"Clean Transaction"
2024-07-01,2024-07,1204,North,Enterprise,Active,200.00,200.00,0,0,0.00,"Clean Transaction"
2024-07-01,2024-07,1205,West,Pro,Active,50.00,50.00,0,0,0.00,"Clean Transaction"
2024-07-01,2024-07,1206,North,Enterprise,Active,200.00,200.00,0,0,0.00,"Clean Transaction"
2024-07-01,2024-07,1207,West,Basic,Active,10.00,10.00,0,0,0.00,"Clean Transaction"
2024-07-01,2024-07,1208,West,Basic,Active,10.00,10.00,0,0,0.00,"Clean Transaction"
2024-07-01,2024-07,1209,South,Enterprise,Active,200.00,200.00,0,0,0.00,"Clean Transaction"
2024-07-01,2024-07,1210,North,Basic,Active,10.00,10.00,0,0,0.00,"Clean Transaction"
2024-07-01,2024-07,1211,East,Enterprise,Cancelled,200.00,200.00,0,0,0.00,"Clean Transaction"
2024-07-01,2024-07,1212,East,Basic,Active,10.00,10.00,0,0,0.00,"Clean Transaction"
2024-07-01,2024-07,1213,North,Pro,Active,50.00,50.00,0,0,0.00,"Clean Transaction"
2024-07-01,2024-07,1214,East,Basic,Active,10.00,10.00,0,0,0.00,"Clean Transaction"
2024-07-01,2024-07,1215,East,Enterprise,Active,200.00,200.00,0,0,0.00,"Clean Transaction"
2024-07-01,2024-07,1216,North,Pro,Active,50.00,50.00,0,0,0.00,"Clean Transaction"
2024-07-01,2024-07,1217,West,Pro,Active,50.00,50.00,0,0,0.00,"Clean Transaction"
2024-07-01,2024-07,1218,North,Basic,Active,10.00,10.00,0,0,0.00,"Clean Transaction"
2024-07-01,2024-07,1219,West,Enterprise,Active,200.00,200.00,0,0,0.00,"Clean Transaction"
2024-07-01,2024-07,1220,East,Pro,Active,50.00,50.00,0,0,0.00,"Clean Transaction"
2024-07-01,2024-07,1221,East,Pro,Active,50.00,50.00,0,0,0.00,"Clean Transaction"
2024-07-01,2024-07,1222,East,Enterprise,Active,200.00,200.00,0,0,0.00,"Clean Transaction"
2024-07-01,2024-07,1223,South,Basic,Active,10.00,10.00,0,0,0.00,"Clean Transaction"
2024-07-01,2024-07,1224,West,Basic,Active,10.00,10.00,0,0,0.00,"Clean Transaction"
2024-07-01,2024-07,1225,South,Pro,Active,50.00,50.00,0,0,0.00,"Clean Transaction"
2024-07-01,2024-07,1226,South,Pro,Active,50.00,50.00,0,0,0.00,"Clean Transaction"
2024-07-01,2024-07,1227,North,Basic,Cancelled,10.00,10.00,0,0,0.00,"Clean Transaction"
2024-07-01,2024-07,1228,South,Enterprise,Active,200.00,200.00,0,0,0.00,"Clean Transaction"
2024-07-01,2024-07,1230,North,Basic,Cancelled,10.00,9.05,0,0,0.95,"Partial Payment"
2024-07-01,2024-07,1231,South,Enterprise,Active,200.00,0.00,1,0,200.00,"Unpaid Invoice"
2024-07-01,2024-07,1232,West,Basic,Active,10.00,10.00,0,0,0.00,"Clean Transaction"
2024-07-01,2024-07,1233,West,Basic,Active,10.00,10.00,0,0,0.00,"Clean Transaction"
2024-07-01,2024-07,1234,West,Pro,Active,50.00,45.19,0,0,4.81,"Partial Payment"
2024-07-01,2024-07,1235,West,Pro,Active,50.00,50.00,0,0,0.00,"Clean Transaction"
2024-07-01,2024-07,1236,West,Basic,Cancelled,10.00,10.00,0,0,0.00,"Clean Transaction"
2024-07-01,2024-07,1237,South,Basic,Active,10.00,10.00,0,0,0.00,"Clean Transaction"
2024-07-01,2024-07,1238,South,Enterprise,Active,200.00,200.00,0,0,0.00,"Clean Transaction"
2024-07-01,2024-07,1239,East,Pro,Active,50.00,50.00,0,0,0.00,"Clean Transaction"
2024-07-01,2024-07,1240,West,Enterprise,Active,200.00,200.00,0,0,0.00,"Clean Transaction"
2024-07-01,2024-07,1241,South,Basic,Active,10.00,10.00,0,0,0.00,"Clean Transaction"
2024-07-01,2024-07,1243,West,Enterprise,Active,200.00,200.00,0,0,0.00,"Clean Transaction"
2024-07-01,2024-07,1244,North,Enterprise,Active,200.00,200.00,0,0,0.00,"Clean Transaction"
2024-07-01,2024-07,1245,East,Basic,Active,10.00,10.00,0,0,0.00,"Clean Transaction"
2024-07-01,2024-07,1246,South,Pro,Active,50.00,50.00,0,0,0.00,"Clean Transaction"
2024-07-01,2024-07,1248,North,Pro,Active,50.00,50.00,0,0,0.00,"Clean Transaction"
2024-07-01,2024-07,1249,North,Enterprise,Active,200.00,200.00,0,0,0.00,"Clean Transaction"
2024-07-01,2024-07,1250,East,Basic,Active,10.00,10.00,0,0,0.00,"Clean Transaction"
2024-07-01,2024-07,1251,South,Enterprise,Active,200.00,180.52,0,0,19.48,"Partial Payment"
2024-07-01,2024-07,1252,North,Basic,Active,10.00,10.00,0,0,0.00,"Clean Transaction"
2024-07-01,2024-07,1253,West,Basic,Active,10.00,10.00,0,0,0.00,"Clean Transaction"
2024-07-01,2024-07,1254,North,Enterprise,Active,200.00,200.00,0,0,0.00,"Clean Transaction"
2024-07-01,2024-07,1255,North,Basic,Active,10.00,10.00,0,0,0.00,"Clean Transaction"
2024-07-01,2024-07,1256,East,Pro,Active,50.00,50.00,0,0,0.00,"Clean Transaction"
2024-07-01,2024-07,1257,East,Basic,Active,10.00,10.00,0,0,0.00,"Clean Transaction"
2024-07-01,2024-07,1258,South,Pro,Active,50.00,50.00,0,0,0.00,"Clean Transaction"
2024-07-01,2024-07,1259,West,Enterprise,Active,200.00,200.00,0,0,0.00,"Clean Transaction"
2024-07-01,2024-07,1260,East,Pro,Active,50.00,50.00,0,0,0.00,"Clean Transaction"
2024-07-01,2024-07,1261,North,Basic,Active,10.00,10.00,0,0,0.00,"Clean Transaction"
2024-07-01,2024-07,1262,South,Pro,Cancelled,50.00,50.00,0,0,0.00,"Clean Transaction"
2024-07-01,2024-07,1263,North,Enterprise,Active,200.00,200.00,0,0,0.00,"Clean Transaction"
2024-07-01,2024-07,1264,North,Enterprise,Active,200.00,200.00,0,0,0.00,"Clean Transaction"
2024-07-01,2024-07,1265,East,Enterprise,Active,200.00,200.00,0,0,0.00,"Clean Transaction"
2024-07-01,2024-07,1266,South,Basic,Active,10.00,10.00,0,0,0.00,"Clean Transaction"
2024-07-01,2024-07,1267,West,Basic,Active,10.00,10.00,0,0,0.00,"Clean Transaction"
2024-07-01,2024-07,1268,West,Basic,Active,10.00,10.00,0,0,0.00,"Clean Transaction"
2024-07-01,2024-07,1269,East,Enterprise,Active,200.00,200.00,0,0,0.00,"Clean Transaction"
2024-07-01,2024-07,1270,East,Basic,Active,10.00,10.00,0,0,0.00,"Clean Transaction"
2024-07-01,2024-07,1271,South,Enterprise,Active,200.00,200.00,0,0,0.00,"Clean Transaction"
2024-07-01,2024-07,1272,West,Pro,Active,50.00,50.00,0,0,0.00,"Clean Transaction"
2024-07-01,2024-07,1273,West,Pro,Active,50.00,50.00,0,0,0.00,"Clean Transaction"
2024-07-01,2024-07,1274,West,Pro,Active,50.00,50.00,0,0,0.00,"Clean Transaction"
2024-07-01,2024-07,1275,North,Enterprise,Active,200.00,200.00,0,0,0.00,"Clean Transaction"
2024-07-01,2024-07,1276,West,Basic,Cancelled,10.00,10.00,0,0,0.00,"Clean Transaction"
2024-07-01,2024-07,1277,North,Enterprise,Active,200.00,200.00,0,0,0.00,"Clean Transaction"
2024-07-01,2024-07,1278,South,Pro,Cancelled,50.00,50.00,0,0,0.00,"Clean Transaction"
2024-07-01,2024-07,1279,North,Pro,Active,50.00,50.00,0,0,0.00,"Clean Transaction"
2024-07-01,2024-07,1280,South,Enterprise,Active,200.00,200.00,0,0,0.00,"Clean Transaction"
2024-07-01,2024-07,1281,West,Pro,Active,50.00,0.00,1,0,50.00,"Unpaid Invoice"
2024-07-01,2024-07,1282,West,Pro,Active,50.00,50.00,0,0,0.00,"Clean Transaction"
2024-07-01,2024-07,1283,South,Basic,Active,10.00,10.00,0,0,0.00,"Clean Transaction"
2024-07-01,2024-07,1284,East,Pro,Cancelled,50.00,50.00,0,0,0.00,"Clean Transaction"
2024-07-01,2024-07,1285,South,Pro,Cancelled,50.00,50.00,0,0,0.00,"Clean Transaction"
2024-07-01,2024-07,1286,East,Basic,Active,10.00,10.00,0,0,0.00,"Clean Transaction"
2024-07-01,2024-07,1287,North,Basic,Active,10.00,10.00,0,0,0.00,"Clean Transaction"
2024-07-01,2024-07,1289,North,Enterprise,Active,200.00,200.00,0,0,0.00,"Clean Transaction"
2024-07-01,2024-07,1290,West,Basic,Cancelled,10.00,10.00,0,0,0.00,"Clean Transaction"
2024-07-01,2024-07,1291,North,Basic,Active,10.00,10.00,0,0,0.00,"Clean Transaction"
2024-07-01,2024-07,1292,East,Enterprise,Active,200.00,200.00,0,0,0.00,"Clean Transaction"
2024-07-01,2024-07,1293,North,Pro,Active,50.00,50.00,0,0,0.00,"Clean Transaction"
2024-07-01,2024-07,1294,South,Pro,Active,50.00,50.00,0,0,0.00,"Clean Transaction"
2024-07-01,2024-07,1295,South,Basic,Active,10.00,10.00,0,0,0.00,"Clean Transaction"
2024-07-01,2024-07,1296,West,Basic,Active,10.00,10.00,0,0,0.00,"Clean Transaction"
2024-07-01,2024-07,1297,South,Basic,Active,10.00,9.44,0,0,0.56,"Partial Payment"
2024-07-01,2024-07,1298,East,Basic,Active,10.00,10.00,0,0,0.00,"Clean Transaction"
2024-07-01,2024-07,1299,North,Basic,Active,10.00,10.00,0,0,0.00,"Clean Transaction"
2024-07-01,2024-07,1300,West,Enterprise,Active,200.00,200.00,0,0,0.00,"Clean Transaction"
2024-07-01,2024-07,1301,North,Basic,Active,10.00,10.00,0,0,0.00,"Clean Transaction"
2024-07-01,2024-07,1302,North,Enterprise,Active,200.00,200.00,0,0,0.00,"Clean Transaction"
2024-07-01,2024-07,1303,East,Basic,Active,10.00,10.00,0,0,0.00,"Clean Transaction"
2024-07-01,2024-07,1305,South,Enterprise,Active,200.00,200.00,0,0,0.00,"Clean Transaction"
2024-07-01,2024-07,1306,North,Basic,Active,10.00,10.00,0,0,0.00,"Clean Transaction"
2024-07-01,2024-07,1307,West,Enterprise,Active,200.00,200.00,0,0,0.00,"Clean Transaction"
2024-07-01,2024-07,1308,South,Pro,Active,50.00,50.00,0,0,0.00,"Clean Transaction"
2024-07-01,2024-07,1309,West,Pro,Active,50.00,50.00,0,0,0.00,"Clean Transaction"
2024-07-01,2024-07,1310,South,Basic,Active,10.00,10.00,0,0,0.00,"Clean Transaction"
2024-07-01,2024-07,1311,West,Enterprise,Active,200.00,200.00,0,0,0.00,"Clean Transaction"
2024-07-01,2024-07,1312,East,Enterprise,Active,200.00,200.00,0,0,0.00,"Clean Transaction"
2024-07-01,2024-07,1313,West,Basic,Active,10.00,10.00,0,0,0.00,"Clean Transaction"
2024-07-01,2024-07,1314,East,Pro,Active,50.00,50.00,0,0,0.00,"Clean Transaction"
2024-07-01,2024-07,1315,East,Pro,Active,50.00,50.00,0,0,0.00,"Clean Transaction"
2024-07-01,2024-07,1316,West,Basic,Active,10.00,10.00,0,0,0.00,"Clean Transaction"
2024-07-01,2024-07,1317,East,Enterprise,Active,200.00,200.00,0,0,0.00,"Clean Transaction"
2024-07-01,2024-07,1318,North,Basic,Active,10.00,10.00,0,0,0.00,"Clean Transaction"
2024-07-01,2024-07,1319,East,Pro,Active,50.00,50.00,0,0,0.00,"Clean Transaction"
2024-07-01,2024-07,1320,South,Pro,Cancelled,50.00,50.00,0,0,0.00,"Clean Transaction"
2024-07-01,2024-07,1321,West,Pro,Active,50.00,49.30,0,0,0.70,"Partial Payment"
2024-07-01,2024-07,1324,South,Enterprise,Active,200.00,200.00,0,0,0.00,"Clean Transaction"
2024-07-01,2024-07,1325,South,Pro,Active,50.00,50.00,0,0,0.00,"Clean Transaction"
2024-07-01,2024-07,1326,South,Enterprise,Active,200.00,200.00,0,0,0.00,"Clean Transaction"
2024-07-01,2024-07,1327,East,Enterprise,Active,200.00,200.00,0,0,0.00,"Clean Transaction"
2024-07-01,2024-07,1328,East,Pro,Active,50.00,50.00,0,0,0.00,"Clean Transaction"
2024-07-01,2024-07,1329,West,Enterprise,Active,200.00,200.00,0,0,0.00,"Clean Transaction"
2024-07-01,2024-07,1330,West,Pro,Active,50.00,50.00,0,0,0.00,"Clean Transaction"
2024-07-01,2024-07,1331,North,Pro,Active,50.00,48.03,0,0,1.97,"Partial Payment"
2024-07-01,2024-07,1332,North,Enterprise,Active,200.00,200.00,0,0,0.00,"Clean Transaction"
2024-07-01,2024-07,1334,East,Enterprise,Active,200.00,200.00,0,0,0.00,"Clean Transaction"
2024-07-01,2024-07,1335,South,Pro,Cancelled,50.00,47.95,0,0,2.05,"Partial Payment"
2024-07-01,2024-07,1337,North,Basic,Active,10.00,10.00,0,0,0.00,"Clean Transaction"
2024-07-01,2024-07,1338,East,Enterprise,Active,200.00,200.00,0,0,0.00,"Clean Transaction"
2024-07-01,2024-07,1339,West,Basic,Active,10.00,10.00,0,0,0.00,"Clean Transaction"
2024-07-01,2024-07,1340,West,Enterprise,Active,200.00,200.00,0,0,0.00,"Clean Transaction"
2024-07-01,2024-07,1341,East,Pro,Cancelled,50.00,49.14,0,0,0.86,"Partial Payment"
2024-07-01,2024-07,1342,West,Basic,Active,10.00,10.00,0,0,0.00,"Clean Transaction"
2024-07-01,2024-07,1343,East,Pro,Active,50.00,50.00,0,0,0.00,"Clean Transaction"
2024-07-01,2024-07,1344,South,Pro,Active,50.00,50.00,0,0,0.00,"Clean Transaction"
2024-07-01,2024-07,1345,East,Basic,Active,10.00,10.00,0,0,0.00,"Clean Transaction"
2024-07-01,2024-07,1346,East,Basic,Active,10.00,10.00,0,0,0.00,"Clean Transaction"
2024-07-01,2024-07,1347,East,Pro,Active,50.00,50.00,0,0,0.00,"Clean Transaction"
2024-07-01,2024-07,1348,West,Pro,Active,50.00,50.00,0,0,0.00,"Clean Transaction"
2024-07-01,2024-07,1349,West,Basic,Active,10.00,10.00,0,0,0.00,"Clean Transaction"
2024-07-01,2024-07,1350,East,Pro,Cancelled,50.00,45.29,0,0,4.71,"Partial Payment"
2024-07-01,2024-07,1351,West,Pro,Active,50.00,50.00,0,0,0.00,"Clean Transaction"
2024-07-01,2024-07,1352,North,Enterprise,Active,200.00,200.00,0,0,0.00,"Clean Transaction"
2024-07-01,2024-07,1353,North,Enterprise,Active,200.00,200.00,0,0,0.00,"Clean Transaction"
2024-07-01,2024-07,1354,West,Basic,Active,10.00,10.00,0,0,0.00,"Clean Transaction"
2024-07-01,2024-07,1355,West,Pro,Active,50.00,50.00,0,0,0.00,"Clean Transaction"
2024-07-01,2024-07,1356,East,Pro,Active,50.00,50.00,0,0,0.00,"Clean Transaction"
2024-07-01,2024-07,1357,South,Basic,Active,10.00,10.00,0,0,0.00,"Clean Transaction"
2024-07-01,2024-07,1358,West,Basic,Active,10.00,10.00,0,0,0.00,"Clean Transaction"
2024-07-01,2024-07,1360,East,Pro,Active,50.00,50.00,0,0,0.00,"Clean Transaction"
2024-07-01,2024-07,1361,West,Basic,Active,10.00,10.00,0,0,0.00,"Clean Transaction"
2024-07-01,2024-07,1362,North,Basic,Active,10.00,10.00,0,0,0.00,"Clean Transaction"
2024-07-01,2024-07,1363,North,Basic,Active,10.00,10.00,0,0,0.00,"Clean Transaction"
2024-07-01,2024-07,1364,South,Pro,Active,50.00,50.00,0,0,0.00,"Clean Transaction"
2024-07-01,2024-07,1365,East,Pro,Active,50.00,50.00,0,0,0.00,"Clean Transaction"
2024-07-01,2024-07,1366,East,Pro,Active,50.00,50.00,0,0,0.00,"Clean Transaction"
2024-07-01,2024-07,1367,South,Enterprise,Active,200.00,200.00,0,0,0.00,"Clean Transaction"
2024-07-01,2024-07,1368,South,Pro,Active,50.00,50.00,0,0,0.00,"Clean Transaction"
2024-07-01,2024-07,1369,East,Basic,Cancelled,10.00,10.00,0,0,0.00,"Clean Transaction"
2024-07-01,2024-07,1370,East,Basic,Active,10.00,10.00,0,0,0.00,"Clean Transaction"
2024-07-01,2024-07,1371,West,Enterprise,Active,200.00,200.00,0,0,0.00,"Clean Transaction"
2024-07-01,2024-07,1372,West,Pro,Active,50.00,50.00,0,0,0.00,"Clean Transaction"
2024-07-01,2024-07,1373,South,Pro,Cancelled,50.00,50.00,0,0,0.00,"Clean Transaction"
2024-07-01,2024-07,1374,West,Pro,Active,50.00,50.00,0,0,0.00,"Clean Transaction"
2024-07-01,2024-07,1375,North,Basic,Active,10.00,10.00,0,0,0.00,"Clean Transaction"
2024-07-01,2024-07,1376,West,Pro,Active,50.00,50.00,0,0,0.00,"Clean Transaction"
2024-07-01,2024-07,1377,West,Basic,Active,10.00,10.00,0,0,0.00,"Clean Transaction"
2024-07-01,2024-07,1378,North,Enterprise,Active,200.00,200.00,0,0,0.00,"Clean Transaction"
2024-07-01,2024-07,1379,South,Pro,Active,50.00,50.00,0,0,0.00,"Clean Transaction"
2024-07-01,2024-07,1380,North,Enterprise,Active,200.00,200.00,0,0,0.00,"Clean Transaction"
2024-07-01,2024-07,1381,West,Pro,Active,50.00,50.00,0,0,0.00,"Clean Transaction"
2024-07-01,2024-07,1382,South,Pro,Cancelled,50.00,50.00,0,0,0.00,"Clean Transaction"
2024-07-01,2024-07,1383,West,Basic,Active,10.00,10.00,0,0,0.00,"Clean Transaction"
2024-07-01,2024-07,1384,North,Basic,Active,10.00,10.00,0,0,0.00,"Clean Transaction"
2024-07-01,2024-07,1385,North,Enterprise,Active,200.00,200.00,0,0,0.00,"Clean Transaction"
2024-07-01,2024-07,1386,West,Basic,Active,10.00,10.00,0,0,0.00,"Clean Transaction"
2024-07-01,2024-07,1388,East,Basic,Active,10.00,10.00,0,0,0.00,"Clean Transaction"
2024-07-01,2024-07,1389,North,Basic,Active,10.00,10.00,0,0,0.00,"Clean Transaction"
2024-07-01,2024-07,1390,North,Basic,Active,10.00,10.00,0,0,0.00,"Clean Transaction"
2024-07-01,2024-07,1391,East,Pro,Active,50.00,50.00,0,0,0.00,"Clean Transaction"
2024-07-01,2024-07,1392,East,Basic,Active,10.00,10.00,0,0,0.00,"Clean Transaction"
2024-07-01,2024-07,1393,West,Pro,Active,50.00,50.00,0,0,0.00,"Clean Transaction"
2024-07-01,2024-07,1394,West,Basic,Active,10.00,10.00,0,0,0.00,"Clean Transaction"
2024-07-01,2024-07,1395,East,Basic,Active,10.00,10.00,0,0,0.00,"Clean Transaction"
2024-07-01,2024-07,1396,West,Enterprise,Active,200.00,200.00,0,0,0.00,"Clean Transaction"
2024-07-01,2024-07,1397,West,Pro,Active,50.00,50.00,0,0,0.00,"Clean Transaction"
2024-07-01,2024-07,1398,South,Enterprise,Active,200.00,200.00,0,0,0.00,"Clean Transaction"
2024-07-01,2024-07,1399,West,Basic,Active,10.00,10.00,0,0,0.00,"Clean Transaction"
2024-07-01,2024-07,1400,North,Enterprise,Active,200.00,200.00,0,0,0.00,"Clean Transaction"
2024-07-01,2024-07,1401,West,Pro,Active,50.00,50.00,0,0,0.00,"Clean Transaction"
2024-07-01,2024-07,1403,East,Enterprise,Active,200.00,200.00,0,0,0.00,"Clean Transaction"
2024-07-01,2024-07,1404,North,Basic,Active,10.00,10.00,0,0,0.00,"Clean Transaction"
2024-07-01,2024-07,1405,West,Pro,Active,50.00,50.00,0,0,0.00,"Clean Transaction"
2024-07-01,2024-07,1406,West,Pro,Active,50.00,50.00,0,0,0.00,"Clean Transaction"
2024-07-01,2024-07,1407,South,Pro,Active,50.00,0.00,1,0,50.00,"Unpaid Invoice"
2024-07-01,2024-07,1408,West,Basic,Active,10.00,10.00,0,0,0.00,"Clean Transaction"
2024-07-01,2024-07,1409,West,Basic,Active,10.00,10.00,0,0,0.00,"Clean Transaction"
2024-07-01,2024-07,1410,South,Enterprise,Active,200.00,200.00,0,0,0.00,"Clean Transaction"
2024-07-01,2024-07,1411,East,Pro,Active,50.00,47.53,0,0,2.47,"Partial Payment"
2024-07-01,2024-07,1412,West,Enterprise,Active,200.00,200.00,0,0,0.00,"Clean Transaction"
2024-07-01,2024-07,1413,South,Enterprise,Active,200.00,200.00,0,0,0.00,"Clean Transaction"
2024-07-01,2024-07,1414,North,Enterprise,Active,200.00,200.00,0,0,0.00,"Clean Transaction"
2024-07-01,2024-07,1415,East,Basic,Cancelled,10.00,10.00,0,0,0.00,"Clean Transaction"
2024-07-01,2024-07,1416,North,Pro,Active,50.00,50.00,0,0,0.00,"Clean Transaction"
2024-07-01,2024-07,1417,North,Enterprise,Active,200.00,200.00,0,0,0.00,"Clean Transaction"
2024-07-01,2024-07,1418,South,Enterprise,Active,200.00,200.00,0,0,0.00,"Clean Transaction"
2024-07-01,2024-07,1419,West,Pro,Active,50.00,50.00,0,0,0.00,"Clean Transaction"
2024-07-01,2024-07,1420,South,Basic,Active,10.00,10.00,0,0,0.00,"Clean Transaction"
2024-07-01,2024-07,1421,South,Pro,Active,50.00,50.00,0,0,0.00,"Clean Transaction"
2024-07-01,2024-07,1422,South,Pro,Active,50.00,50.00,0,0,0.00,"Clean Transaction"
2024-07-01,2024-07,1423,South,Enterprise,Active,200.00,200.00,0,0,0.00,"Clean Transaction"
2024-07-01,2024-07,1424,East,Basic,Active,10.00,10.00,0,0,0.00,"Clean Transaction"
2024-07-01,2024-07,1425,West,Pro,Active,50.00,50.00,0,0,0.00,"Clean Transaction"
2024-07-01,2024-07,1426,North,Basic,Active,10.00,10.00,0,0,0.00,"Clean Transaction"
2024-07-01,2024-07,1427,North,Basic,Active,10.00,10.00,0,0,0.00,"Clean Transaction"
2024-07-01,2024-07,1428,West,Basic,Active,10.00,10.00,0,0,0.00,"Clean Transaction"
2024-07-01,2024-07,1429,North,Pro,Active,50.00,50.00,0,0,0.00,"Clean Transaction"
2024-07-01,2024-07,1430,West,Pro,Active,50.00,50.00,0,0,0.00,"Clean Transaction"
2024-07-01,2024-07,1431,North,Basic,Active,10.00,10.00,0,0,0.00,"Clean Transaction"
2024-07-01,2024-07,1432,South,Pro,Active,50.00,48.83,0,0,1.17,"Partial Payment"
2024-07-01,2024-07,1433,North,Enterprise,Active,200.00,200.00,0,0,0.00,"Clean Transaction"
2024-07-01,2024-07,1434,West,Enterprise,Active,200.00,200.00,0,0,0.00,"Clean Transaction"
2024-07-01,2024-07,1435,West,Enterprise,Active,200.00,193.95,0,0,6.05,"Partial Payment"
2024-07-01,2024-07,1436,West,Basic,Active,10.00,10.00,0,0,0.00,"Clean Transaction"
2024-07-01,2024-07,1437,West,Basic,Active,10.00,10.00,0,0,0.00,"Clean Transaction"
2024-07-01,2024-07,1438,West,Pro,Active,50.00,50.00,0,0,0.00,"Clean Transaction"
2024-07-01,2024-07,1439,East,Enterprise,Active,200.00,200.00,0,0,0.00,"Clean Transaction"
2024-07-01,2024-07,1440,East,Pro,Active,50.00,50.00,0,0,0.00,"Clean Transaction"
2024-07-01,2024-07,1441,North,Basic,Active,10.00,10.00,0,0,0.00,"Clean Transaction"
2024-07-01,2024-07,1442,West,Enterprise,Active,200.00,200.00,0,0,0.00,"Clean Transaction"
2024-07-01,2024-07,1443,North,Enterprise,Active,200.00,200.00,0,0,0.00,"Clean Transaction"
2024-07-01,2024-07,1444,West,Enterprise,Active,200.00,200.00,0,0,0.00,"Clean Transaction"
2024-07-01,2024-07,1445,West,Pro,Active,50.00,50.00,0,0,0.00,"Clean Transaction"
2024-07-01,2024-07,1446,East,Pro,Active,50.00,50.00,0,0,0.00,"Clean Transaction"
2024-07-01,2024-07,1447,East,Basic,Active,10.00,10.00,0,0,0.00,"Clean Transaction"
2024-07-01,2024-07,1448,South,Enterprise,Cancelled,200.00,200.00,0,0,0.00,"Clean Transaction"
2024-07-01,2024-07,1449,East,Enterprise,Active,200.00,200.00,0,0,0.00,"Clean Transaction"
2024-07-01,2024-07,1450,South,Basic,Active,10.00,10.00,0,0,0.00,"Clean Transaction"
2024-07-01,2024-07,1451,South,Basic,Active,10.00,10.00,0,0,0.00,"Clean Transaction"
2024-07-01,2024-07,1452,South,Basic,Active,10.00,10.00,0,0,0.00,"Clean Transaction"
2024-07-01,2024-07,1453,South,Enterprise,Active,200.00,200.00,0,0,0.00,"Clean Transaction"
2024-07-01,2024-07,1454,South,Pro,Active,50.00,48.19,0,0,1.81,"Partial Payment"
2024-07-01,2024-07,1455,North,Pro,Active,50.00,50.00,0,0,0.00,"Clean Transaction"
2024-07-01,2024-07,1456,East,Pro,Active,50.00,50.00,0,0,0.00,"Clean Transaction"
2024-07-01,2024-07,1457,South,Pro,Active,50.00,50.00,0,0,0.00,"Clean Transaction"
2024-07-01,2024-07,1458,West,Basic,Active,10.00,10.00,0,0,0.00,"Clean Transaction"
2024-07-01,2024-07,1459,East,Basic,Active,10.00,10.00,0,0,0.00,"Clean Transaction"
2024-07-01,2024-07,1460,East,Pro,Active,50.00,50.00,0,0,0.00,"Clean Transaction"
2024-07-01,2024-07,1461,South,Basic,Active,10.00,10.00,0,0,0.00,"Clean Transaction"
2024-07-01,2024-07,1462,North,Enterprise,Active,200.00,200.00,0,0,0.00,"Clean Transaction"
2024-07-01,2024-07,1463,South,Enterprise,Active,200.00,200.00,0,0,0.00,"Clean Transaction"
2024-07-01,2024-07,1464,North,Pro,Active,50.00,50.00,0,0,0.00,"Clean Transaction"
2024-07-01,2024-07,1465,West,Basic,Active,10.00,10.00,0,0,0.00,"Clean Transaction"
2024-07-01,2024-07,1466,East,Pro,Active,50.00,50.00,0,0,0.00,"Clean Transaction"
2024-07-01,2024-07,1467,West,Basic,Cancelled,10.00,10.00,0,0,0.00,"Clean Transaction"
2024-07-01,2024-07,1468,North,Pro,Active,50.00,50.00,0,0,0.00,"Clean Transaction"
2024-07-01,2024-07,1470,West,Pro,Active,50.00,50.00,0,0,0.00,"Clean Transaction"
2024-07-01,2024-07,1471,North,Pro,Active,50.00,50.00,0,0,0.00,"Clean Transaction"
2024-07-01,2024-07,1472,West,Pro,Active,50.00,50.00,0,0,0.00,"Clean Transaction"
2024-07-01,2024-07,1473,East,Pro,Active,50.00,50.00,0,0,0.00,"Clean Transaction"
2024-07-01,2024-07,1474,West,Basic,Active,10.00,10.00,0,0,0.00,"Clean Transaction"
2024-07-01,2024-07,1475,East,Enterprise,Active,200.00,200.00,0,0,0.00,"Clean Transaction"
2024-07-01,2024-07,1476,West,Pro,Active,50.00,50.00,0,0,0.00,"Clean Transaction"
2024-07-01,2024-07,1477,North,Pro,Active,50.00,48.23,0,0,1.77,"Partial Payment"
2024-07-01,2024-07,1478,West,Enterprise,Active,200.00,200.00,0,0,0.00,"Clean Transaction"
2024-07-01,2024-07,1479,North,Basic,Active,10.00,10.00,0,0,0.00,"Clean Transaction"
2024-07-01,2024-07,1480,West,Pro,Active,50.00,50.00,0,0,0.00,"Clean Transaction"
2024-07-01,2024-07,1481,West,Pro,Active,50.00,50.00,0,0,0.00,"Clean Transaction"
2024-07-01,2024-07,1482,South,Basic,Active,10.00,10.00,0,0,0.00,"Clean Transaction"
2024-07-01,2024-07,1483,North,Enterprise,Active,200.00,200.00,0,0,0.00,"Clean Transaction"
2024-07-01,2024-07,1484,South,Pro,Active,50.00,50.00,0,0,0.00,"Clean Transaction"
2024-07-01,2024-07,1485,North,Enterprise,Active,200.00,200.00,0,0,0.00,"Clean Transaction"
2024-07-01,2024-07,1486,South,Pro,Active,50.00,47.61,0,0,2.39,"Partial Payment"
2024-07-01,2024-07,1487,East,Basic,Active,10.00,10.00,0,0,0.00,"Clean Transaction"
2024-07-01,2024-07,1488,West,Basic,Active,10.00,10.00,0,0,0.00,"Clean Transaction"
2024-07-01,2024-07,1489,North,Pro,Active,50.00,50.00,0,0,0.00,"Clean Transaction"
2024-07-01,2024-07,1490,North,Basic,Active,10.00,10.00,0,0,0.00,"Clean Transaction"
2024-07-01,2024-07,1491,West,Enterprise,Active,200.00,0.00,1,0,200.00,"Unpaid Invoice"
2024-07-01,2024-07,1492,North,Basic,Active,10.00,10.00,0,0,0.00,"Clean Transaction"
2024-07-01,2024-07,1493,North,Basic,Active,10.00,10.00,0,0,0.00,"Clean Transaction"
2024-07-01,2024-07,1494,South,Pro,Active,50.00,50.00,0,0,0.00,"Clean Transaction"
2024-07-01,2024-07,1495,North,Enterprise,Active,200.00,200.00,0,0,0.00,"Clean Transaction"
2024-07-01,2024-07,1496,East,Basic,Active,10.00,10.00,0,0,0.00,"Clean Transaction"
2024-07-01,2024-07,1497,East,Pro,Cancelled,50.00,50.00,0,0,0.00,"Clean Transaction"
2024-07-01,2024-07,1498,West,Basic,Active,10.00,10.00,0,0,0.00,"Clean Transaction"
2024-07-01,2024-07,1499,North,Basic,Active,10.00,10.00,0,0,0.00,"Clean Transaction"
2024-07-01,2024-07,1500,West,Basic,Active,10.00,10.00,0,0,0.00,"Clean Transaction"
2024-07-01,2024-07,1501,East,Enterprise,Active,200.00,200.00,0,0,0.00,"Clean Transaction"
2024-07-01,2024-07,1502,North,Enterprise,Active,200.00,200.00,0,0,0.00,"Clean Transaction"
2024-07-01,2024-07,1503,North,Enterprise,Active,200.00,200.00,0,0,0.00,"Clean Transaction"
2024-07-01,2024-07,1504,West,Pro,Active,50.00,50.00,0,0,0.00,"Clean Transaction"
2024-07-01,2024-07,1505,East,Basic,Active,10.00,10.00,0,0,0.00,"Clean Transaction"
2024-07-01,2024-07,1506,North,Enterprise,Active,200.00,200.00,0,0,0.00,"Clean Transaction"
2024-07-01,2024-07,1507,West,Basic,Active,10.00,10.00,0,0,0.00,"Clean Transaction"
2024-07-01,2024-07,1508,East,Basic,Active,10.00,10.00,0,0,0.00,"Clean Transaction"
2024-07-01,2024-07,1509,West,Enterprise,Active,200.00,200.00,0,0,0.00,"Clean Transaction"
2024-07-01,2024-07,1510,South,Pro,Active,50.00,50.00,0,0,0.00,"Clean Transaction"
2024-07-01,2024-07,1511,North,Basic,Active,10.00,10.00,0,0,0.00,"Clean Transaction"
2024-07-01,2024-07,1512,South,Basic,Cancelled,10.00,10.00,0,0,0.00,"Clean Transaction"
2024-07-01,2024-07,1513,East,Enterprise,Active,200.00,200.00,0,0,0.00,"Clean Transaction"
2024-07-01,2024-07,1514,South,Basic,Active,10.00,10.00,0,0,0.00,"Clean Transaction"
2024-07-01,2024-07,1515,South,Pro,Active,50.00,50.00,0,0,0.00,"Clean Transaction"
2024-07-01,2024-07,1516,East,Basic,Active,10.00,10.00,0,0,0.00,"Clean Transaction"
2024-07-01,2024-07,1517,West,Pro,Active,50.00,50.00,0,0,0.00,"Clean Transaction"
2024-07-01,2024-07,1518,South,Basic,Active,10.00,0.00,1,0,10.00,"Unpaid Invoice"
2024-07-01,2024-07,1519,West,Basic,Active,10.00,10.00,0,0,0.00,"Clean Transaction"
2024-07-01,2024-07,1520,South,Basic,Active,10.00,10.00,0,0,0.00,"Clean Transaction"
2024-07-01,2024-07,1521,West,Pro,Active,50.00,50.00,0,0,0.00,"Clean Transaction"
2024-07-01,2024-07,1522,East,Enterprise,Active,200.00,200.00,0,0,0.00,"Clean Transaction"
2024-07-01,2024-07,1523,South,Basic,Active,10.00,10.00,0,0,0.00,"Clean Transaction"
2024-07-01,2024-07,1524,East,Basic,Active,10.00,10.00,0,0,0.00,"Clean Transaction"
2024-07-01,2024-07,1525,South,Basic,Active,10.00,10.00,0,0,0.00,"Clean Transaction"
2024-07-01,2024-07,1527,East,Enterprise,Active,200.00,200.00,0,0,0.00,"Clean Transaction"
2024-07-01,2024-07,1529,South,Pro,Active,50.00,50.00,0,0,0.00,"Clean Transaction"
2024-07-01,2024-07,1530,South,Enterprise,Active,200.00,200.00,0,0,0.00,"Clean Transaction"
2024-07-01,2024-07,1531,North,Enterprise,Active,200.00,200.00,0,0,0.00,"Clean Transaction"
2024-07-01,2024-07,1532,West,Basic,Active,10.00,10.00,0,0,0.00,"Clean Transaction"
2024-07-01,2024-07,1533,North,Pro,Active,50.00,50.00,0,0,0.00,"Clean Transaction"
2024-07-01,2024-07,1534,North,Basic,Cancelled,10.00,10.00,0,0,0.00,"Clean Transaction"
2024-07-01,2024-07,1535,East,Basic,Active,10.00,10.00,0,0,0.00,"Clean Transaction"
2024-07-01,2024-07,1536,South,Pro,Active,50.00,50.00,0,0,0.00,"Clean Transaction"
2024-07-01,2024-07,1537,West,Pro,Active,50.00,50.00,0,0,0.00,"Clean Transaction"
2024-07-01,2024-07,1538,East,Pro,Active,50.00,45.04,0,0,4.96,"Partial Payment"
2024-07-01,2024-07,1539,North,Basic,Cancelled,10.00,10.00,0,0,0.00,"Clean Transaction"
2024-07-01,2024-07,1540,South,Pro,Active,50.00,50.00,0,0,0.00,"Clean Transaction"
2024-07-01,2024-07,1541,East,Enterprise,Active,200.00,200.00,0,0,0.00,"Clean Transaction"
2024-07-01,2024-07,1542,South,Pro,Active,50.00,50.00,0,0,0.00,"Clean Transaction"
2024-07-01,2024-07,1543,East,Pro,Cancelled,50.00,50.00,0,0,0.00,"Clean Transaction"
2024-07-01,2024-07,1544,South,Pro,Cancelled,50.00,50.00,0,0,0.00,"Clean Transaction"
2024-07-01,2024-07,1545,North,Pro,Active,50.00,50.00,0,0,0.00,"Clean Transaction"
2024-07-01,2024-07,1546,West,Enterprise,Active,200.00,194.08,0,0,5.92,"Partial Payment"
2024-07-01,2024-07,1548,West,Basic,Active,10.00,10.00,0,0,0.00,"Clean Transaction"
2024-07-01,2024-07,1549,South,Pro,Active,50.00,50.00,0,0,0.00,"Clean Transaction"
2024-07-01,2024-07,1550,East,Pro,Active,50.00,50.00,0,0,0.00,"Clean Transaction"
2024-07-01,2024-07,1551,North,Enterprise,Active,200.00,200.00,0,0,0.00,"Clean Transaction"
2024-07-01,2024-07,1552,West,Pro,Cancelled,50.00,50.00,0,0,0.00,"Clean Transaction"
2024-07-01,2024-07,1553,North,Pro,Active,50.00,50.00,0,0,0.00,"Clean Transaction"
2024-07-01,2024-07,1556,West,Basic,Active,10.00,10.00,0,0,0.00,"Clean Transaction"
2024-07-01,2024-07,1558,South,Enterprise,Active,200.00,200.00,0,0,0.00,"Clean Transaction"
2024-07-01,2024-07,1559,West,Basic,Active,10.00,10.00,0,0,0.00,"Clean Transaction"
2024-07-01,2024-07,1560,South,Enterprise,Active,200.00,200.00,0,0,0.00,"Clean Transaction"
2024-07-01,2024-07,1561,West,Enterprise,Active,200.00,200.00,0,0,0.00,"Clean Transaction"
2024-07-01,2024-07,1562,East,Basic,Active,10.00,10.00,0,0,0.00,"Clean Transaction"
2024-07-01,2024-07,1563,East,Enterprise,Active,200.00,200.00,0,0,0.00,"Clean Transaction"
2024-07-01,2024-07,1564,East,Pro,Active,50.00,50.00,0,0,0.00,"Clean Transaction"
2024-07-01,2024-07,1565,West,Basic,Active,10.00,10.00,0,0,0.00,"Clean Transaction"
2024-07-01,2024-07,1566,South,Enterprise,Active,200.00,200.00,0,0,0.00,"Clean Transaction"
2024-07-01,2024-07,1567,South,Basic,Active,10.00,10.00,0,0,0.00,"Clean Transaction"
2024-07-01,2024-07,1568,West,Pro,Active,50.00,50.00,0,0,0.00,"Clean Transaction"
2024-07-01,2024-07,1569,East,Pro,Active,50.00,50.00,0,0,0.00,"Clean Transaction"
2024-07-01,2024-07,1570,East,Pro,Active,50.00,50.00,0,0,0.00,"Clean Transaction"
2024-07-01,2024-07,1571,South,Basic,Active,10.00,10.00,0,0,0.00,"Clean Transaction"
2024-07-01,2024-07,1573,North,Basic,Active,10.00,10.00,0,0,0.00,"Clean Transaction"
2024-07-01,2024-07,1574,South,Basic,Active,10.00,10.00,0,0,0.00,"Clean Transaction"
2024-07-01,2024-07,1575,East,Pro,Active,50.00,50.00,0,0,0.00,"Clean Transaction"
2024-07-01,2024-07,1576,South,Pro,Active,50.00,50.00,0,0,0.00,"Clean Transaction"
2024-07-01,2024-07,1577,North,Pro,Cancelled,50.00,50.00,0,0,0.00,"Clean Transaction"
2024-07-01,2024-07,1578,South,Basic,Active,10.00,10.00,0,0,0.00,"Clean Transaction"
2024-07-01,2024-07,1579,South,Basic,Active,10.00,10.00,0,0,0.00,"Clean Transaction"
2024-07-01,2024-07,1580,South,Basic,Active,10.00,10.00,0,0,0.00,"Clean Transaction"
2024-07-01,2024-07,1581,South,Pro,Active,50.00,50.00,0,0,0.00,"Clean Transaction"
2024-07-01,2024-07,1582,North,Pro,Active,50.00,50.00,0,0,0.00,"Clean Transaction"
2024-07-01,2024-07,1583,West,Enterprise,Cancelled,200.00,200.00,0,0,0.00,"Clean Transaction"
2024-07-01,2024-07,1585,South,Enterprise,Active,200.00,200.00,0,0,0.00,"Clean Transaction"
2024-07-01,2024-07,1586,East,Pro,Active,50.00,50.00,0,0,0.00,"Clean Transaction"
2024-07-01,2024-07,1587,South,Basic,Active,10.00,10.00,0,0,0.00,"Clean Transaction"
2024-07-01,2024-07,1588,East,Basic,Active,10.00,10.00,0,0,0.00,"Clean Transaction"
2024-07-01,2024-07,1589,West,Enterprise,Active,200.00,200.00,0,0,0.00,"Clean Transaction"
2024-07-01,2024-07,1590,North,Basic,Active,10.00,10.00,0,0,0.00,"Clean Transaction"
2024-07-01,2024-07,1591,North,Enterprise,Active,200.00,200.00,0,0,0.00,"Clean Transaction"
2024-07-01,2024-07,1592,West,Pro,Active,50.00,49.35,0,0,0.65,"Partial Payment"
2024-07-01,2024-07,1593,North,Basic,Active,10.00,10.00,0,0,0.00,"Clean Transaction"
2024-07-01,2024-07,1594,West,Basic,Active,10.00,10.00,0,0,0.00,"Clean Transaction"
2024-07-01,2024-07,1595,West,Pro,Active,50.00,50.00,0,0,0.00,"Clean Transaction"
2024-07-01,2024-07,1596,West,Pro,Cancelled,50.00,0.00,1,0,50.00,"Unpaid Invoice"
2024-07-01,2024-07,1597,North,Pro,Active,50.00,50.00,0,0,0.00,"Clean Transaction"
2024-07-01,2024-07,1599,West,Basic,Active,10.00,10.00,0,0,0.00,"Clean Transaction"
2024-07-01,2024-07,1600,South,Basic,Active,10.00,10.00,0,0,0.00,"Clean Transaction"
2024-07-01,2024-07,1601,North,Pro,Active,50.00,50.00,0,0,0.00,"Clean Transaction"
2024-07-01,2024-07,1602,West,Basic,Active,10.00,10.00,0,0,0.00,"Clean Transaction"
2024-07-01,2024-07,1603,West,Pro,Cancelled,50.00,50.00,0,0,0.00,"Clean Transaction"
2024-07-01,2024-07,1604,South,Basic,Active,10.00,10.00,0,0,0.00,"Clean Transaction"
2024-07-01,2024-07,1605,East,Basic,Active,10.00,10.00,0,0,0.00,"Clean Transaction"
2024-07-01,2024-07,1607,East,Enterprise,Active,200.00,200.00,0,0,0.00,"Clean Transaction"
2024-07-01,2024-07,1608,West,Pro,Active,50.00,50.00,0,0,0.00,"Clean Transaction"
2024-07-01,2024-07,1609,West,Pro,Active,50.00,50.00,0,0,0.00,"Clean Transaction"
2024-07-01,2024-07,1610,West,Basic,Active,10.00,10.00,0,0,0.00,"Clean Transaction"
2024-07-01,2024-07,1612,South,Basic,Active,10.00,9.30,0,0,0.70,"Partial Payment"
2024-07-01,2024-07,1613,West,Enterprise,Active,200.00,200.00,0,0,0.00,"Clean Transaction"
2024-07-01,2024-07,1614,South,Enterprise,Cancelled,200.00,200.00,0,0,0.00,"Clean Transaction"
2024-07-01,2024-07,1615,South,Enterprise,Active,200.00,200.00,0,0,0.00,"Clean Transaction"
2024-07-01,2024-07,1616,East,Pro,Active,50.00,50.00,0,0,0.00,"Clean Transaction"
2024-07-01,2024-07,1617,North,Basic,Active,10.00,0.00,1,0,10.00,"Unpaid Invoice"
2024-07-01,2024-07,1618,West,Enterprise,Active,200.00,200.00,0,0,0.00,"Clean Transaction"
2024-07-01,2024-07,1619,East,Basic,Active,10.00,10.00,0,0,0.00,"Clean Transaction"
2024-07-01,2024-07,1620,East,Basic,Active,10.00,10.00,0,0,0.00,"Clean Transaction"
2024-07-01,2024-07,1623,East,Basic,Active,10.00,10.00,0,0,0.00,"Clean Transaction"
2024-07-01,2024-07,1624,South,Pro,Active,50.00,48.79,0,0,1.21,"Partial Payment"
2024-07-01,2024-07,1626,South,Pro,Active,50.00,50.00,0,0,0.00,"Clean Transaction"
2024-07-01,2024-07,1627,North,Pro,Active,50.00,50.00,0,0,0.00,"Clean Transaction"
2024-07-01,2024-07,1628,South,Basic,Active,10.00,10.00,0,0,0.00,"Clean Transaction"
2024-07-01,2024-07,1630,East,Enterprise,Active,200.00,200.00,0,0,0.00,"Clean Transaction"
2024-07-01,2024-07,1631,North,Pro,Active,50.00,50.00,0,0,0.00,"Clean Transaction"
2024-07-01,2024-07,1632,West,Basic,Cancelled,10.00,10.00,0,0,0.00,"Clean Transaction"
2024-07-01,2024-07,1633,North,Pro,Active,50.00,50.00,0,0,0.00,"Clean Transaction"
2024-07-01,2024-07,1634,North,Pro,Active,50.00,50.00,0,0,0.00,"Clean Transaction"
2024-07-01,2024-07,1635,South,Basic,Active,10.00,10.00,0,0,0.00,"Clean Transaction"
2024-07-01,2024-07,1636,South,Pro,Active,50.00,50.00,0,0,0.00,"Clean Transaction"
2024-07-01,2024-07,1637,North,Pro,Active,50.00,50.00,0,0,0.00,"Clean Transaction"
2024-07-01,2024-07,1638,East,Pro,Active,50.00,50.00,0,0,0.00,"Clean Transaction"
2024-07-01,2024-07,1639,South,Basic,Active,10.00,10.00,0,0,0.00,"Clean Transaction"
2024-07-01,2024-07,1640,West,Pro,Active,50.00,50.00,0,0,0.00,"Clean Transaction"
2024-07-01,2024-07,1641,South,Basic,Active,10.00,10.00,0,0,0.00,"Clean Transaction"
2024-07-01,2024-07,1643,West,Pro,Active,50.00,50.00,0,0,0.00,"Clean Transaction"
2024-07-01,2024-07,1644,North,Basic,Active,10.00,10.00,0,0,0.00,"Clean Transaction"
2024-07-01,2024-07,1645,West,Enterprise,Active,200.00,0.00,1,0,200.00,"Unpaid Invoice"
2024-07-01,2024-07,1647,North,Pro,Active,50.00,50.00,0,0,0.00,"Clean Transaction"
2024-07-01,2024-07,1648,North,Enterprise,Active,200.00,200.00,0,0,0.00,"Clean Transaction"
2024-07-01,2024-07,1649,West,Enterprise,Active,200.00,200.00,0,0,0.00,"Clean Transaction"
2024-07-01,2024-07,1650,North,Basic,Active,10.00,10.00,0,0,0.00,"Clean Transaction"
2024-07-01,2024-07,1651,East,Enterprise,Active,200.00,186.46,0,0,13.54,"Partial Payment"
2024-07-01,2024-07,1652,West,Pro,Active,50.00,50.00,0,0,0.00,"Clean Transaction"
2024-07-01,2024-07,1654,North,Enterprise,Active,200.00,200.00,0,0,0.00,"Clean Transaction"
2024-07-01,2024-07,1655,South,Basic,Active,10.00,10.00,0,0,0.00,"Clean Transaction"
2024-07-01,2024-07,1656,North,Pro,Active,50.00,50.00,0,0,0.00,"Clean Transaction"
2024-07-01,2024-07,1657,East,Pro,Active,50.00,50.00,0,0,0.00,"Clean Transaction"
2024-07-01,2024-07,1658,East,Enterprise,Active,200.00,0.00,1,0,200.00,"Unpaid Invoice"
2024-07-01,2024-07,1659,West,Basic,Cancelled,10.00,10.00,0,0,0.00,"Clean Transaction"
2024-07-01,2024-07,1661,West,Pro,Active,50.00,50.00,0,0,0.00,"Clean Transaction"
2024-07-01,2024-07,1662,East,Basic,Active,10.00,10.00,0,0,0.00,"Clean Transaction"
2024-07-01,2024-07,1663,North,Basic,Active,10.00,10.00,0,0,0.00,"Clean Transaction"
2024-07-01,2024-07,1664,South,Pro,Active,50.00,50.00,0,0,0.00,"Clean Transaction"
2024-07-01,2024-07,1665,North,Pro,Active,50.00,50.00,0,0,0.00,"Clean Transaction"
2024-07-01,2024-07,1666,North,Enterprise,Active,200.00,200.00,0,0,0.00,"Clean Transaction"
2024-07-01,2024-07,1667,South,Enterprise,Active,200.00,200.00,0,0,0.00,"Clean Transaction"
2024-07-01,2024-07,1668,West,Basic,Active,10.00,10.00,0,0,0.00,"Clean Transaction"
2024-07-01,2024-07,1669,North,Pro,Active,50.00,46.34,0,0,3.66,"Partial Payment"
2024-07-01,2024-07,1670,East,Enterprise,Active,200.00,200.00,0,0,0.00,"Clean Transaction"
2024-07-01,2024-07,1671,North,Pro,Active,50.00,50.00,0,0,0.00,"Clean Transaction"
2024-07-01,2024-07,1672,South,Enterprise,Active,200.00,200.00,0,0,0.00,"Clean Transaction"
2024-07-01,2024-07,1673,South,Basic,Active,10.00,10.00,0,0,0.00,"Clean Transaction"
2024-07-01,2024-07,1674,South,Pro,Active,50.00,50.00,0,0,0.00,"Clean Transaction"
2024-07-01,2024-07,1675,West,Enterprise,Active,200.00,200.00,0,0,0.00,"Clean Transaction"
2024-07-01,2024-07,1676,North,Pro,Active,50.00,50.00,0,0,0.00,"Clean Transaction"
2024-07-01,2024-07,1677,West,Basic,Active,10.00,10.00,0,0,0.00,"Clean Transaction"
2024-07-01,2024-07,1678,West,Basic,Active,10.00,10.00,0,0,0.00,"Clean Transaction"
2024-07-01,2024-07,1679,South,Basic,Active,10.00,10.00,0,0,0.00,"Clean Transaction"
2024-07-01,2024-07,1680,South,Enterprise,Active,200.00,200.00,0,0,0.00,"Clean Transaction"
2024-07-01,2024-07,1681,West,Pro,Active,50.00,50.00,0,0,0.00,"Clean Transaction"
2024-07-01,2024-07,1682,North,Basic,Active,10.00,10.00,0,0,0.00,"Clean Transaction"
2024-07-01,2024-07,1683,East,Enterprise,Active,200.00,200.00,0,0,0.00,"Clean Transaction"
2024-07-01,2024-07,1684,West,Basic,Active,10.00,10.00,0,0,0.00,"Clean Transaction"
2024-07-01,2024-07,1685,North,Pro,Active,50.00,50.00,0,0,0.00,"Clean Transaction"
2024-07-01,2024-07,1686,South,Basic,Active,10.00,10.00,0,0,0.00,"Clean Transaction"
2024-07-01,2024-07,1687,South,Enterprise,Active,200.00,200.00,0,0,0.00,"Clean Transaction"
2024-07-01,2024-07,1688,North,Basic,Active,10.00,10.00,0,0,0.00,"Clean Transaction"
2024-07-01,2024-07,1689,East,Basic,Active,10.00,10.00,0,0,0.00,"Clean Transaction"
2024-07-01,2024-07,1690,South,Enterprise,Active,200.00,200.00,0,0,0.00,"Clean Transaction"
2024-07-01,2024-07,1691,South,Basic,Active,10.00,10.00,0,0,0.00,"Clean Transaction"
2024-07-01,2024-07,1692,South,Basic,Cancelled,10.00,10.00,0,0,0.00,"Clean Transaction"
2024-07-01,2024-07,1693,North,Basic,Active,10.00,10.00,0,0,0.00,"Clean Transaction"
2024-07-01,2024-07,1694,West,Enterprise,Active,200.00,200.00,0,0,0.00,"Clean Transaction"
2024-07-01,2024-07,1695,South,Enterprise,Active,200.00,200.00,0,0,0.00,"Clean Transaction"
2024-07-01,2024-07,1696,West,Pro,Active,50.00,50.00,0,0,0.00,"Clean Transaction"
2024-07-01,2024-07,1697,East,Basic,Active,10.00,10.00,0,0,0.00,"Clean Transaction"
2024-07-01,2024-07,1698,South,Enterprise,Active,200.00,200.00,0,0,0.00,"Clean Transaction"
2024-07-01,2024-07,1699,South,Basic,Active,10.00,10.00,0,0,0.00,"Clean Transaction"
2024-07-01,2024-07,1701,South,Basic,Active,10.00,10.00,0,0,0.00,"Clean Transaction"
2024-07-01,2024-07,1702,West,Basic,Cancelled,10.00,10.00,0,0,0.00,"Clean Transaction"
2024-07-01,2024-07,1703,North,Basic,Active,10.00,10.00,0,0,0.00,"Clean Transaction"
2024-07-01,2024-07,1704,West,Enterprise,Active,200.00,200.00,0,0,0.00,"Clean Transaction"
2024-07-01,2024-07,1705,North,Basic,Active,10.00,10.00,0,0,0.00,"Clean Transaction"
2024-07-01,2024-07,1706,North,Enterprise,Active,200.00,200.00,0,0,0.00,"Clean Transaction"
2024-07-01,2024-07,1707,West,Pro,Active,50.00,50.00,0,0,0.00,"Clean Transaction"
2024-07-01,2024-07,1708,West,Enterprise,Active,200.00,200.00,0,0,0.00,"Clean Transaction"
2024-07-01,2024-07,1709,West,Pro,Active,50.00,50.00,0,0,0.00,"Clean Transaction"
2024-07-01,2024-07,1710,West,Pro,Active,50.00,50.00,0,0,0.00,"Clean Transaction"
2024-07-01,2024-07,1711,East,Enterprise,Active,200.00,200.00,0,0,0.00,"Clean Transaction"
2024-07-01,2024-07,1712,South,Pro,Active,50.00,50.00,0,0,0.00,"Clean Transaction"
2024-07-01,2024-07,1713,North,Pro,Active,50.00,50.00,0,0,0.00,"Clean Transaction"
2024-07-01,2024-07,1714,West,Pro,Active,50.00,50.00,0,0,0.00,"Clean Transaction"
2024-07-01,2024-07,1715,West,Basic,Active,10.00,10.00,0,0,0.00,"Clean Transaction"
2024-07-01,2024-07,1716,West,Pro,Active,50.00,50.00,0,0,0.00,"Clean Transaction"
2024-07-01,2024-07,1717,East,Basic,Active,10.00,10.00,0,0,0.00,"Clean Transaction"
2024-07-01,2024-07,1718,West,Pro,Active,50.00,50.00,0,0,0.00,"Clean Transaction"
2024-07-01,2024-07,1719,West,Pro,Active,50.00,50.00,0,0,0.00,"Clean Transaction"
2024-07-01,2024-07,1720,West,Basic,Active,10.00,10.00,0,0,0.00,"Clean Transaction"
2024-07-01,2024-07,1721,South,Basic,Active,10.00,0.00,1,0,10.00,"Unpaid Invoice"
2024-07-01,2024-07,1722,East,Pro,Active,50.00,50.00,0,0,0.00,"Clean Transaction"
2024-07-01,2024-07,1723,West,Enterprise,Cancelled,200.00,200.00,0,0,0.00,"Clean Transaction"
2024-07-01,2024-07,1724,North,Pro,Active,50.00,50.00,0,0,0.00,"Clean Transaction"
2024-07-01,2024-07,1725,North,Pro,Active,50.00,50.00,0,0,0.00,"Clean Transaction"
2024-07-01,2024-07,1726,North,Pro,Active,50.00,50.00,0,0,0.00,"Clean Transaction"
2024-07-01,2024-07,1727,East,Basic,Active,10.00,10.00,0,0,0.00,"Clean Transaction"
2024-07-01,2024-07,1729,North,Basic,Active,10.00,10.00,0,0,0.00,"Clean Transaction"
2024-07-01,2024-07,1730,West,Enterprise,Active,200.00,200.00,0,0,0.00,"Clean Transaction"
2024-07-01,2024-07,1731,East,Basic,Active,10.00,10.00,0,0,0.00,"Clean Transaction"
2024-07-01,2024-07,1732,North,Basic,Active,10.00,10.00,0,0,0.00,"Clean Transaction"
2024-07-01,2024-07,1733,North,Basic,Active,10.00,10.00,0,0,0.00,"Clean Transaction"
2024-07-01,2024-07,1734,West,Basic,Active,10.00,10.00,0,0,0.00,"Clean Transaction"
2024-07-01,2024-07,1735,South,Pro,Active,50.00,50.00,0,0,0.00,"Clean Transaction"
2024-07-01,2024-07,1736,East,Enterprise,Cancelled,200.00,200.00,0,0,0.00,"Clean Transaction"
2024-07-01,2024-07,1737,West,Enterprise,Active,200.00,200.00,0,0,0.00,"Clean Transaction"
2024-07-01,2024-07,1738,North,Pro,Active,50.00,50.00,0,0,0.00,"Clean Transaction"
2024-07-01,2024-07,1739,North,Pro,Active,50.00,50.00,0,0,0.00,"Clean Transaction"
2024-07-01,2024-07,1740,West,Pro,Active,50.00,50.00,0,0,0.00,"Clean Transaction"
2024-07-01,2024-07,1741,East,Basic,Active,10.00,10.00,0,0,0.00,"Clean Transaction"
2024-07-01,2024-07,1743,South,Enterprise,Active,200.00,200.00,0,0,0.00,"Clean Transaction"
2024-07-01,2024-07,1744,North,Enterprise,Active,200.00,200.00,0,0,0.00,"Clean Transaction"
2024-07-01,2024-07,1745,East,Enterprise,Active,200.00,183.30,0,0,16.70,"Partial Payment"
2024-07-01,2024-07,1747,East,Basic,Active,10.00,10.00,0,0,0.00,"Clean Transaction"
2024-07-01,2024-07,1748,East,Pro,Active,50.00,50.00,0,0,0.00,"Clean Transaction"
2024-07-01,2024-07,1749,North,Basic,Active,10.00,0.00,1,0,10.00,"Unpaid Invoice"
2024-07-01,2024-07,1750,South,Basic,Active,10.00,10.00,0,0,0.00,"Clean Transaction"
2024-07-01,2024-07,1751,West,Pro,Active,50.00,50.00,0,0,0.00,"Clean Transaction"
2024-07-01,2024-07,1752,North,Basic,Active,10.00,10.00,0,0,0.00,"Clean Transaction"
2024-07-01,2024-07,1753,South,Enterprise,Active,200.00,200.00,0,0,0.00,"Clean Transaction"
2024-07-01,2024-07,1754,South,Basic,Active,10.00,10.00,0,0,0.00,"Clean Transaction"
2024-07-01,2024-07,1755,South,Enterprise,Active,200.00,200.00,0,0,0.00,"Clean Transaction"
2024-07-01,2024-07,1756,South,Basic,Active,10.00,10.00,0,0,0.00,"Clean Transaction"
2024-07-01,2024-07,1757,South,Pro,Active,50.00,50.00,0,0,0.00,"Clean Transaction"
2024-07-01,2024-07,1758,East,Enterprise,Active,200.00,200.00,0,0,0.00,"Clean Transaction"
2024-07-01,2024-07,1759,North,Enterprise,Active,200.00,0.00,1,0,200.00,"Unpaid Invoice"
2024-07-01,2024-07,1760,East,Pro,Cancelled,50.00,50.00,0,0,0.00,"Clean Transaction"
2024-07-01,2024-07,1761,West,Enterprise,Active,200.00,197.78,0,0,2.22,"Partial Payment"
2024-07-01,2024-07,1762,South,Basic,Active,10.00,10.00,0,0,0.00,"Clean Transaction"
2024-07-01,2024-07,1763,North,Basic,Active,10.00,10.00,0,0,0.00,"Clean Transaction"
2024-07-01,2024-07,1764,South,Enterprise,Active,200.00,200.00,0,0,0.00,"Clean Transaction"
2024-07-01,2024-07,1765,North,Pro,Active,50.00,50.00,0,0,0.00,"Clean Transaction"
2024-07-01,2024-07,1766,East,Enterprise,Active,200.00,200.00,0,0,0.00,"Clean Transaction"
2024-07-01,2024-07,1767,North,Basic,Active,10.00,10.00,0,0,0.00,"Clean Transaction"
2024-07-01,2024-07,1768,West,Pro,Active,50.00,50.00,0,0,0.00,"Clean Transaction"
2024-07-01,2024-07,1769,West,Pro,Active,50.00,50.00,0,0,0.00,"Clean Transaction"
2024-07-01,2024-07,1770,North,Basic,Active,10.00,10.00,0,0,0.00,"Clean Transaction"
2024-07-01,2024-07,1771,North,Enterprise,Active,200.00,200.00,0,0,0.00,"Clean Transaction"
2024-07-01,2024-07,1772,North,Pro,Active,50.00,50.00,0,0,0.00,"Clean Transaction"
2024-07-01,2024-07,1773,North,Enterprise,Active,200.00,200.00,0,0,0.00,"Clean Transaction"
2024-07-01,2024-07,1774,West,Enterprise,Active,200.00,200.00,0,0,0.00,"Clean Transaction"
2024-07-01,2024-07,1775,South,Enterprise,Active,200.00,200.00,0,0,0.00,"Clean Transaction"
2024-07-01,2024-07,1776,North,Basic,Active,10.00,10.00,0,0,0.00,"Clean Transaction"
2024-07-01,2024-07,1777,North,Pro,Active,50.00,50.00,0,0,0.00,"Clean Transaction"
2024-07-01,2024-07,1778,West,Enterprise,Active,200.00,200.00,0,0,0.00,"Clean Transaction"
2024-07-01,2024-07,1779,West,Basic,Active,10.00,10.00,0,0,0.00,"Clean Transaction"
2024-07-01,2024-07,1781,North,Basic,Active,10.00,10.00,0,0,0.00,"Clean Transaction"
2024-07-01,2024-07,1782,East,Basic,Active,10.00,10.00,0,0,0.00,"Clean Transaction"
2024-07-01,2024-07,1783,West,Pro,Active,50.00,50.00,0,0,0.00,"Clean Transaction"
2024-07-01,2024-07,1784,West,Enterprise,Active,200.00,200.00,0,0,0.00,"Clean Transaction"
2024-07-01,2024-07,1785,South,Pro,Active,50.00,50.00,0,0,0.00,"Clean Transaction"
2024-07-01,2024-07,1786,North,Enterprise,Active,200.00,200.00,0,0,0.00,"Clean Transaction"
2024-07-01,2024-07,1787,East,Enterprise,Active,200.00,200.00,0,0,0.00,"Clean Transaction"
2024-07-01,2024-07,1788,West,Enterprise,Active,200.00,200.00,0,0,0.00,"Clean Transaction"
2024-07-01,2024-07,1789,West,Enterprise,Active,200.00,200.00,0,0,0.00,"Clean Transaction"
2024-07-01,2024-07,1790,East,Basic,Active,10.00,10.00,0,0,0.00,"Clean Transaction"
2024-07-01,2024-07,1791,South,Enterprise,Active,200.00,200.00,0,0,0.00,"Clean Transaction"
2024-07-01,2024-07,1792,West,Pro,Active,50.00,50.00,0,0,0.00,"Clean Transaction"
2024-07-01,2024-07,1793,North,Pro,Active,50.00,50.00,0,0,0.00,"Clean Transaction"
2024-07-01,2024-07,1794,West,Basic,Active,10.00,10.00,0,0,0.00,"Clean Transaction"
2024-07-01,2024-07,1795,North,Pro,Active,50.00,50.00,0,0,0.00,"Clean Transaction"
2024-07-01,2024-07,1796,East,Enterprise,Active,200.00,197.81,0,0,2.19,"Partial Payment"
2024-07-01,2024-07,1797,North,Pro,Active,50.00,50.00,0,0,0.00,"Clean Transaction"
2024-07-01,2024-07,1798,East,Pro,Active,50.00,50.00,0,0,0.00,"Clean Transaction"
2024-07-01,2024-07,1799,North,Enterprise,Active,200.00,200.00,0,0,0.00,"Clean Transaction"
2024-07-01,2024-07,1800,East,Basic,Cancelled,10.00,10.00,0,0,0.00,"Clean Transaction"
2024-07-01,2024-07,1802,South,Pro,Active,50.00,50.00,0,0,0.00,"Clean Transaction"
2024-07-01,2024-07,1803,North,Pro,Active,50.00,50.00,0,0,0.00,"Clean Transaction"
2024-07-01,2024-07,1804,North,Enterprise,Active,200.00,200.00,0,0,0.00,"Clean Transaction"
2024-07-01,2024-07,1805,South,Basic,Active,10.00,10.00,0,0,0.00,"Clean Transaction"
2024-07-01,2024-07,1806,West,Enterprise,Active,200.00,200.00,0,0,0.00,"Clean Transaction"
2024-07-01,2024-07,1807,West,Enterprise,Active,200.00,200.00,0,0,0.00,"Clean Transaction"
2024-07-01,2024-07,1808,North,Enterprise,Active,200.00,200.00,0,0,0.00,"Clean Transaction"
2024-07-01,2024-07,1809,South,Enterprise,Cancelled,200.00,200.00,0,0,0.00,"Clean Transaction"
2024-07-01,2024-07,1810,North,Enterprise,Active,200.00,200.00,0,0,0.00,"Clean Transaction"
2024-07-01,2024-07,1811,East,Basic,Active,10.00,10.00,0,0,0.00,"Clean Transaction"
2024-07-01,2024-07,1812,East,Pro,Active,50.00,50.00,0,0,0.00,"Clean Transaction"
2024-07-01,2024-07,1813,North,Pro,Active,50.00,50.00,0,0,0.00,"Clean Transaction"
2024-07-01,2024-07,1814,West,Pro,Active,50.00,50.00,0,0,0.00,"Clean Transaction"
2024-07-01,2024-07,1815,West,Pro,Active,50.00,50.00,0,0,0.00,"Clean Transaction"
2024-07-01,2024-07,1816,North,Pro,Active,50.00,50.00,0,0,0.00,"Clean Transaction"
2024-07-01,2024-07,1817,North,Enterprise,Active,200.00,200.00,0,0,0.00,"Clean Transaction"
2024-07-01,2024-07,1818,East,Pro,Active,50.00,50.00,0,0,0.00,"Clean Transaction"
2024-07-01,2024-07,1820,North,Basic,Active,10.00,10.00,0,0,0.00,"Clean Transaction"
2024-07-01,2024-07,1821,East,Basic,Active,10.00,10.00,0,0,0.00,"Clean Transaction"
2024-07-01,2024-07,1822,West,Basic,Active,10.00,10.00,0,0,0.00,"Clean Transaction"
2024-07-01,2024-07,1823,South,Enterprise,Active,200.00,200.00,0,0,0.00,"Clean Transaction"
2024-07-01,2024-07,1824,East,Pro,Active,50.00,50.00,0,0,0.00,"Clean Transaction"
2024-07-01,2024-07,1825,West,Pro,Active,50.00,50.00,0,0,0.00,"Clean Transaction"
2024-07-01,2024-07,1826,West,Enterprise,Active,200.00,0.00,1,0,200.00,"Unpaid Invoice"
2024-07-01,2024-07,1827,East,Enterprise,Active,200.00,200.00,0,0,0.00,"Clean Transaction"
2024-07-01,2024-07,1828,South,Pro,Active,50.00,50.00,0,0,0.00,"Clean Transaction"
2024-07-01,2024-07,1829,East,Enterprise,Active,200.00,200.00,0,0,0.00,"Clean Transaction"
2024-07-01,2024-07,1830,West,Basic,Active,10.00,10.00,0,0,0.00,"Clean Transaction"
2024-07-01,2024-07,1831,North,Pro,Active,50.00,50.00,0,0,0.00,"Clean Transaction"
2024-07-01,2024-07,1832,North,Pro,Active,50.00,50.00,0,0,0.00,"Clean Transaction"
2024-07-01,2024-07,1833,East,Enterprise,Active,200.00,200.00,0,0,0.00,"Clean Transaction"
2024-07-01,2024-07,1834,West,Enterprise,Active,200.00,200.00,0,0,0.00,"Clean Transaction"
2024-07-01,2024-07,1835,North,Pro,Active,50.00,50.00,0,0,0.00,"Clean Transaction"
2024-07-01,2024-07,1836,West,Basic,Active,10.00,10.00,0,0,0.00,"Clean Transaction"
2024-07-01,2024-07,1837,East,Basic,Active,10.00,10.00,0,0,0.00,"Clean Transaction"
2024-07-01,2024-07,1838,North,Basic,Active,10.00,10.00,0,0,0.00,"Clean Transaction"
2024-07-01,2024-07,1839,West,Enterprise,Active,200.00,200.00,0,0,0.00,"Clean Transaction"
2024-07-01,2024-07,1840,North,Enterprise,Active,200.00,200.00,0,0,0.00,"Clean Transaction"
2024-07-01,2024-07,1841,East,Pro,Active,50.00,50.00,0,0,0.00,"Clean Transaction"
2024-07-01,2024-07,1842,West,Pro,Active,50.00,46.93,0,0,3.07,"Partial Payment"
2024-07-01,2024-07,1843,North,Pro,Active,50.00,50.00,0,0,0.00,"Clean Transaction"
2024-07-01,2024-07,1844,East,Pro,Active,50.00,50.00,0,0,0.00,"Clean Transaction"
2024-07-01,2024-07,1845,North,Pro,Active,50.00,50.00,0,0,0.00,"Clean Transaction"
2024-07-01,2024-07,1846,North,Basic,Active,10.00,10.00,0,0,0.00,"Clean Transaction"
2024-07-01,2024-07,1847,South,Pro,Active,50.00,50.00,0,0,0.00,"Clean Transaction"
2024-07-01,2024-07,1848,South,Pro,Active,50.00,50.00,0,0,0.00,"Clean Transaction"
2024-07-01,2024-07,1849,East,Pro,Active,50.00,50.00,0,0,0.00,"Clean Transaction"
2024-07-01,2024-07,1850,South,Basic,Cancelled,10.00,10.00,0,0,0.00,"Clean Transaction"
2024-07-01,2024-07,1851,East,Basic,Active,10.00,10.00,0,0,0.00,"Clean Transaction"
2024-07-01,2024-07,1852,South,Pro,Active,50.00,50.00,0,0,0.00,"Clean Transaction"
2024-07-01,2024-07,1853,North,Pro,Active,50.00,50.00,0,0,0.00,"Clean Transaction"
2024-07-01,2024-07,1854,East,Basic,Active,10.00,10.00,0,0,0.00,"Clean Transaction"
2024-07-01,2024-07,1856,North,Basic,Active,10.00,10.00,0,0,0.00,"Clean Transaction"
2024-07-01,2024-07,1857,East,Pro,Active,50.00,50.00,0,0,0.00,"Clean Transaction"
2024-07-01,2024-07,1858,East,Pro,Active,50.00,0.00,1,0,50.00,"Unpaid Invoice"
2024-07-01,2024-07,1859,South,Enterprise,Active,200.00,200.00,0,0,0.00,"Clean Transaction"
2024-07-01,2024-07,1860,East,Enterprise,Active,200.00,200.00,0,0,0.00,"Clean Transaction"
2024-07-01,2024-07,1861,West,Enterprise,Active,200.00,0.00,1,0,200.00,"Unpaid Invoice"
2024-07-01,2024-07,1862,North,Enterprise,Active,200.00,200.00,0,0,0.00,"Clean Transaction"
2024-07-01,2024-07,1863,South,Enterprise,Active,200.00,200.00,0,0,0.00,"Clean Transaction"
2024-07-01,2024-07,1864,South,Enterprise,Active,200.00,200.00,0,0,0.00,"Clean Transaction"
2024-07-01,2024-07,1865,West,Pro,Active,50.00,50.00,0,0,0.00,"Clean Transaction"
2024-07-01,2024-07,1866,North,Enterprise,Active,200.00,200.00,0,0,0.00,"Clean Transaction"
2024-07-01,2024-07,1867,North,Basic,Active,10.00,10.00,0,0,0.00,"Clean Transaction"
2024-07-01,2024-07,1868,South,Enterprise,Active,200.00,200.00,0,0,0.00,"Clean Transaction"
2024-07-01,2024-07,1869,East,Enterprise,Active,200.00,200.00,0,0,0.00,"Clean Transaction"
2024-07-01,2024-07,1870,South,Pro,Active,50.00,50.00,0,0,0.00,"Clean Transaction"
2024-07-01,2024-07,1871,North,Enterprise,Active,200.00,200.00,0,0,0.00,"Clean Transaction"
2024-07-01,2024-07,1872,West,Basic,Active,10.00,10.00,0,0,0.00,"Clean Transaction"
2024-07-01,2024-07,1873,South,Basic,Active,10.00,10.00,0,0,0.00,"Clean Transaction"
2024-07-01,2024-07,1874,North,Pro,Active,50.00,50.00,0,0,0.00,"Clean Transaction"
2024-07-01,2024-07,1875,South,Basic,Active,10.00,10.00,0,0,0.00,"Clean Transaction"
2024-07-01,2024-07,1876,East,Enterprise,Active,200.00,200.00,0,0,0.00,"Clean Transaction"
2024-07-01,2024-07,1877,South,Pro,Active,50.00,50.00,0,0,0.00,"Clean Transaction"
2024-07-01,2024-07,1878,South,Pro,Active,50.00,50.00,0,0,0.00,"Clean Transaction"
2024-07-01,2024-07,1879,North,Basic,Active,10.00,10.00,0,0,0.00,"Clean Transaction"
2024-07-01,2024-07,1881,North,Pro,Active,50.00,50.00,0,0,0.00,"Clean Transaction"
2024-07-01,2024-07,1882,South,Basic,Active,10.00,10.00,0,0,0.00,"Clean Transaction"
2024-07-01,2024-07,1883,East,Pro,Cancelled,50.00,50.00,0,0,0.00,"Clean Transaction"
2024-07-01,2024-07,1884,West,Basic,Active,10.00,10.00,0,0,0.00,"Clean Transaction"
2024-07-01,2024-07,1885,West,Basic,Active,10.00,10.00,0,0,0.00,"Clean Transaction"
2024-07-01,2024-07,1886,North,Basic,Active,10.00,10.00,0,0,0.00,"Clean Transaction"
2024-07-01,2024-07,1887,North,Pro,Active,50.00,50.00,0,0,0.00,"Clean Transaction"
2024-07-01,2024-07,1888,South,Basic,Active,10.00,10.00,0,0,0.00,"Clean Transaction"
2024-07-01,2024-07,1889,West,Enterprise,Active,200.00,200.00,0,0,0.00,"Clean Transaction"
2024-07-01,2024-07,1890,North,Pro,Active,50.00,50.00,0,0,0.00,"Clean Transaction"
2024-07-01,2024-07,1891,East,Enterprise,Cancelled,200.00,200.00,0,0,0.00,"Clean Transaction"
2024-07-01,2024-07,1892,East,Enterprise,Active,200.00,200.00,0,0,0.00,"Clean Transaction"
2024-07-01,2024-07,1893,North,Enterprise,Active,200.00,200.00,0,0,0.00,"Clean Transaction"
2024-07-01,2024-07,1894,North,Pro,Active,50.00,50.00,0,0,0.00,"Clean Transaction"
2024-07-01,2024-07,1896,West,Enterprise,Active,200.00,200.00,0,0,0.00,"Clean Transaction"
2024-07-01,2024-07,1897,South,Basic,Cancelled,10.00,10.00,0,0,0.00,"Clean Transaction"
2024-07-01,2024-07,1898,West,Pro,Active,50.00,50.00,0,0,0.00,"Clean Transaction"
2024-07-01,2024-07,1899,East,Enterprise,Active,200.00,200.00,0,0,0.00,"Clean Transaction"
2024-07-01,2024-07,1900,East,Pro,Active,50.00,50.00,0,0,0.00,"Clean Transaction"
2024-07-01,2024-07,1901,North,Enterprise,Active,200.00,200.00,0,0,0.00,"Clean Transaction"
2024-07-01,2024-07,1902,West,Basic,Active,10.00,10.00,0,0,0.00,"Clean Transaction"
2024-07-01,2024-07,1903,South,Pro,Active,50.00,50.00,0,0,0.00,"Clean Transaction"
2024-07-01,2024-07,1904,East,Pro,Active,50.00,50.00,0,0,0.00,"Clean Transaction"
2024-07-01,2024-07,1905,East,Pro,Active,50.00,50.00,0,0,0.00,"Clean Transaction"
2024-07-01,2024-07,1906,South,Basic,Active,10.00,10.00,0,0,0.00,"Clean Transaction"
2024-07-01,2024-07,1907,South,Enterprise,Active,200.00,200.00,0,0,0.00,"Clean Transaction"
2024-07-01,2024-07,1908,East,Basic,Active,10.00,10.00,0,0,0.00,"Clean Transaction"
2024-07-01,2024-07,1909,East,Enterprise,Active,200.00,200.00,0,0,0.00,"Clean Transaction"
2024-07-01,2024-07,1910,South,Basic,Active,10.00,10.00,0,0,0.00,"Clean Transaction"
2024-07-01,2024-07,1911,East,Pro,Active,50.00,50.00,0,0,0.00,"Clean Transaction"
2024-07-01,2024-07,1912,North,Basic,Active,10.00,10.00,0,0,0.00,"Clean Transaction"
2024-07-01,2024-07,1913,North,Pro,Cancelled,50.00,50.00,0,0,0.00,"Clean Transaction"
2024-07-01,2024-07,1914,South,Basic,Active,10.00,10.00,0,0,0.00,"Clean Transaction"
2024-07-01,2024-07,1915,West,Pro,Cancelled,50.00,50.00,0,0,0.00,"Clean Transaction"
2024-07-01,2024-07,1916,South,Enterprise,Active,200.00,200.00,0,0,0.00,"Clean Transaction"
2024-07-01,2024-07,1917,South,Pro,Active,50.00,50.00,0,0,0.00,"Clean Transaction"
2024-07-01,2024-07,1918,West,Pro,Active,50.00,50.00,0,0,0.00,"Clean Transaction"
2024-07-01,2024-07,1919,West,Pro,Active,50.00,50.00,0,0,0.00,"Clean Transaction"
2024-07-01,2024-07,1920,West,Pro,Active,50.00,50.00,0,0,0.00,"Clean Transaction"
2024-07-01,2024-07,1921,North,Basic,Active,10.00,10.00,0,0,0.00,"Clean Transaction"
2024-07-01,2024-07,1922,East,Enterprise,Active,200.00,200.00,0,0,0.00,"Clean Transaction"
2024-07-01,2024-07,1923,North,Enterprise,Active,200.00,200.00,0,0,0.00,"Clean Transaction"
2024-07-01,2024-07,1924,East,Enterprise,Active,200.00,200.00,0,0,0.00,"Clean Transaction"
2024-07-01,2024-07,1925,North,Basic,Active,10.00,10.00,0,0,0.00,"Clean Transaction"
2024-07-01,2024-07,1926,East,Enterprise,Active,200.00,200.00,0,0,0.00,"Clean Transaction"
2024-07-01,2024-07,1927,North,Enterprise,Active,200.00,200.00,0,0,0.00,"Clean Transaction"
2024-07-01,2024-07,1928,West,Enterprise,Active,200.00,200.00,0,0,0.00,"Clean Transaction"
2024-07-01,2024-07,1931,East,Basic,Active,10.00,10.00,0,0,0.00,"Clean Transaction"
2024-07-01,2024-07,1932,West,Pro,Active,50.00,50.00,0,0,0.00,"Clean Transaction"
2024-07-01,2024-07,1933,North,Pro,Active,50.00,50.00,0,0,0.00,"Clean Transaction"
2024-07-01,2024-07,1934,North,Enterprise,Active,200.00,200.00,0,0,0.00,"Clean Transaction"
2024-07-01,2024-07,1935,West,Enterprise,Active,200.00,200.00,0,0,0.00,"Clean Transaction"
2024-07-01,2024-07,1936,North,Pro,Active,50.00,50.00,0,0,0.00,"Clean Transaction"
2024-07-01,2024-07,1937,South,Basic,Active,10.00,10.00,0,0,0.00,"Clean Transaction"
2024-07-01,2024-07,1939,South,Pro,Active,50.00,50.00,0,0,0.00,"Clean Transaction"
2024-07-01,2024-07,1940,South,Enterprise,Active,200.00,200.00,0,0,0.00,"Clean Transaction"
2024-07-01,2024-07,1941,West,Basic,Active,10.00,10.00,0,0,0.00,"Clean Transaction"
2024-07-01,2024-07,1942,North,Basic,Active,10.00,10.00,0,0,0.00,"Clean Transaction"
2024-07-01,2024-07,1943,West,Pro,Active,50.00,50.00,0,0,0.00,"Clean Transaction"
2024-07-01,2024-07,1944,North,Enterprise,Active,200.00,200.00,0,0,0.00,"Clean Transaction"
2024-07-01,2024-07,1946,East,Enterprise,Active,200.00,200.00,0,0,0.00,"Clean Transaction"
2024-07-01,2024-07,1947,North,Enterprise,Active,200.00,200.00,0,0,0.00,"Clean Transaction"
2024-07-01,2024-07,1948,West,Basic,Active,10.00,9.29,0,0,0.71,"Partial Payment"
2024-07-01,2024-07,1949,South,Basic,Active,10.00,10.00,0,0,0.00,"Clean Transaction"
2024-07-01,2024-07,1950,North,Pro,Active,50.00,50.00,0,0,0.00,"Clean Transaction"
2024-07-01,2024-07,1951,East,Pro,Active,50.00,50.00,0,0,0.00,"Clean Transaction"
2024-07-01,2024-07,1952,West,Basic,Active,10.00,10.00,0,0,0.00,"Clean Transaction"
2024-07-01,2024-07,1953,North,Pro,Active,50.00,50.00,0,0,0.00,"Clean Transaction"
2024-07-01,2024-07,1954,West,Enterprise,Active,200.00,200.00,0,0,0.00,"Clean Transaction"
2024-07-01,2024-07,1955,East,Pro,Active,50.00,50.00,0,0,0.00,"Clean Transaction"
2024-07-01,2024-07,1956,East,Enterprise,Active,200.00,181.87,0,0,18.13,"Partial Payment"
2024-07-01,2024-07,1957,West,Pro,Active,50.00,50.00,0,0,0.00,"Clean Transaction"
2024-07-01,2024-07,1958,North,Pro,Active,50.00,50.00,0,0,0.00,"Clean Transaction"
2024-07-01,2024-07,1959,South,Enterprise,Active,200.00,200.00,0,0,0.00,"Clean Transaction"
2024-07-01,2024-07,1961,North,Enterprise,Active,200.00,200.00,0,0,0.00,"Clean Transaction"
2024-07-01,2024-07,1962,North,Basic,Active,10.00,10.00,0,0,0.00,"Clean Transaction"
2024-07-01,2024-07,1963,South,Enterprise,Cancelled,200.00,200.00,0,0,0.00,"Clean Transaction"
2024-07-01,2024-07,1964,East,Enterprise,Active,200.00,196.80,0,0,3.20,"Partial Payment"
2024-07-01,2024-07,1965,East,Enterprise,Active,200.00,200.00,0,0,0.00,"Clean Transaction"
2024-07-01,2024-07,1966,North,Basic,Active,10.00,10.00,0,0,0.00,"Clean Transaction"
2024-07-01,2024-07,1967,North,Enterprise,Active,200.00,200.00,0,0,0.00,"Clean Transaction"
2024-07-01,2024-07,1968,South,Enterprise,Active,200.00,200.00,0,0,0.00,"Clean Transaction"
2024-07-01,2024-07,1969,South,Enterprise,Active,200.00,200.00,0,0,0.00,"Clean Transaction"
2024-07-01,2024-07,1970,East,Basic,Active,10.00,10.00,0,0,0.00,"Clean Transaction"
2024-07-01,2024-07,1971,West,Pro,Cancelled,50.00,50.00,0,0,0.00,"Clean Transaction"
2024-07-01,2024-07,1973,North,Basic,Active,10.00,10.00,0,0,0.00,"Clean Transaction"
2024-07-01,2024-07,1974,East,Enterprise,Active,200.00,200.00,0,0,0.00,"Clean Transaction"
2024-07-01,2024-07,1975,West,Pro,Active,50.00,50.00,0,0,0.00,"Clean Transaction"
2024-07-01,2024-07,1976,South,Basic,Active,10.00,10.00,0,0,0.00,"Clean Transaction"
2024-07-01,2024-07,1977,West,Pro,Active,50.00,50.00,0,0,0.00,"Clean Transaction"
2024-07-01,2024-07,1978,West,Enterprise,Active,200.00,187.13,0,0,12.87,"Partial Payment"
2024-07-01,2024-07,1979,West,Enterprise,Active,200.00,200.00,0,0,0.00,"Clean Transaction"
2024-07-01,2024-07,1980,South,Enterprise,Active,200.00,200.00,0,0,0.00,"Clean Transaction"
2024-07-01,2024-07,1981,West,Basic,Active,10.00,10.00,0,0,0.00,"Clean Transaction"
2024-07-01,2024-07,1982,West,Basic,Active,10.00,10.00,0,0,0.00,"Clean Transaction"
2024-07-01,2024-07,1983,West,Pro,Cancelled,50.00,50.00,0,0,0.00,"Clean Transaction"
2024-07-01,2024-07,1984,North,Enterprise,Cancelled,200.00,200.00,0,0,0.00,"Clean Transaction"
2024-07-01,2024-07,1985,West,Enterprise,Active,200.00,200.00,0,0,0.00,"Clean Transaction"
2024-07-01,2024-07,1986,South,Enterprise,Cancelled,200.00,200.00,0,0,0.00,"Clean Transaction"
2024-07-01,2024-07,1987,West,Basic,Active,10.00,10.00,0,0,0.00,"Clean Transaction"
2024-07-01,2024-07,1988,West,Enterprise,Active,200.00,200.00,0,0,0.00,"Clean Transaction"
2024-07-01,2024-07,1989,South,Basic,Active,10.00,10.00,0,0,0.00,"Clean Transaction"
2024-07-01,2024-07,1990,West,Enterprise,Active,200.00,200.00,0,0,0.00,"Clean Transaction"
2024-07-01,2024-07,1991,South,Basic,Cancelled,10.00,10.00,0,0,0.00,"Clean Transaction"
2024-07-01,2024-07,1992,West,Basic,Active,10.00,10.00,0,0,0.00,"Clean Transaction"
2024-07-01,2024-07,1993,South,Pro,Active,50.00,50.00,0,0,0.00,"Clean Transaction"
2024-07-01,2024-07,1994,West,Basic,Active,10.00,10.00,0,0,0.00,"Clean Transaction"
2024-07-01,2024-07,1995,West,Basic,Active,10.00,10.00,0,0,0.00,"Clean Transaction"
2024-07-01,2024-07,1996,North,Basic,Active,10.00,10.00,0,0,0.00,"Clean Transaction"
2024-07-01,2024-07,1997,North,Basic,Active,10.00,10.00,0,0,0.00,"Clean Transaction"
2024-07-01,2024-07,1998,West,Basic,Active,10.00,10.00,0,0,0.00,"Clean Transaction"
2024-07-01,2024-07,1999,West,Pro,Active,50.00,50.00,0,0,0.00,"Clean Transaction"
2024-08-01,2024-08,1001,East,Basic,Cancelled,10.00,10.00,0,0,0.00,"Clean Transaction"
2024-08-01,2024-08,1002,West,Basic,Active,10.00,10.00,0,0,0.00,"Clean Transaction"
2024-08-01,2024-08,1005,East,Pro,Cancelled,50.00,50.00,0,0,0.00,"Clean Transaction"
2024-08-01,2024-08,1007,North,Enterprise,Active,200.00,0.00,1,0,200.00,"Unpaid Invoice"
2024-08-01,2024-08,1008,North,Pro,Active,50.00,50.00,0,0,0.00,"Clean Transaction"
2024-08-01,2024-08,1009,East,Enterprise,Active,200.00,200.00,0,0,0.00,"Clean Transaction"
2024-08-01,2024-08,1010,South,Pro,Active,50.00,50.00,0,0,0.00,"Clean Transaction"
2024-08-01,2024-08,1011,East,Basic,Active,10.00,10.00,0,0,0.00,"Clean Transaction"
2024-08-01,2024-08,1013,East,Basic,Active,10.00,10.00,0,0,0.00,"Clean Transaction"
2024-08-01,2024-08,1014,East,Basic,Active,10.00,10.00,0,0,0.00,"Clean Transaction"
2024-08-01,2024-08,1015,West,Basic,Active,10.00,10.00,0,0,0.00,"Clean Transaction"
2024-08-01,2024-08,1016,North,Basic,Active,10.00,10.00,0,0,0.00,"Clean Transaction"
2024-08-01,2024-08,1017,West,Pro,Active,50.00,47.29,0,0,2.71,"Partial Payment"
2024-08-01,2024-08,1018,West,Pro,Active,50.00,50.00,0,0,0.00,"Clean Transaction"
2024-08-01,2024-08,1019,West,Enterprise,Active,200.00,200.00,0,0,0.00,"Clean Transaction"
2024-08-01,2024-08,1020,East,Pro,Active,50.00,50.00,0,0,0.00,"Clean Transaction"
2024-08-01,2024-08,1021,South,Pro,Active,50.00,50.00,0,0,0.00,"Clean Transaction"
2024-08-01,2024-08,1022,North,Basic,Active,10.00,10.00,0,0,0.00,"Clean Transaction"
2024-08-01,2024-08,1023,South,Enterprise,Active,200.00,200.00,0,0,0.00,"Clean Transaction"
2024-08-01,2024-08,1024,West,Pro,Active,50.00,50.00,0,0,0.00,"Clean Transaction"
2024-08-01,2024-08,1026,South,Pro,Active,50.00,50.00,0,0,0.00,"Clean Transaction"
2024-08-01,2024-08,1027,South,Pro,Active,50.00,50.00,0,0,0.00,"Clean Transaction"
2024-08-01,2024-08,1028,South,Enterprise,Active,200.00,200.00,0,0,0.00,"Clean Transaction"
2024-08-01,2024-08,1029,West,Basic,Active,10.00,10.00,0,0,0.00,"Clean Transaction"
2024-08-01,2024-08,1030,West,Enterprise,Active,200.00,200.00,0,0,0.00,"Clean Transaction"
2024-08-01,2024-08,1031,North,Basic,Active,10.00,10.00,0,0,0.00,"Clean Transaction"
2024-08-01,2024-08,1032,North,Pro,Active,50.00,50.00,0,0,0.00,"Clean Transaction"
2024-08-01,2024-08,1034,South,Pro,Active,50.00,50.00,0,0,0.00,"Clean Transaction"
2024-08-01,2024-08,1035,South,Enterprise,Active,200.00,200.00,0,0,0.00,"Clean Transaction"
2024-08-01,2024-08,1036,North,Enterprise,Active,200.00,200.00,0,0,0.00,"Clean Transaction"
2024-08-01,2024-08,1037,West,Basic,Active,10.00,10.00,0,0,0.00,"Clean Transaction"
2024-08-01,2024-08,1038,North,Enterprise,Active,200.00,200.00,0,0,0.00,"Clean Transaction"
2024-08-01,2024-08,1039,North,Basic,Active,10.00,10.00,0,0,0.00,"Clean Transaction"
2024-08-01,2024-08,1040,East,Basic,Active,10.00,9.79,0,0,0.21,"Partial Payment"
2024-08-01,2024-08,1041,East,Pro,Active,50.00,50.00,0,0,0.00,"Clean Transaction"
2024-08-01,2024-08,1043,South,Pro,Active,50.00,50.00,0,0,0.00,"Clean Transaction"
2024-08-01,2024-08,1044,West,Pro,Active,50.00,50.00,0,0,0.00,"Clean Transaction"
2024-08-01,2024-08,1048,East,Basic,Active,10.00,10.00,0,0,0.00,"Clean Transaction"
2024-08-01,2024-08,1049,South,Enterprise,Active,200.00,200.00,0,0,0.00,"Clean Transaction"
2024-08-01,2024-08,1050,South,Pro,Active,50.00,50.00,0,0,0.00,"Clean Transaction"
2024-08-01,2024-08,1051,East,Pro,Active,50.00,50.00,0,0,0.00,"Clean Transaction"
2024-08-01,2024-08,1052,South,Enterprise,Cancelled,200.00,0.00,1,0,200.00,"Unpaid Invoice"
2024-08-01,2024-08,1053,East,Enterprise,Active,200.00,200.00,0,0,0.00,"Clean Transaction"
2024-08-01,2024-08,1054,West,Basic,Active,10.00,10.00,0,0,0.00,"Clean Transaction"
2024-08-01,2024-08,1055,East,Enterprise,Active,200.00,200.00,0,0,0.00,"Clean Transaction"
2024-08-01,2024-08,1056,West,Enterprise,Active,200.00,200.00,0,0,0.00,"Clean Transaction"
2024-08-01,2024-08,1057,West,Enterprise,Active,200.00,200.00,0,0,0.00,"Clean Transaction"
2024-08-01,2024-08,1058,North,Pro,Active,50.00,50.00,0,0,0.00,"Clean Transaction"
2024-08-01,2024-08,1059,East,Basic,Active,10.00,10.00,0,0,0.00,"Clean Transaction"
2024-08-01,2024-08,1060,North,Pro,Active,50.00,50.00,0,0,0.00,"Clean Transaction"
2024-08-01,2024-08,1061,East,Pro,Active,50.00,50.00,0,0,0.00,"Clean Transaction"
2024-08-01,2024-08,1062,East,Pro,Active,50.00,50.00,0,0,0.00,"Clean Transaction"
2024-08-01,2024-08,1063,North,Basic,Active,10.00,10.00,0,0,0.00,"Clean Transaction"
2024-08-01,2024-08,1064,North,Basic,Active,10.00,9.85,0,0,0.15,"Partial Payment"
2024-08-01,2024-08,1065,East,Pro,Active,50.00,50.00,0,0,0.00,"Clean Transaction"
2024-08-01,2024-08,1066,South,Basic,Active,10.00,10.00,0,0,0.00,"Clean Transaction"
2024-08-01,2024-08,1067,West,Pro,Active,50.00,50.00,0,0,0.00,"Clean Transaction"
2024-08-01,2024-08,1068,North,Enterprise,Active,200.00,200.00,0,0,0.00,"Clean Transaction"
2024-08-01,2024-08,1069,West,Enterprise,Active,200.00,200.00,0,0,0.00,"Clean Transaction"
2024-08-01,2024-08,1070,South,Enterprise,Active,200.00,200.00,0,0,0.00,"Clean Transaction"
2024-08-01,2024-08,1071,South,Enterprise,Active,200.00,200.00,0,0,0.00,"Clean Transaction"
2024-08-01,2024-08,1072,South,Enterprise,Cancelled,200.00,200.00,0,0,0.00,"Clean Transaction"
2024-08-01,2024-08,1073,North,Enterprise,Active,200.00,200.00,0,0,0.00,"Clean Transaction"
2024-08-01,2024-08,1075,North,Enterprise,Active,200.00,200.00,0,0,0.00,"Clean Transaction"
2024-08-01,2024-08,1076,South,Enterprise,Active,200.00,200.00,0,0,0.00,"Clean Transaction"
2024-08-01,2024-08,1077,West,Basic,Active,10.00,9.07,0,0,0.93,"Partial Payment"
2024-08-01,2024-08,1078,West,Pro,Active,50.00,50.00,0,0,0.00,"Clean Transaction"
2024-08-01,2024-08,1079,East,Basic,Active,10.00,10.00,0,0,0.00,"Clean Transaction"
2024-08-01,2024-08,1080,West,Enterprise,Active,200.00,200.00,0,0,0.00,"Clean Transaction"
2024-08-01,2024-08,1081,East,Pro,Active,50.00,50.00,0,0,0.00,"Clean Transaction"
2024-08-01,2024-08,1082,West,Basic,Active,10.00,10.00,0,0,0.00,"Clean Transaction"
2024-08-01,2024-08,1085,East,Basic,Active,10.00,10.00,0,0,0.00,"Clean Transaction"
2024-08-01,2024-08,1086,East,Basic,Active,10.00,10.00,0,0,0.00,"Clean Transaction"
2024-08-01,2024-08,1087,South,Pro,Active,50.00,46.97,0,0,3.03,"Partial Payment"
2024-08-01,2024-08,1088,North,Pro,Active,50.00,48.87,0,0,1.13,"Partial Payment"
2024-08-01,2024-08,1089,West,Basic,Active,10.00,10.00,0,0,0.00,"Clean Transaction"
2024-08-01,2024-08,1090,South,Pro,Active,50.00,50.00,0,0,0.00,"Clean Transaction"
2024-08-01,2024-08,1091,West,Basic,Active,10.00,10.00,0,0,0.00,"Clean Transaction"
2024-08-01,2024-08,1092,West,Basic,Active,10.00,10.00,0,0,0.00,"Clean Transaction"
2024-08-01,2024-08,1093,South,Pro,Active,50.00,50.00,0,0,0.00,"Clean Transaction"
2024-08-01,2024-08,1094,South,Basic,Active,10.00,10.00,0,0,0.00,"Clean Transaction"
2024-08-01,2024-08,1095,South,Pro,Active,50.00,50.00,0,0,0.00,"Clean Transaction"
2024-08-01,2024-08,1096,South,Pro,Active,50.00,50.00,0,0,0.00,"Clean Transaction"
2024-08-01,2024-08,1097,South,Enterprise,Active,200.00,200.00,0,0,0.00,"Clean Transaction"
2024-08-01,2024-08,1098,West,Enterprise,Active,200.00,200.00,0,0,0.00,"Clean Transaction"
2024-08-01,2024-08,1099,South,Enterprise,Active,200.00,200.00,0,0,0.00,"Clean Transaction"
2024-08-01,2024-08,1100,North,Basic,Active,10.00,10.00,0,0,0.00,"Clean Transaction"
2024-08-01,2024-08,1101,East,Enterprise,Active,200.00,200.00,0,0,0.00,"Clean Transaction"
2024-08-01,2024-08,1102,South,Enterprise,Active,200.00,200.00,0,0,0.00,"Clean Transaction"
2024-08-01,2024-08,1103,South,Enterprise,Active,200.00,200.00,0,0,0.00,"Clean Transaction"
2024-08-01,2024-08,1104,West,Enterprise,Active,200.00,200.00,0,0,0.00,"Clean Transaction"
2024-08-01,2024-08,1105,South,Pro,Active,50.00,50.00,0,0,0.00,"Clean Transaction"
2024-08-01,2024-08,1106,South,Basic,Active,10.00,10.00,0,0,0.00,"Clean Transaction"
2024-08-01,2024-08,1107,South,Basic,Active,10.00,10.00,0,0,0.00,"Clean Transaction"
2024-08-01,2024-08,1108,West,Pro,Active,50.00,50.00,0,0,0.00,"Clean Transaction"
2024-08-01,2024-08,1109,South,Pro,Active,50.00,50.00,0,0,0.00,"Clean Transaction"
2024-08-01,2024-08,1110,East,Basic,Active,10.00,10.00,0,0,0.00,"Clean Transaction"
2024-08-01,2024-08,1111,West,Enterprise,Active,200.00,200.00,0,0,0.00,"Clean Transaction"
2024-08-01,2024-08,1112,East,Enterprise,Active,200.00,200.00,0,0,0.00,"Clean Transaction"
2024-08-01,2024-08,1113,West,Basic,Active,10.00,10.00,0,0,0.00,"Clean Transaction"
2024-08-01,2024-08,1114,South,Basic,Active,10.00,10.00,0,0,0.00,"Clean Transaction"
2024-08-01,2024-08,1116,West,Enterprise,Active,200.00,200.00,0,0,0.00,"Clean Transaction"
2024-08-01,2024-08,1117,North,Pro,Active,50.00,50.00,0,0,0.00,"Clean Transaction"
2024-08-01,2024-08,1118,South,Enterprise,Active,200.00,200.00,0,0,0.00,"Clean Transaction"
2024-08-01,2024-08,1119,West,Pro,Active,50.00,50.00,0,0,0.00,"Clean Transaction"
2024-08-01,2024-08,1120,North,Pro,Active,50.00,50.00,0,0,0.00,"Clean Transaction"
2024-08-01,2024-08,1121,West,Enterprise,Active,200.00,200.00,0,0,0.00,"Clean Transaction"
2024-08-01,2024-08,1122,North,Basic,Active,10.00,10.00,0,0,0.00,"Clean Transaction"
2024-08-01,2024-08,1123,South,Enterprise,Active,200.00,200.00,0,0,0.00,"Clean Transaction"
2024-08-01,2024-08,1125,North,Pro,Active,50.00,50.00,0,0,0.00,"Clean Transaction"
2024-08-01,2024-08,1126,West,Basic,Active,10.00,10.00,0,0,0.00,"Clean Transaction"
2024-08-01,2024-08,1127,South,Pro,Active,50.00,50.00,0,0,0.00,"Clean Transaction"
2024-08-01,2024-08,1128,North,Enterprise,Active,200.00,200.00,0,0,0.00,"Clean Transaction"
2024-08-01,2024-08,1129,West,Basic,Active,10.00,10.00,0,0,0.00,"Clean Transaction"
2024-08-01,2024-08,1131,West,Pro,Active,50.00,50.00,0,0,0.00,"Clean Transaction"
2024-08-01,2024-08,1132,North,Pro,Active,50.00,50.00,0,0,0.00,"Clean Transaction"
2024-08-01,2024-08,1133,North,Enterprise,Active,200.00,200.00,0,0,0.00,"Clean Transaction"
2024-08-01,2024-08,1134,North,Enterprise,Active,200.00,200.00,0,0,0.00,"Clean Transaction"
2024-08-01,2024-08,1135,East,Enterprise,Active,200.00,200.00,0,0,0.00,"Clean Transaction"
2024-08-01,2024-08,1136,North,Basic,Active,10.00,10.00,0,0,0.00,"Clean Transaction"
2024-08-01,2024-08,1137,North,Basic,Active,10.00,9.47,0,0,0.53,"Partial Payment"
2024-08-01,2024-08,1138,North,Enterprise,Active,200.00,200.00,0,0,0.00,"Clean Transaction"
2024-08-01,2024-08,1139,East,Pro,Active,50.00,50.00,0,0,0.00,"Clean Transaction"
2024-08-01,2024-08,1140,North,Basic,Active,10.00,10.00,0,0,0.00,"Clean Transaction"
2024-08-01,2024-08,1141,West,Pro,Active,50.00,50.00,0,0,0.00,"Clean Transaction"
2024-08-01,2024-08,1142,North,Basic,Cancelled,10.00,10.00,0,0,0.00,"Clean Transaction"
2024-08-01,2024-08,1143,West,Basic,Active,10.00,10.00,0,0,0.00,"Clean Transaction"
2024-08-01,2024-08,1144,West,Enterprise,Active,200.00,200.00,0,0,0.00,"Clean Transaction"
2024-08-01,2024-08,1145,West,Basic,Active,10.00,10.00,0,0,0.00,"Clean Transaction"
2024-08-01,2024-08,1146,East,Enterprise,Cancelled,200.00,200.00,0,0,0.00,"Clean Transaction"
2024-08-01,2024-08,1147,East,Enterprise,Active,200.00,200.00,0,0,0.00,"Clean Transaction"
2024-08-01,2024-08,1148,East,Pro,Active,50.00,50.00,0,0,0.00,"Clean Transaction"
2024-08-01,2024-08,1149,North,Pro,Active,50.00,50.00,0,0,0.00,"Clean Transaction"
2024-08-01,2024-08,1150,West,Basic,Active,10.00,10.00,0,0,0.00,"Clean Transaction"
2024-08-01,2024-08,1152,East,Pro,Active,50.00,50.00,0,0,0.00,"Clean Transaction"
2024-08-01,2024-08,1153,North,Enterprise,Active,200.00,200.00,0,0,0.00,"Clean Transaction"
2024-08-01,2024-08,1154,East,Enterprise,Active,200.00,200.00,0,0,0.00,"Clean Transaction"
2024-08-01,2024-08,1155,North,Basic,Active,10.00,10.00,0,0,0.00,"Clean Transaction"
2024-08-01,2024-08,1156,South,Pro,Active,50.00,50.00,0,0,0.00,"Clean Transaction"
2024-08-01,2024-08,1157,East,Enterprise,Active,200.00,200.00,0,0,0.00,"Clean Transaction"
2024-08-01,2024-08,1158,South,Pro,Active,50.00,50.00,0,0,0.00,"Clean Transaction"
2024-08-01,2024-08,1159,North,Pro,Active,50.00,50.00,0,0,0.00,"Clean Transaction"
2024-08-01,2024-08,1160,West,Basic,Active,10.00,10.00,0,0,0.00,"Clean Transaction"
2024-08-01,2024-08,1161,East,Enterprise,Active,200.00,200.00,0,0,0.00,"Clean Transaction"
2024-08-01,2024-08,1162,North,Basic,Active,10.00,10.00,0,0,0.00,"Clean Transaction"
2024-08-01,2024-08,1163,West,Basic,Active,10.00,10.00,0,0,0.00,"Clean Transaction"
2024-08-01,2024-08,1164,West,Pro,Active,50.00,50.00,0,0,0.00,"Clean Transaction"
2024-08-01,2024-08,1165,South,Basic,Active,10.00,10.00,0,0,0.00,"Clean Transaction"
2024-08-01,2024-08,1166,North,Pro,Active,50.00,50.00,0,0,0.00,"Clean Transaction"
2024-08-01,2024-08,1168,East,Pro,Active,50.00,50.00,0,0,0.00,"Clean Transaction"
2024-08-01,2024-08,1169,East,Pro,Active,50.00,50.00,0,0,0.00,"Clean Transaction"
2024-08-01,2024-08,1170,South,Pro,Active,50.00,50.00,0,0,0.00,"Clean Transaction"
2024-08-01,2024-08,1171,West,Pro,Active,50.00,50.00,0,0,0.00,"Clean Transaction"
2024-08-01,2024-08,1172,North,Pro,Active,50.00,50.00,0,0,0.00,"Clean Transaction"
2024-08-01,2024-08,1173,East,Basic,Active,10.00,10.00,0,0,0.00,"Clean Transaction"
2024-08-01,2024-08,1174,West,Basic,Active,10.00,10.00,0,0,0.00,"Clean Transaction"
2024-08-01,2024-08,1175,West,Pro,Active,50.00,50.00,0,0,0.00,"Clean Transaction"
2024-08-01,2024-08,1176,South,Pro,Active,50.00,0.00,1,0,50.00,"Unpaid Invoice"
2024-08-01,2024-08,1177,East,Pro,Active,50.00,50.00,0,0,0.00,"Clean Transaction"
2024-08-01,2024-08,1178,East,Basic,Active,10.00,10.00,0,0,0.00,"Clean Transaction"
2024-08-01,2024-08,1179,North,Pro,Active,50.00,50.00,0,0,0.00,"Clean Transaction"
2024-08-01,2024-08,1180,East,Basic,Active,10.00,10.00,0,0,0.00,"Clean Transaction"
2024-08-01,2024-08,1181,North,Basic,Active,10.00,10.00,0,0,0.00,"Clean Transaction"
2024-08-01,2024-08,1182,East,Basic,Active,10.00,10.00,0,0,0.00,"Clean Transaction"
2024-08-01,2024-08,1183,South,Pro,Active,50.00,50.00,0,0,0.00,"Clean Transaction"
2024-08-01,2024-08,1184,East,Basic,Active,10.00,10.00,0,0,0.00,"Clean Transaction"
2024-08-01,2024-08,1185,North,Basic,Active,10.00,10.00,0,0,0.00,"Clean Transaction"
2024-08-01,2024-08,1186,North,Pro,Active,50.00,50.00,0,0,0.00,"Clean Transaction"
2024-08-01,2024-08,1187,South,Pro,Active,50.00,50.00,0,0,0.00,"Clean Transaction"
2024-08-01,2024-08,1188,East,Basic,Active,10.00,10.00,0,0,0.00,"Clean Transaction"
2024-08-01,2024-08,1189,East,Basic,Active,10.00,10.00,0,0,0.00,"Clean Transaction"
2024-08-01,2024-08,1190,South,Enterprise,Active,200.00,200.00,0,0,0.00,"Clean Transaction"
2024-08-01,2024-08,1191,East,Enterprise,Active,200.00,200.00,0,0,0.00,"Clean Transaction"
2024-08-01,2024-08,1192,East,Enterprise,Active,200.00,200.00,0,0,0.00,"Clean Transaction"
2024-08-01,2024-08,1193,North,Pro,Active,50.00,50.00,0,0,0.00,"Clean Transaction"
2024-08-01,2024-08,1194,East,Pro,Active,50.00,50.00,0,0,0.00,"Clean Transaction"
2024-08-01,2024-08,1195,East,Enterprise,Active,200.00,200.00,0,0,0.00,"Clean Transaction"
2024-08-01,2024-08,1196,South,Pro,Cancelled,50.00,50.00,0,0,0.00,"Clean Transaction"
2024-08-01,2024-08,1197,South,Basic,Active,10.00,10.00,0,0,0.00,"Clean Transaction"
2024-08-01,2024-08,1198,West,Basic,Active,10.00,10.00,0,0,0.00,"Clean Transaction"
2024-08-01,2024-08,1199,North,Pro,Active,50.00,50.00,0,0,0.00,"Clean Transaction"
2024-08-01,2024-08,1200,East,Enterprise,Active,200.00,200.00,0,0,0.00,"Clean Transaction"
2024-08-01,2024-08,1201,East,Enterprise,Active,200.00,200.00,0,0,0.00,"Clean Transaction"
2024-08-01,2024-08,1203,East,Basic,Cancelled,10.00,10.00,0,0,0.00,"Clean Transaction"
2024-08-01,2024-08,1204,North,Enterprise,Active,200.00,200.00,0,0,0.00,"Clean Transaction"
2024-08-01,2024-08,1205,West,Pro,Active,50.00,50.00,0,0,0.00,"Clean Transaction"
2024-08-01,2024-08,1206,North,Enterprise,Active,200.00,200.00,0,0,0.00,"Clean Transaction"
2024-08-01,2024-08,1207,West,Basic,Active,10.00,10.00,0,0,0.00,"Clean Transaction"
2024-08-01,2024-08,1208,West,Basic,Active,10.00,10.00,0,0,0.00,"Clean Transaction"
2024-08-01,2024-08,1209,South,Enterprise,Active,200.00,200.00,0,0,0.00,"Clean Transaction"
2024-08-01,2024-08,1210,North,Basic,Active,10.00,10.00,0,0,0.00,"Clean Transaction"
2024-08-01,2024-08,1211,East,Enterprise,Cancelled,200.00,200.00,0,0,0.00,"Clean Transaction"
2024-08-01,2024-08,1212,East,Basic,Active,10.00,10.00,0,0,0.00,"Clean Transaction"
2024-08-01,2024-08,1214,East,Basic,Active,10.00,10.00,0,0,0.00,"Clean Transaction"
2024-08-01,2024-08,1215,East,Enterprise,Active,200.00,200.00,0,0,0.00,"Clean Transaction"
2024-08-01,2024-08,1216,North,Pro,Active,50.00,50.00,0,0,0.00,"Clean Transaction"
2024-08-01,2024-08,1217,West,Pro,Active,50.00,50.00,0,0,0.00,"Clean Transaction"
2024-08-01,2024-08,1218,North,Basic,Active,10.00,10.00,0,0,0.00,"Clean Transaction"
2024-08-01,2024-08,1219,West,Enterprise,Active,200.00,200.00,0,0,0.00,"Clean Transaction"
2024-08-01,2024-08,1220,East,Pro,Active,50.00,50.00,0,0,0.00,"Clean Transaction"
2024-08-01,2024-08,1221,East,Pro,Active,50.00,50.00,0,0,0.00,"Clean Transaction"
2024-08-01,2024-08,1222,East,Enterprise,Active,200.00,200.00,0,0,0.00,"Clean Transaction"
2024-08-01,2024-08,1223,South,Basic,Active,10.00,10.00,0,0,0.00,"Clean Transaction"
2024-08-01,2024-08,1224,West,Basic,Active,10.00,10.00,0,0,0.00,"Clean Transaction"
2024-08-01,2024-08,1225,South,Pro,Active,50.00,50.00,0,0,0.00,"Clean Transaction"
2024-08-01,2024-08,1226,South,Pro,Active,50.00,50.00,0,0,0.00,"Clean Transaction"
2024-08-01,2024-08,1227,North,Basic,Cancelled,10.00,10.00,0,0,0.00,"Clean Transaction"
2024-08-01,2024-08,1228,South,Enterprise,Active,200.00,200.00,0,0,0.00,"Clean Transaction"
2024-08-01,2024-08,1230,North,Basic,Cancelled,10.00,9.01,0,0,0.99,"Partial Payment"
2024-08-01,2024-08,1231,South,Enterprise,Active,200.00,200.00,0,0,0.00,"Clean Transaction"
2024-08-01,2024-08,1233,West,Basic,Active,10.00,10.00,0,0,0.00,"Clean Transaction"
2024-08-01,2024-08,1234,West,Pro,Active,50.00,50.00,0,0,0.00,"Clean Transaction"
2024-08-01,2024-08,1235,West,Pro,Active,50.00,50.00,0,0,0.00,"Clean Transaction"
2024-08-01,2024-08,1236,West,Basic,Cancelled,10.00,10.00,0,0,0.00,"Clean Transaction"
2024-08-01,2024-08,1237,South,Basic,Active,10.00,10.00,0,0,0.00,"Clean Transaction"
2024-08-01,2024-08,1238,South,Enterprise,Active,200.00,200.00,0,0,0.00,"Clean Transaction"
2024-08-01,2024-08,1239,East,Pro,Active,50.00,50.00,0,0,0.00,"Clean Transaction"
2024-08-01,2024-08,1240,West,Enterprise,Active,200.00,200.00,0,0,0.00,"Clean Transaction"
2024-08-01,2024-08,1241,South,Basic,Active,10.00,10.00,0,0,0.00,"Clean Transaction"
2024-08-01,2024-08,1243,West,Enterprise,Active,200.00,0.00,1,0,200.00,"Unpaid Invoice"
2024-08-01,2024-08,1244,North,Enterprise,Active,200.00,200.00,0,0,0.00,"Clean Transaction"
2024-08-01,2024-08,1245,East,Basic,Active,10.00,10.00,0,0,0.00,"Clean Transaction"
2024-08-01,2024-08,1246,South,Pro,Active,50.00,50.00,0,0,0.00,"Clean Transaction"
2024-08-01,2024-08,1248,North,Pro,Active,50.00,50.00,0,0,0.00,"Clean Transaction"
2024-08-01,2024-08,1249,North,Enterprise,Active,200.00,200.00,0,0,0.00,"Clean Transaction"
2024-08-01,2024-08,1250,East,Basic,Active,10.00,10.00,0,0,0.00,"Clean Transaction"
2024-08-01,2024-08,1251,South,Enterprise,Active,200.00,200.00,0,0,0.00,"Clean Transaction"
2024-08-01,2024-08,1252,North,Basic,Active,10.00,10.00,0,0,0.00,"Clean Transaction"
2024-08-01,2024-08,1253,West,Basic,Active,10.00,10.00,0,0,0.00,"Clean Transaction"
2024-08-01,2024-08,1254,North,Enterprise,Active,200.00,200.00,0,0,0.00,"Clean Transaction"
2024-08-01,2024-08,1255,North,Basic,Active,10.00,10.00,0,0,0.00,"Clean Transaction"
2024-08-01,2024-08,1256,East,Pro,Active,50.00,50.00,0,0,0.00,"Clean Transaction"
2024-08-01,2024-08,1257,East,Basic,Active,10.00,10.00,0,0,0.00,"Clean Transaction"
2024-08-01,2024-08,1258,South,Pro,Active,50.00,50.00,0,0,0.00,"Clean Transaction"
2024-08-01,2024-08,1259,West,Enterprise,Active,200.00,200.00,0,0,0.00,"Clean Transaction"
2024-08-01,2024-08,1260,East,Pro,Active,50.00,50.00,0,0,0.00,"Clean Transaction"
2024-08-01,2024-08,1261,North,Basic,Active,10.00,10.00,0,0,0.00,"Clean Transaction"
2024-08-01,2024-08,1262,South,Pro,Cancelled,50.00,50.00,0,0,0.00,"Clean Transaction"
2024-08-01,2024-08,1263,North,Enterprise,Active,200.00,0.00,1,0,200.00,"Unpaid Invoice"
2024-08-01,2024-08,1264,North,Enterprise,Active,200.00,200.00,0,0,0.00,"Clean Transaction"
2024-08-01,2024-08,1265,East,Enterprise,Active,200.00,200.00,0,0,0.00,"Clean Transaction"
2024-08-01,2024-08,1266,South,Basic,Active,10.00,10.00,0,0,0.00,"Clean Transaction"
2024-08-01,2024-08,1267,West,Basic,Active,10.00,10.00,0,0,0.00,"Clean Transaction"
2024-08-01,2024-08,1268,West,Basic,Active,10.00,9.71,0,0,0.29,"Partial Payment"
2024-08-01,2024-08,1269,East,Enterprise,Active,200.00,200.00,0,0,0.00,"Clean Transaction"
2024-08-01,2024-08,1270,East,Basic,Active,10.00,10.00,0,0,0.00,"Clean Transaction"
2024-08-01,2024-08,1271,South,Enterprise,Active,200.00,200.00,0,0,0.00,"Clean Transaction"
2024-08-01,2024-08,1272,West,Pro,Active,50.00,50.00,0,0,0.00,"Clean Transaction"
2024-08-01,2024-08,1273,West,Pro,Active,50.00,45.95,0,0,4.05,"Partial Payment"
2024-08-01,2024-08,1274,West,Pro,Active,50.00,50.00,0,0,0.00,"Clean Transaction"
2024-08-01,2024-08,1275,North,Enterprise,Active,200.00,200.00,0,0,0.00,"Clean Transaction"
2024-08-01,2024-08,1277,North,Enterprise,Active,200.00,200.00,0,0,0.00,"Clean Transaction"
2024-08-01,2024-08,1279,North,Pro,Active,50.00,0.00,1,0,50.00,"Unpaid Invoice"
2024-08-01,2024-08,1280,South,Enterprise,Active,200.00,200.00,0,0,0.00,"Clean Transaction"
2024-08-01,2024-08,1281,West,Pro,Active,50.00,50.00,0,0,0.00,"Clean Transaction"
2024-08-01,2024-08,1282,West,Pro,Active,50.00,50.00,0,0,0.00,"Clean Transaction"
2024-08-01,2024-08,1283,South,Basic,Active,10.00,10.00,0,0,0.00,"Clean Transaction"
2024-08-01,2024-08,1284,East,Pro,Cancelled,50.00,50.00,0,0,0.00,"Clean Transaction"
2024-08-01,2024-08,1285,South,Pro,Cancelled,50.00,50.00,0,0,0.00,"Clean Transaction"
2024-08-01,2024-08,1286,East,Basic,Active,10.00,10.00,0,0,0.00,"Clean Transaction"
2024-08-01,2024-08,1287,North,Basic,Active,10.00,10.00,0,0,0.00,"Clean Transaction"
2024-08-01,2024-08,1289,North,Enterprise,Active,200.00,200.00,0,0,0.00,"Clean Transaction"
2024-08-01,2024-08,1290,West,Basic,Cancelled,10.00,10.00,0,0,0.00,"Clean Transaction"
2024-08-01,2024-08,1291,North,Basic,Active,10.00,10.00,0,0,0.00,"Clean Transaction"
2024-08-01,2024-08,1292,East,Enterprise,Active,200.00,200.00,0,0,0.00,"Clean Transaction"
2024-08-01,2024-08,1293,North,Pro,Active,50.00,50.00,0,0,0.00,"Clean Transaction"
2024-08-01,2024-08,1294,South,Pro,Active,50.00,50.00,0,0,0.00,"Clean Transaction"
2024-08-01,2024-08,1295,South,Basic,Active,10.00,10.00,0,0,0.00,"Clean Transaction"
2024-08-01,2024-08,1296,West,Basic,Active,10.00,10.00,0,0,0.00,"Clean Transaction"
2024-08-01,2024-08,1297,South,Basic,Active,10.00,10.00,0,0,0.00,"Clean Transaction"
2024-08-01,2024-08,1298,East,Basic,Active,10.00,10.00,0,0,0.00,"Clean Transaction"
2024-08-01,2024-08,1299,North,Basic,Active,10.00,10.00,0,0,0.00,"Clean Transaction"
2024-08-01,2024-08,1300,West,Enterprise,Active,200.00,200.00,0,0,0.00,"Clean Transaction"
2024-08-01,2024-08,1301,North,Basic,Active,10.00,10.00,0,0,0.00,"Clean Transaction"
2024-08-01,2024-08,1302,North,Enterprise,Active,200.00,200.00,0,0,0.00,"Clean Transaction"
2024-08-01,2024-08,1303,East,Basic,Active,10.00,10.00,0,0,0.00,"Clean Transaction"
2024-08-01,2024-08,1305,South,Enterprise,Active,200.00,200.00,0,0,0.00,"Clean Transaction"
2024-08-01,2024-08,1306,North,Basic,Active,10.00,10.00,0,0,0.00,"Clean Transaction"
2024-08-01,2024-08,1307,West,Enterprise,Active,200.00,200.00,0,0,0.00,"Clean Transaction"
2024-08-01,2024-08,1308,South,Pro,Active,50.00,50.00,0,0,0.00,"Clean Transaction"
2024-08-01,2024-08,1309,West,Pro,Active,50.00,50.00,0,0,0.00,"Clean Transaction"
2024-08-01,2024-08,1310,South,Basic,Active,10.00,10.00,0,0,0.00,"Clean Transaction"
2024-08-01,2024-08,1311,West,Enterprise,Active,200.00,200.00,0,0,0.00,"Clean Transaction"
2024-08-01,2024-08,1312,East,Enterprise,Active,200.00,200.00,0,0,0.00,"Clean Transaction"
2024-08-01,2024-08,1313,West,Basic,Active,10.00,9.65,0,0,0.35,"Partial Payment"
2024-08-01,2024-08,1314,East,Pro,Active,50.00,50.00,0,0,0.00,"Clean Transaction"
2024-08-01,2024-08,1315,East,Pro,Active,50.00,50.00,0,0,0.00,"Clean Transaction"
2024-08-01,2024-08,1317,East,Enterprise,Active,200.00,200.00,0,0,0.00,"Clean Transaction"
2024-08-01,2024-08,1318,North,Basic,Active,10.00,10.00,0,0,0.00,"Clean Transaction"
2024-08-01,2024-08,1319,East,Pro,Active,50.00,50.00,0,0,0.00,"Clean Transaction"
2024-08-01,2024-08,1320,South,Pro,Cancelled,50.00,50.00,0,0,0.00,"Clean Transaction"
2024-08-01,2024-08,1321,West,Pro,Active,50.00,50.00,0,0,0.00,"Clean Transaction"
2024-08-01,2024-08,1322,North,Pro,Active,50.00,50.00,0,0,0.00,"Clean Transaction"
2024-08-01,2024-08,1324,South,Enterprise,Active,200.00,200.00,0,0,0.00,"Clean Transaction"
2024-08-01,2024-08,1325,South,Pro,Active,50.00,50.00,0,0,0.00,"Clean Transaction"
2024-08-01,2024-08,1326,South,Enterprise,Active,200.00,200.00,0,0,0.00,"Clean Transaction"
2024-08-01,2024-08,1327,East,Enterprise,Active,200.00,200.00,0,0,0.00,"Clean Transaction"
2024-08-01,2024-08,1328,East,Pro,Active,50.00,50.00,0,0,0.00,"Clean Transaction"
2024-08-01,2024-08,1329,West,Enterprise,Active,200.00,200.00,0,0,0.00,"Clean Transaction"
2024-08-01,2024-08,1330,West,Pro,Active,50.00,50.00,0,0,0.00,"Clean Transaction"
2024-08-01,2024-08,1331,North,Pro,Active,50.00,50.00,0,0,0.00,"Clean Transaction"
2024-08-01,2024-08,1332,North,Enterprise,Active,200.00,200.00,0,0,0.00,"Clean Transaction"
2024-08-01,2024-08,1334,East,Enterprise,Active,200.00,200.00,0,0,0.00,"Clean Transaction"
2024-08-01,2024-08,1335,South,Pro,Cancelled,50.00,46.28,0,0,3.72,"Partial Payment"
2024-08-01,2024-08,1337,North,Basic,Active,10.00,10.00,0,0,0.00,"Clean Transaction"
2024-08-01,2024-08,1338,East,Enterprise,Active,200.00,200.00,0,0,0.00,"Clean Transaction"
2024-08-01,2024-08,1339,West,Basic,Active,10.00,10.00,0,0,0.00,"Clean Transaction"
2024-08-01,2024-08,1340,West,Enterprise,Active,200.00,200.00,0,0,0.00,"Clean Transaction"
2024-08-01,2024-08,1341,East,Pro,Cancelled,50.00,50.00,0,0,0.00,"Clean Transaction"
2024-08-01,2024-08,1342,West,Basic,Active,10.00,10.00,0,0,0.00,"Clean Transaction"
2024-08-01,2024-08,1343,East,Pro,Active,50.00,50.00,0,0,0.00,"Clean Transaction"
2024-08-01,2024-08,1344,South,Pro,Active,50.00,50.00,0,0,0.00,"Clean Transaction"
2024-08-01,2024-08,1345,East,Basic,Active,10.00,10.00,0,0,0.00,"Clean Transaction"
2024-08-01,2024-08,1346,East,Basic,Active,10.00,10.00,0,0,0.00,"Clean Transaction"
2024-08-01,2024-08,1347,East,Pro,Active,50.00,50.00,0,0,0.00,"Clean Transaction"
2024-08-01,2024-08,1348,West,Pro,Active,50.00,50.00,0,0,0.00,"Clean Transaction"
2024-08-01,2024-08,1349,West,Basic,Active,10.00,10.00,0,0,0.00,"Clean Transaction"
2024-08-01,2024-08,1350,East,Pro,Cancelled,50.00,50.00,0,0,0.00,"Clean Transaction"
2024-08-01,2024-08,1351,West,Pro,Active,50.00,50.00,0,0,0.00,"Clean Transaction"
2024-08-01,2024-08,1352,North,Enterprise,Active,200.00,200.00,0,0,0.00,"Clean Transaction"
2024-08-01,2024-08,1353,North,Enterprise,Active,200.00,200.00,0,0,0.00,"Clean Transaction"
2024-08-01,2024-08,1354,West,Basic,Active,10.00,10.00,0,0,0.00,"Clean Transaction"
2024-08-01,2024-08,1355,West,Pro,Active,50.00,50.00,0,0,0.00,"Clean Transaction"
2024-08-01,2024-08,1356,East,Pro,Active,50.00,50.00,0,0,0.00,"Clean Transaction"
2024-08-01,2024-08,1357,South,Basic,Active,10.00,10.00,0,0,0.00,"Clean Transaction"
2024-08-01,2024-08,1358,West,Basic,Active,10.00,10.00,0,0,0.00,"Clean Transaction"
2024-08-01,2024-08,1359,North,Enterprise,Active,200.00,200.00,0,0,0.00,"Clean Transaction"
2024-08-01,2024-08,1360,East,Pro,Active,50.00,50.00,0,0,0.00,"Clean Transaction"
2024-08-01,2024-08,1361,West,Basic,Active,10.00,10.00,0,0,0.00,"Clean Transaction"
2024-08-01,2024-08,1362,North,Basic,Active,10.00,10.00,0,0,0.00,"Clean Transaction"
2024-08-01,2024-08,1363,North,Basic,Active,10.00,10.00,0,0,0.00,"Clean Transaction"
2024-08-01,2024-08,1364,South,Pro,Active,50.00,50.00,0,0,0.00,"Clean Transaction"
2024-08-01,2024-08,1365,East,Pro,Active,50.00,50.00,0,0,0.00,"Clean Transaction"
2024-08-01,2024-08,1366,East,Pro,Active,50.00,50.00,0,0,0.00,"Clean Transaction"
2024-08-01,2024-08,1367,South,Enterprise,Active,200.00,200.00,0,0,0.00,"Clean Transaction"
2024-08-01,2024-08,1368,South,Pro,Active,50.00,50.00,0,0,0.00,"Clean Transaction"
2024-08-01,2024-08,1370,East,Basic,Active,10.00,10.00,0,0,0.00,"Clean Transaction"
2024-08-01,2024-08,1371,West,Enterprise,Active,200.00,200.00,0,0,0.00,"Clean Transaction"
2024-08-01,2024-08,1372,West,Pro,Active,50.00,50.00,0,0,0.00,"Clean Transaction"
2024-08-01,2024-08,1373,South,Pro,Cancelled,50.00,50.00,0,0,0.00,"Clean Transaction"
2024-08-01,2024-08,1374,West,Pro,Active,50.00,50.00,0,0,0.00,"Clean Transaction"
2024-08-01,2024-08,1375,North,Basic,Active,10.00,10.00,0,0,0.00,"Clean Transaction"
2024-08-01,2024-08,1376,West,Pro,Active,50.00,50.00,0,0,0.00,"Clean Transaction"
2024-08-01,2024-08,1377,West,Basic,Active,10.00,10.00,0,0,0.00,"Clean Transaction"
2024-08-01,2024-08,1378,North,Enterprise,Active,200.00,200.00,0,0,0.00,"Clean Transaction"
2024-08-01,2024-08,1379,South,Pro,Active,50.00,50.00,0,0,0.00,"Clean Transaction"
2024-08-01,2024-08,1380,North,Enterprise,Active,200.00,200.00,0,0,0.00,"Clean Transaction"
2024-08-01,2024-08,1381,West,Pro,Active,50.00,50.00,0,0,0.00,"Clean Transaction"
2024-08-01,2024-08,1382,South,Pro,Cancelled,50.00,50.00,0,0,0.00,"Clean Transaction"
2024-08-01,2024-08,1383,West,Basic,Active,10.00,10.00,0,0,0.00,"Clean Transaction"
2024-08-01,2024-08,1384,North,Basic,Active,10.00,10.00,0,0,0.00,"Clean Transaction"
2024-08-01,2024-08,1385,North,Enterprise,Active,200.00,200.00,0,0,0.00,"Clean Transaction"
2024-08-01,2024-08,1386,West,Basic,Active,10.00,10.00,0,0,0.00,"Clean Transaction"
2024-08-01,2024-08,1387,East,Enterprise,Active,200.00,200.00,0,0,0.00,"Clean Transaction"
2024-08-01,2024-08,1389,North,Basic,Active,10.00,10.00,0,0,0.00,"Clean Transaction"
2024-08-01,2024-08,1390,North,Basic,Active,10.00,10.00,0,0,0.00,"Clean Transaction"
2024-08-01,2024-08,1391,East,Pro,Active,50.00,50.00,0,0,0.00,"Clean Transaction"
2024-08-01,2024-08,1392,East,Basic,Active,10.00,10.00,0,0,0.00,"Clean Transaction"
2024-08-01,2024-08,1393,West,Pro,Active,50.00,50.00,0,0,0.00,"Clean Transaction"
2024-08-01,2024-08,1394,West,Basic,Active,10.00,10.00,0,0,0.00,"Clean Transaction"
2024-08-01,2024-08,1395,East,Basic,Active,10.00,10.00,0,0,0.00,"Clean Transaction"
2024-08-01,2024-08,1396,West,Enterprise,Active,200.00,200.00,0,0,0.00,"Clean Transaction"
2024-08-01,2024-08,1397,West,Pro,Active,50.00,50.00,0,0,0.00,"Clean Transaction"
2024-08-01,2024-08,1398,South,Enterprise,Active,200.00,200.00,0,0,0.00,"Clean Transaction"
2024-08-01,2024-08,1399,West,Basic,Active,10.00,10.00,0,0,0.00,"Clean Transaction"
2024-08-01,2024-08,1400,North,Enterprise,Active,200.00,200.00,0,0,0.00,"Clean Transaction"
2024-08-01,2024-08,1401,West,Pro,Active,50.00,50.00,0,0,0.00,"Clean Transaction"
2024-08-01,2024-08,1403,East,Enterprise,Active,200.00,194.05,0,0,5.95,"Partial Payment"
2024-08-01,2024-08,1404,North,Basic,Active,10.00,10.00,0,0,0.00,"Clean Transaction"
2024-08-01,2024-08,1405,West,Pro,Active,50.00,50.00,0,0,0.00,"Clean Transaction"
2024-08-01,2024-08,1406,West,Pro,Active,50.00,50.00,0,0,0.00,"Clean Transaction"
2024-08-01,2024-08,1407,South,Pro,Active,50.00,50.00,0,0,0.00,"Clean Transaction"
2024-08-01,2024-08,1408,West,Basic,Active,10.00,10.00,0,0,0.00,"Clean Transaction"
2024-08-01,2024-08,1409,West,Basic,Active,10.00,10.00,0,0,0.00,"Clean Transaction"
2024-08-01,2024-08,1410,South,Enterprise,Active,200.00,200.00,0,0,0.00,"Clean Transaction"
2024-08-01,2024-08,1411,East,Pro,Active,50.00,50.00,0,0,0.00,"Clean Transaction"
2024-08-01,2024-08,1412,West,Enterprise,Active,200.00,200.00,0,0,0.00,"Clean Transaction"
2024-08-01,2024-08,1413,South,Enterprise,Active,200.00,200.00,0,0,0.00,"Clean Transaction"
2024-08-01,2024-08,1414,North,Enterprise,Active,200.00,200.00,0,0,0.00,"Clean Transaction"
2024-08-01,2024-08,1415,East,Basic,Cancelled,10.00,10.00,0,0,0.00,"Clean Transaction"
2024-08-01,2024-08,1416,North,Pro,Active,50.00,50.00,0,0,0.00,"Clean Transaction"
2024-08-01,2024-08,1417,North,Enterprise,Active,200.00,200.00,0,0,0.00,"Clean Transaction"
2024-08-01,2024-08,1418,South,Enterprise,Active,200.00,200.00,0,0,0.00,"Clean Transaction"
2024-08-01,2024-08,1419,West,Pro,Active,50.00,50.00,0,0,0.00,"Clean Transaction"
2024-08-01,2024-08,1420,South,Basic,Active,10.00,10.00,0,0,0.00,"Clean Transaction"
2024-08-01,2024-08,1421,South,Pro,Active,50.00,50.00,0,0,0.00,"Clean Transaction"
2024-08-01,2024-08,1422,South,Pro,Active,50.00,50.00,0,0,0.00,"Clean Transaction"
2024-08-01,2024-08,1423,South,Enterprise,Active,200.00,200.00,0,0,0.00,"Clean Transaction"
2024-08-01,2024-08,1424,East,Basic,Active,10.00,10.00,0,0,0.00,"Clean Transaction"
2024-08-01,2024-08,1425,West,Pro,Active,50.00,50.00,0,0,0.00,"Clean Transaction"
2024-08-01,2024-08,1426,North,Basic,Active,10.00,10.00,0,0,0.00,"Clean Transaction"
2024-08-01,2024-08,1427,North,Basic,Active,10.00,10.00,0,0,0.00,"Clean Transaction"
2024-08-01,2024-08,1428,West,Basic,Active,10.00,10.00,0,0,0.00,"Clean Transaction"
2024-08-01,2024-08,1429,North,Pro,Active,50.00,50.00,0,0,0.00,"Clean Transaction"
2024-08-01,2024-08,1430,West,Pro,Active,50.00,50.00,0,0,0.00,"Clean Transaction"
2024-08-01,2024-08,1431,North,Basic,Active,10.00,10.00,0,0,0.00,"Clean Transaction"
2024-08-01,2024-08,1432,South,Pro,Active,50.00,50.00,0,0,0.00,"Clean Transaction"
2024-08-01,2024-08,1433,North,Enterprise,Active,200.00,180.07,0,0,19.93,"Partial Payment"
2024-08-01,2024-08,1434,West,Enterprise,Active,200.00,200.00,0,0,0.00,"Clean Transaction"
2024-08-01,2024-08,1435,West,Enterprise,Active,200.00,200.00,0,0,0.00,"Clean Transaction"
2024-08-01,2024-08,1436,West,Basic,Active,10.00,10.00,0,0,0.00,"Clean Transaction"
2024-08-01,2024-08,1437,West,Basic,Active,10.00,10.00,0,0,0.00,"Clean Transaction"
2024-08-01,2024-08,1438,West,Pro,Active,50.00,50.00,0,0,0.00,"Clean Transaction"
2024-08-01,2024-08,1439,East,Enterprise,Active,200.00,200.00,0,0,0.00,"Clean Transaction"
2024-08-01,2024-08,1440,East,Pro,Active,50.00,50.00,0,0,0.00,"Clean Transaction"
2024-08-01,2024-08,1441,North,Basic,Active,10.00,10.00,0,0,0.00,"Clean Transaction"
2024-08-01,2024-08,1442,West,Enterprise,Active,200.00,200.00,0,0,0.00,"Clean Transaction"
2024-08-01,2024-08,1443,North,Enterprise,Active,200.00,200.00,0,0,0.00,"Clean Transaction"
2024-08-01,2024-08,1444,West,Enterprise,Active,200.00,200.00,0,0,0.00,"Clean Transaction"
2024-08-01,2024-08,1445,West,Pro,Active,50.00,50.00,0,0,0.00,"Clean Transaction"
2024-08-01,2024-08,1446,East,Pro,Active,50.00,50.00,0,0,0.00,"Clean Transaction"
2024-08-01,2024-08,1447,East,Basic,Active,10.00,10.00,0,0,0.00,"Clean Transaction"
2024-08-01,2024-08,1449,East,Enterprise,Active,200.00,200.00,0,0,0.00,"Clean Transaction"
2024-08-01,2024-08,1450,South,Basic,Active,10.00,10.00,0,0,0.00,"Clean Transaction"
2024-08-01,2024-08,1451,South,Basic,Active,10.00,10.00,0,0,0.00,"Clean Transaction"
2024-08-01,2024-08,1452,South,Basic,Active,10.00,10.00,0,0,0.00,"Clean Transaction"
2024-08-01,2024-08,1453,South,Enterprise,Active,200.00,0.00,1,0,200.00,"Unpaid Invoice"
2024-08-01,2024-08,1454,South,Pro,Active,50.00,50.00,0,0,0.00,"Clean Transaction"
2024-08-01,2024-08,1455,North,Pro,Active,50.00,50.00,0,0,0.00,"Clean Transaction"
2024-08-01,2024-08,1456,East,Pro,Active,50.00,50.00,0,0,0.00,"Clean Transaction"
2024-08-01,2024-08,1457,South,Pro,Active,50.00,50.00,0,0,0.00,"Clean Transaction"
2024-08-01,2024-08,1458,West,Basic,Active,10.00,10.00,0,0,0.00,"Clean Transaction"
2024-08-01,2024-08,1459,East,Basic,Active,10.00,10.00,0,0,0.00,"Clean Transaction"
2024-08-01,2024-08,1460,East,Pro,Active,50.00,50.00,0,0,0.00,"Clean Transaction"
2024-08-01,2024-08,1461,South,Basic,Active,10.00,10.00,0,0,0.00,"Clean Transaction"
2024-08-01,2024-08,1462,North,Enterprise,Active,200.00,200.00,0,0,0.00,"Clean Transaction"
2024-08-01,2024-08,1463,South,Enterprise,Active,200.00,200.00,0,0,0.00,"Clean Transaction"
2024-08-01,2024-08,1464,North,Pro,Active,50.00,50.00,0,0,0.00,"Clean Transaction"
2024-08-01,2024-08,1465,West,Basic,Active,10.00,10.00,0,0,0.00,"Clean Transaction"
2024-08-01,2024-08,1466,East,Pro,Active,50.00,50.00,0,0,0.00,"Clean Transaction"
2024-08-01,2024-08,1467,West,Basic,Cancelled,10.00,10.00,0,0,0.00,"Clean Transaction"
2024-08-01,2024-08,1468,North,Pro,Active,50.00,50.00,0,0,0.00,"Clean Transaction"
2024-08-01,2024-08,1470,West,Pro,Active,50.00,50.00,0,0,0.00,"Clean Transaction"
2024-08-01,2024-08,1471,North,Pro,Active,50.00,50.00,0,0,0.00,"Clean Transaction"
2024-08-01,2024-08,1472,West,Pro,Active,50.00,50.00,0,0,0.00,"Clean Transaction"
2024-08-01,2024-08,1473,East,Pro,Active,50.00,50.00,0,0,0.00,"Clean Transaction"
2024-08-01,2024-08,1474,West,Basic,Active,10.00,10.00,0,0,0.00,"Clean Transaction"
2024-08-01,2024-08,1475,East,Enterprise,Active,200.00,200.00,0,0,0.00,"Clean Transaction"
2024-08-01,2024-08,1476,West,Pro,Active,50.00,49.22,0,0,0.78,"Partial Payment"
2024-08-01,2024-08,1477,North,Pro,Active,50.00,50.00,0,0,0.00,"Clean Transaction"
2024-08-01,2024-08,1478,West,Enterprise,Active,200.00,200.00,0,0,0.00,"Clean Transaction"
2024-08-01,2024-08,1479,North,Basic,Active,10.00,10.00,0,0,0.00,"Clean Transaction"
2024-08-01,2024-08,1480,West,Pro,Active,50.00,50.00,0,0,0.00,"Clean Transaction"
2024-08-01,2024-08,1481,West,Pro,Active,50.00,50.00,0,0,0.00,"Clean Transaction"
2024-08-01,2024-08,1482,South,Basic,Active,10.00,10.00,0,0,0.00,"Clean Transaction"
2024-08-01,2024-08,1483,North,Enterprise,Active,200.00,200.00,0,0,0.00,"Clean Transaction"
2024-08-01,2024-08,1484,South,Pro,Active,50.00,50.00,0,0,0.00,"Clean Transaction"
2024-08-01,2024-08,1485,North,Enterprise,Active,200.00,200.00,0,0,0.00,"Clean Transaction"
2024-08-01,2024-08,1486,South,Pro,Active,50.00,50.00,0,0,0.00,"Clean Transaction"
2024-08-01,2024-08,1487,East,Basic,Active,10.00,10.00,0,0,0.00,"Clean Transaction"
2024-08-01,2024-08,1488,West,Basic,Active,10.00,10.00,0,0,0.00,"Clean Transaction"
2024-08-01,2024-08,1489,North,Pro,Active,50.00,50.00,0,0,0.00,"Clean Transaction"
2024-08-01,2024-08,1490,North,Basic,Active,10.00,10.00,0,0,0.00,"Clean Transaction"
2024-08-01,2024-08,1491,West,Enterprise,Active,200.00,192.23,0,0,7.77,"Partial Payment"
2024-08-01,2024-08,1492,North,Basic,Active,10.00,10.00,0,0,0.00,"Clean Transaction"
2024-08-01,2024-08,1493,North,Basic,Active,10.00,10.00,0,0,0.00,"Clean Transaction"
2024-08-01,2024-08,1494,South,Pro,Active,50.00,50.00,0,0,0.00,"Clean Transaction"
2024-08-01,2024-08,1495,North,Enterprise,Active,200.00,200.00,0,0,0.00,"Clean Transaction"
2024-08-01,2024-08,1496,East,Basic,Active,10.00,10.00,0,0,0.00,"Clean Transaction"
2024-08-01,2024-08,1498,West,Basic,Active,10.00,10.00,0,0,0.00,"Clean Transaction"
2024-08-01,2024-08,1499,North,Basic,Active,10.00,10.00,0,0,0.00,"Clean Transaction"
2024-08-01,2024-08,1500,West,Basic,Active,10.00,10.00,0,0,0.00,"Clean Transaction"
2024-08-01,2024-08,1501,East,Enterprise,Active,200.00,200.00,0,0,0.00,"Clean Transaction"
2024-08-01,2024-08,1502,North,Enterprise,Active,200.00,200.00,0,0,0.00,"Clean Transaction"
2024-08-01,2024-08,1503,North,Enterprise,Active,200.00,200.00,0,0,0.00,"Clean Transaction"
2024-08-01,2024-08,1504,West,Pro,Active,50.00,50.00,0,0,0.00,"Clean Transaction"
2024-08-01,2024-08,1505,East,Basic,Active,10.00,10.00,0,0,0.00,"Clean Transaction"
2024-08-01,2024-08,1506,North,Enterprise,Active,200.00,200.00,0,0,0.00,"Clean Transaction"
2024-08-01,2024-08,1507,West,Basic,Active,10.00,10.00,0,0,0.00,"Clean Transaction"
2024-08-01,2024-08,1508,East,Basic,Active,10.00,10.00,0,0,0.00,"Clean Transaction"
2024-08-01,2024-08,1509,West,Enterprise,Active,200.00,200.00,0,0,0.00,"Clean Transaction"
2024-08-01,2024-08,1511,North,Basic,Active,10.00,10.00,0,0,0.00,"Clean Transaction"
2024-08-01,2024-08,1514,South,Basic,Active,10.00,10.00,0,0,0.00,"Clean Transaction"
2024-08-01,2024-08,1515,South,Pro,Active,50.00,50.00,0,0,0.00,"Clean Transaction"
2024-08-01,2024-08,1516,East,Basic,Active,10.00,10.00,0,0,0.00,"Clean Transaction"
2024-08-01,2024-08,1517,West,Pro,Active,50.00,50.00,0,0,0.00,"Clean Transaction"
2024-08-01,2024-08,1518,South,Basic,Active,10.00,10.00,0,0,0.00,"Clean Transaction"
2024-08-01,2024-08,1519,West,Basic,Active,10.00,10.00,0,0,0.00,"Clean Transaction"
2024-08-01,2024-08,1520,South,Basic,Active,10.00,10.00,0,0,0.00,"Clean Transaction"
2024-08-01,2024-08,1521,West,Pro,Active,50.00,50.00,0,0,0.00,"Clean Transaction"
2024-08-01,2024-08,1522,East,Enterprise,Active,200.00,200.00,0,0,0.00,"Clean Transaction"
2024-08-01,2024-08,1523,South,Basic,Active,10.00,10.00,0,0,0.00,"Clean Transaction"
2024-08-01,2024-08,1524,East,Basic,Active,10.00,10.00,0,0,0.00,"Clean Transaction"
2024-08-01,2024-08,1525,South,Basic,Active,10.00,10.00,0,0,0.00,"Clean Transaction"
2024-08-01,2024-08,1527,East,Enterprise,Active,200.00,200.00,0,0,0.00,"Clean Transaction"
2024-08-01,2024-08,1529,South,Pro,Active,50.00,50.00,0,0,0.00,"Clean Transaction"
2024-08-01,2024-08,1530,South,Enterprise,Active,200.00,200.00,0,0,0.00,"Clean Transaction"
2024-08-01,2024-08,1531,North,Enterprise,Active,200.00,200.00,0,0,0.00,"Clean Transaction"
2024-08-01,2024-08,1532,West,Basic,Active,10.00,9.24,0,0,0.76,"Partial Payment"
2024-08-01,2024-08,1533,North,Pro,Active,50.00,50.00,0,0,0.00,"Clean Transaction"
2024-08-01,2024-08,1534,North,Basic,Cancelled,10.00,10.00,0,0,0.00,"Clean Transaction"
2024-08-01,2024-08,1535,East,Basic,Active,10.00,10.00,0,0,0.00,"Clean Transaction"
2024-08-01,2024-08,1536,South,Pro,Active,50.00,50.00,0,0,0.00,"Clean Transaction"
2024-08-01,2024-08,1537,West,Pro,Active,50.00,50.00,0,0,0.00,"Clean Transaction"
2024-08-01,2024-08,1538,East,Pro,Active,50.00,50.00,0,0,0.00,"Clean Transaction"
2024-08-01,2024-08,1539,North,Basic,Cancelled,10.00,10.00,0,0,0.00,"Clean Transaction"
2024-08-01,2024-08,1540,South,Pro,Active,50.00,50.00,0,0,0.00,"Clean Transaction"
2024-08-01,2024-08,1541,East,Enterprise,Active,200.00,200.00,0,0,0.00,"Clean Transaction"
2024-08-01,2024-08,1542,South,Pro,Active,50.00,50.00,0,0,0.00,"Clean Transaction"
2024-08-01,2024-08,1543,East,Pro,Cancelled,50.00,50.00,0,0,0.00,"Clean Transaction"
2024-08-01,2024-08,1544,South,Pro,Cancelled,50.00,50.00,0,0,0.00,"Clean Transaction"
2024-08-01,2024-08,1545,North,Pro,Active,50.00,50.00,0,0,0.00,"Clean Transaction"
2024-08-01,2024-08,1546,West,Enterprise,Active,200.00,200.00,0,0,0.00,"Clean Transaction"
2024-08-01,2024-08,1548,West,Basic,Active,10.00,10.00,0,0,0.00,"Clean Transaction"
2024-08-01,2024-08,1549,South,Pro,Active,50.00,50.00,0,0,0.00,"Clean Transaction"
2024-08-01,2024-08,1550,East,Pro,Active,50.00,50.00,0,0,0.00,"Clean Transaction"
2024-08-01,2024-08,1551,North,Enterprise,Active,200.00,200.00,0,0,0.00,"Clean Transaction"
2024-08-01,2024-08,1552,West,Pro,Cancelled,50.00,50.00,0,0,0.00,"Clean Transaction"
2024-08-01,2024-08,1553,North,Pro,Active,50.00,50.00,0,0,0.00,"Clean Transaction"
2024-08-01,2024-08,1554,West,Basic,Active,10.00,10.00,0,0,0.00,"Clean Transaction"
2024-08-01,2024-08,1556,West,Basic,Active,10.00,10.00,0,0,0.00,"Clean Transaction"
2024-08-01,2024-08,1558,South,Enterprise,Active,200.00,200.00,0,0,0.00,"Clean Transaction"
2024-08-01,2024-08,1559,West,Basic,Active,10.00,10.00,0,0,0.00,"Clean Transaction"
2024-08-01,2024-08,1560,South,Enterprise,Active,200.00,200.00,0,0,0.00,"Clean Transaction"
2024-08-01,2024-08,1561,West,Enterprise,Active,200.00,200.00,0,0,0.00,"Clean Transaction"
2024-08-01,2024-08,1562,East,Basic,Active,10.00,10.00,0,0,0.00,"Clean Transaction"
2024-08-01,2024-08,1563,East,Enterprise,Active,200.00,200.00,0,0,0.00,"Clean Transaction"
2024-08-01,2024-08,1564,East,Pro,Active,50.00,50.00,0,0,0.00,"Clean Transaction"
2024-08-01,2024-08,1565,West,Basic,Active,10.00,10.00,0,0,0.00,"Clean Transaction"
2024-08-01,2024-08,1566,South,Enterprise,Active,200.00,0.00,1,0,200.00,"Unpaid Invoice"
2024-08-01,2024-08,1567,South,Basic,Active,10.00,10.00,0,0,0.00,"Clean Transaction"
2024-08-01,2024-08,1568,West,Pro,Active,50.00,50.00,0,0,0.00,"Clean Transaction"
2024-08-01,2024-08,1569,East,Pro,Active,50.00,50.00,0,0,0.00,"Clean Transaction"
2024-08-01,2024-08,1570,East,Pro,Active,50.00,50.00,0,0,0.00,"Clean Transaction"
2024-08-01,2024-08,1571,South,Basic,Active,10.00,10.00,0,0,0.00,"Clean Transaction"
2024-08-01,2024-08,1572,East,Enterprise,Active,200.00,200.00,0,0,0.00,"Clean Transaction"
2024-08-01,2024-08,1573,North,Basic,Active,10.00,10.00,0,0,0.00,"Clean Transaction"
2024-08-01,2024-08,1574,South,Basic,Active,10.00,10.00,0,0,0.00,"Clean Transaction"
2024-08-01,2024-08,1575,East,Pro,Active,50.00,50.00,0,0,0.00,"Clean Transaction"
2024-08-01,2024-08,1576,South,Pro,Active,50.00,50.00,0,0,0.00,"Clean Transaction"
2024-08-01,2024-08,1577,North,Pro,Cancelled,50.00,50.00,0,0,0.00,"Clean Transaction"
2024-08-01,2024-08,1578,South,Basic,Active,10.00,10.00,0,0,0.00,"Clean Transaction"
2024-08-01,2024-08,1579,South,Basic,Active,10.00,10.00,0,0,0.00,"Clean Transaction"
2024-08-01,2024-08,1580,South,Basic,Active,10.00,10.00,0,0,0.00,"Clean Transaction"
2024-08-01,2024-08,1581,South,Pro,Active,50.00,45.38,0,0,4.62,"Partial Payment"
2024-08-01,2024-08,1582,North,Pro,Active,50.00,50.00,0,0,0.00,"Clean Transaction"
2024-08-01,2024-08,1583,West,Enterprise,Cancelled,200.00,200.00,0,0,0.00,"Clean Transaction"
2024-08-01,2024-08,1585,South,Enterprise,Active,200.00,200.00,0,0,0.00,"Clean Transaction"
2024-08-01,2024-08,1586,East,Pro,Active,50.00,50.00,0,0,0.00,"Clean Transaction"
2024-08-01,2024-08,1587,South,Basic,Active,10.00,10.00,0,0,0.00,"Clean Transaction"
2024-08-01,2024-08,1588,East,Basic,Active,10.00,10.00,0,0,0.00,"Clean Transaction"
2024-08-01,2024-08,1589,West,Enterprise,Active,200.00,200.00,0,0,0.00,"Clean Transaction"
2024-08-01,2024-08,1590,North,Basic,Active,10.00,10.00,0,0,0.00,"Clean Transaction"
2024-08-01,2024-08,1591,North,Enterprise,Active,200.00,200.00,0,0,0.00,"Clean Transaction"
2024-08-01,2024-08,1592,West,Pro,Active,50.00,50.00,0,0,0.00,"Clean Transaction"
2024-08-01,2024-08,1593,North,Basic,Active,10.00,10.00,0,0,0.00,"Clean Transaction"
2024-08-01,2024-08,1594,West,Basic,Active,10.00,10.00,0,0,0.00,"Clean Transaction"
2024-08-01,2024-08,1595,West,Pro,Active,50.00,50.00,0,0,0.00,"Clean Transaction"
2024-08-01,2024-08,1596,West,Pro,Cancelled,50.00,50.00,0,0,0.00,"Clean Transaction"
2024-08-01,2024-08,1597,North,Pro,Active,50.00,50.00,0,0,0.00,"Clean Transaction"
2024-08-01,2024-08,1598,East,Enterprise,Active,200.00,200.00,0,0,0.00,"Clean Transaction"
2024-08-01,2024-08,1599,West,Basic,Active,10.00,10.00,0,0,0.00,"Clean Transaction"
2024-08-01,2024-08,1600,South,Basic,Active,10.00,10.00,0,0,0.00,"Clean Transaction"
2024-08-01,2024-08,1601,North,Pro,Active,50.00,50.00,0,0,0.00,"Clean Transaction"
2024-08-01,2024-08,1602,West,Basic,Active,10.00,0.00,1,0,10.00,"Unpaid Invoice"
2024-08-01,2024-08,1603,West,Pro,Cancelled,50.00,50.00,0,0,0.00,"Clean Transaction"
2024-08-01,2024-08,1604,South,Basic,Active,10.00,10.00,0,0,0.00,"Clean Transaction"
2024-08-01,2024-08,1605,East,Basic,Active,10.00,10.00,0,0,0.00,"Clean Transaction"
2024-08-01,2024-08,1607,East,Enterprise,Active,200.00,200.00,0,0,0.00,"Clean Transaction"
2024-08-01,2024-08,1608,West,Pro,Active,50.00,50.00,0,0,0.00,"Clean Transaction"
2024-08-01,2024-08,1609,West,Pro,Active,50.00,50.00,0,0,0.00,"Clean Transaction"
2024-08-01,2024-08,1610,West,Basic,Active,10.00,10.00,0,0,0.00,"Clean Transaction"
2024-08-01,2024-08,1612,South,Basic,Active,10.00,10.00,0,0,0.00,"Clean Transaction"
2024-08-01,2024-08,1613,West,Enterprise,Active,200.00,200.00,0,0,0.00,"Clean Transaction"
2024-08-01,2024-08,1615,South,Enterprise,Active,200.00,200.00,0,0,0.00,"Clean Transaction"
2024-08-01,2024-08,1616,East,Pro,Active,50.00,50.00,0,0,0.00,"Clean Transaction"
2024-08-01,2024-08,1617,North,Basic,Active,10.00,10.00,0,0,0.00,"Clean Transaction"
2024-08-01,2024-08,1618,West,Enterprise,Active,200.00,200.00,0,0,0.00,"Clean Transaction"
2024-08-01,2024-08,1619,East,Basic,Active,10.00,10.00,0,0,0.00,"Clean Transaction"
2024-08-01,2024-08,1620,East,Basic,Active,10.00,10.00,0,0,0.00,"Clean Transaction"
2024-08-01,2024-08,1623,East,Basic,Active,10.00,10.00,0,0,0.00,"Clean Transaction"
2024-08-01,2024-08,1624,South,Pro,Active,50.00,50.00,0,0,0.00,"Clean Transaction"
2024-08-01,2024-08,1626,South,Pro,Active,50.00,50.00,0,0,0.00,"Clean Transaction"
2024-08-01,2024-08,1627,North,Pro,Active,50.00,50.00,0,0,0.00,"Clean Transaction"
2024-08-01,2024-08,1628,South,Basic,Active,10.00,10.00,0,0,0.00,"Clean Transaction"
2024-08-01,2024-08,1630,East,Enterprise,Active,200.00,200.00,0,0,0.00,"Clean Transaction"
2024-08-01,2024-08,1631,North,Pro,Active,50.00,50.00,0,0,0.00,"Clean Transaction"
2024-08-01,2024-08,1632,West,Basic,Cancelled,10.00,10.00,0,0,0.00,"Clean Transaction"
2024-08-01,2024-08,1633,North,Pro,Active,50.00,50.00,0,0,0.00,"Clean Transaction"
2024-08-01,2024-08,1634,North,Pro,Active,50.00,50.00,0,0,0.00,"Clean Transaction"
2024-08-01,2024-08,1635,South,Basic,Active,10.00,10.00,0,0,0.00,"Clean Transaction"
2024-08-01,2024-08,1636,South,Pro,Active,50.00,50.00,0,0,0.00,"Clean Transaction"
2024-08-01,2024-08,1637,North,Pro,Active,50.00,50.00,0,0,0.00,"Clean Transaction"
2024-08-01,2024-08,1638,East,Pro,Active,50.00,50.00,0,0,0.00,"Clean Transaction"
2024-08-01,2024-08,1639,South,Basic,Active,10.00,10.00,0,0,0.00,"Clean Transaction"
2024-08-01,2024-08,1640,West,Pro,Active,50.00,50.00,0,0,0.00,"Clean Transaction"
2024-08-01,2024-08,1641,South,Basic,Active,10.00,10.00,0,0,0.00,"Clean Transaction"
2024-08-01,2024-08,1642,South,Enterprise,Active,200.00,200.00,0,0,0.00,"Clean Transaction"
2024-08-01,2024-08,1643,West,Pro,Active,50.00,50.00,0,0,0.00,"Clean Transaction"
2024-08-01,2024-08,1644,North,Basic,Active,10.00,10.00,0,0,0.00,"Clean Transaction"
2024-08-01,2024-08,1645,West,Enterprise,Active,200.00,183.37,0,0,16.63,"Partial Payment"
2024-08-01,2024-08,1646,North,Pro,Active,50.00,50.00,0,0,0.00,"Clean Transaction"
2024-08-01,2024-08,1647,North,Pro,Active,50.00,50.00,0,0,0.00,"Clean Transaction"
2024-08-01,2024-08,1648,North,Enterprise,Active,200.00,200.00,0,0,0.00,"Clean Transaction"
2024-08-01,2024-08,1649,West,Enterprise,Active,200.00,200.00,0,0,0.00,"Clean Transaction"
2024-08-01,2024-08,1650,North,Basic,Active,10.00,10.00,0,0,0.00,"Clean Transaction"
2024-08-01,2024-08,1651,East,Enterprise,Active,200.00,200.00,0,0,0.00,"Clean Transaction"
2024-08-01,2024-08,1652,West,Pro,Active,50.00,50.00,0,0,0.00,"Clean Transaction"
2024-08-01,2024-08,1654,North,Enterprise,Active,200.00,200.00,0,0,0.00,"Clean Transaction"
2024-08-01,2024-08,1655,South,Basic,Active,10.00,10.00,0,0,0.00,"Clean Transaction"
2024-08-01,2024-08,1656,North,Pro,Active,50.00,50.00,0,0,0.00,"Clean Transaction"
2024-08-01,2024-08,1657,East,Pro,Active,50.00,50.00,0,0,0.00,"Clean Transaction"
2024-08-01,2024-08,1658,East,Enterprise,Active,200.00,200.00,0,0,0.00,"Clean Transaction"
2024-08-01,2024-08,1659,West,Basic,Cancelled,10.00,10.00,0,0,0.00,"Clean Transaction"
2024-08-01,2024-08,1661,West,Pro,Active,50.00,50.00,0,0,0.00,"Clean Transaction"
2024-08-01,2024-08,1662,East,Basic,Active,10.00,10.00,0,0,0.00,"Clean Transaction"
2024-08-01,2024-08,1663,North,Basic,Active,10.00,10.00,0,0,0.00,"Clean Transaction"
2024-08-01,2024-08,1664,South,Pro,Active,50.00,50.00,0,0,0.00,"Clean Transaction"
2024-08-01,2024-08,1665,North,Pro,Active,50.00,50.00,0,0,0.00,"Clean Transaction"
2024-08-01,2024-08,1666,North,Enterprise,Active,200.00,200.00,0,0,0.00,"Clean Transaction"
2024-08-01,2024-08,1667,South,Enterprise,Active,200.00,200.00,0,0,0.00,"Clean Transaction"
2024-08-01,2024-08,1668,West,Basic,Active,10.00,0.00,1,0,10.00,"Unpaid Invoice"
2024-08-01,2024-08,1670,East,Enterprise,Active,200.00,200.00,0,0,0.00,"Clean Transaction"
2024-08-01,2024-08,1671,North,Pro,Active,50.00,46.47,0,0,3.53,"Partial Payment"
2024-08-01,2024-08,1672,South,Enterprise,Active,200.00,200.00,0,0,0.00,"Clean Transaction"
2024-08-01,2024-08,1673,South,Basic,Active,10.00,10.00,0,0,0.00,"Clean Transaction"
2024-08-01,2024-08,1674,South,Pro,Active,50.00,50.00,0,0,0.00,"Clean Transaction"
2024-08-01,2024-08,1675,West,Enterprise,Active,200.00,200.00,0,0,0.00,"Clean Transaction"
2024-08-01,2024-08,1676,North,Pro,Active,50.00,50.00,0,0,0.00,"Clean Transaction"
2024-08-01,2024-08,1677,West,Basic,Active,10.00,10.00,0,0,0.00,"Clean Transaction"
2024-08-01,2024-08,1678,West,Basic,Active,10.00,10.00,0,0,0.00,"Clean Transaction"
2024-08-01,2024-08,1679,South,Basic,Active,10.00,10.00,0,0,0.00,"Clean Transaction"
2024-08-01,2024-08,1680,South,Enterprise,Active,200.00,200.00,0,0,0.00,"Clean Transaction"
2024-08-01,2024-08,1681,West,Pro,Active,50.00,50.00,0,0,0.00,"Clean Transaction"
2024-08-01,2024-08,1682,North,Basic,Active,10.00,10.00,0,0,0.00,"Clean Transaction"
2024-08-01,2024-08,1683,East,Enterprise,Active,200.00,200.00,0,0,0.00,"Clean Transaction"
2024-08-01,2024-08,1684,West,Basic,Active,10.00,10.00,0,0,0.00,"Clean Transaction"
2024-08-01,2024-08,1685,North,Pro,Active,50.00,50.00,0,0,0.00,"Clean Transaction"
2024-08-01,2024-08,1686,South,Basic,Active,10.00,10.00,0,0,0.00,"Clean Transaction"
2024-08-01,2024-08,1687,South,Enterprise,Active,200.00,187.41,0,0,12.59,"Partial Payment"
2024-08-01,2024-08,1688,North,Basic,Active,10.00,10.00,0,0,0.00,"Clean Transaction"
2024-08-01,2024-08,1689,East,Basic,Active,10.00,10.00,0,0,0.00,"Clean Transaction"
2024-08-01,2024-08,1690,South,Enterprise,Active,200.00,200.00,0,0,0.00,"Clean Transaction"
2024-08-01,2024-08,1691,South,Basic,Active,10.00,10.00,0,0,0.00,"Clean Transaction"
2024-08-01,2024-08,1692,South,Basic,Cancelled,10.00,10.00,0,0,0.00,"Clean Transaction"
2024-08-01,2024-08,1693,North,Basic,Active,10.00,10.00,0,0,0.00,"Clean Transaction"
2024-08-01,2024-08,1694,West,Enterprise,Active,200.00,200.00,0,0,0.00,"Clean Transaction"
2024-08-01,2024-08,1695,South,Enterprise,Active,200.00,200.00,0,0,0.00,"Clean Transaction"
2024-08-01,2024-08,1696,West,Pro,Active,50.00,50.00,0,0,0.00,"Clean Transaction"
2024-08-01,2024-08,1697,East,Basic,Active,10.00,10.00,0,0,0.00,"Clean Transaction"
2024-08-01,2024-08,1698,South,Enterprise,Active,200.00,200.00,0,0,0.00,"Clean Transaction"
2024-08-01,2024-08,1699,South,Basic,Active,10.00,10.00,0,0,0.00,"Clean Transaction"
2024-08-01,2024-08,1701,South,Basic,Active,10.00,10.00,0,0,0.00,"Clean Transaction"
2024-08-01,2024-08,1702,West,Basic,Cancelled,10.00,10.00,0,0,0.00,"Clean Transaction"
2024-08-01,2024-08,1703,North,Basic,Active,10.00,10.00,0,0,0.00,"Clean Transaction"
2024-08-01,2024-08,1704,West,Enterprise,Active,200.00,200.00,0,0,0.00,"Clean Transaction"
2024-08-01,2024-08,1705,North,Basic,Active,10.00,10.00,0,0,0.00,"Clean Transaction"
2024-08-01,2024-08,1706,North,Enterprise,Active,200.00,200.00,0,0,0.00,"Clean Transaction"
2024-08-01,2024-08,1707,West,Pro,Active,50.00,50.00,0,0,0.00,"Clean Transaction"
2024-08-01,2024-08,1708,West,Enterprise,Active,200.00,200.00,0,0,0.00,"Clean Transaction"
2024-08-01,2024-08,1709,West,Pro,Active,50.00,50.00,0,0,0.00,"Clean Transaction"
2024-08-01,2024-08,1710,West,Pro,Active,50.00,50.00,0,0,0.00,"Clean Transaction"
2024-08-01,2024-08,1711,East,Enterprise,Active,200.00,200.00,0,0,0.00,"Clean Transaction"
2024-08-01,2024-08,1712,South,Pro,Active,50.00,50.00,0,0,0.00,"Clean Transaction"
2024-08-01,2024-08,1713,North,Pro,Active,50.00,50.00,0,0,0.00,"Clean Transaction"
2024-08-01,2024-08,1714,West,Pro,Active,50.00,50.00,0,0,0.00,"Clean Transaction"
2024-08-01,2024-08,1715,West,Basic,Active,10.00,10.00,0,0,0.00,"Clean Transaction"
2024-08-01,2024-08,1716,West,Pro,Active,50.00,50.00,0,0,0.00,"Clean Transaction"
2024-08-01,2024-08,1717,East,Basic,Active,10.00,10.00,0,0,0.00,"Clean Transaction"
2024-08-01,2024-08,1718,West,Pro,Active,50.00,50.00,0,0,0.00,"Clean Transaction"
2024-08-01,2024-08,1719,West,Pro,Active,50.00,50.00,0,0,0.00,"Clean Transaction"
2024-08-01,2024-08,1720,West,Basic,Active,10.00,10.00,0,0,0.00,"Clean Transaction"
2024-08-01,2024-08,1721,South,Basic,Active,10.00,10.00,0,0,0.00,"Clean Transaction"
2024-08-01,2024-08,1722,East,Pro,Active,50.00,50.00,0,0,0.00,"Clean Transaction"
2024-08-01,2024-08,1723,West,Enterprise,Cancelled,200.00,200.00,0,0,0.00,"Clean Transaction"
2024-08-01,2024-08,1724,North,Pro,Active,50.00,50.00,0,0,0.00,"Clean Transaction"
2024-08-01,2024-08,1725,North,Pro,Active,50.00,50.00,0,0,0.00,"Clean Transaction"
2024-08-01,2024-08,1726,North,Pro,Active,50.00,50.00,0,0,0.00,"Clean Transaction"
2024-08-01,2024-08,1727,East,Basic,Active,10.00,10.00,0,0,0.00,"Clean Transaction"
2024-08-01,2024-08,1728,East,Basic,Active,10.00,10.00,0,0,0.00,"Clean Transaction"
2024-08-01,2024-08,1729,North,Basic,Active,10.00,9.10,0,0,0.90,"Partial Payment"
2024-08-01,2024-08,1730,West,Enterprise,Active,200.00,200.00,0,0,0.00,"Clean Transaction"
2024-08-01,2024-08,1731,East,Basic,Active,10.00,10.00,0,0,0.00,"Clean Transaction"
2024-08-01,2024-08,1732,North,Basic,Active,10.00,10.00,0,0,0.00,"Clean Transaction"
2024-08-01,2024-08,1733,North,Basic,Active,10.00,10.00,0,0,0.00,"Clean Transaction"
2024-08-01,2024-08,1734,West,Basic,Active,10.00,10.00,0,0,0.00,"Clean Transaction"
2024-08-01,2024-08,1735,South,Pro,Active,50.00,50.00,0,0,0.00,"Clean Transaction"
2024-08-01,2024-08,1737,West,Enterprise,Active,200.00,200.00,0,0,0.00,"Clean Transaction"
2024-08-01,2024-08,1738,North,Pro,Active,50.00,50.00,0,0,0.00,"Clean Transaction"
2024-08-01,2024-08,1739,North,Pro,Active,50.00,50.00,0,0,0.00,"Clean Transaction"
2024-08-01,2024-08,1740,West,Pro,Active,50.00,0.00,1,0,50.00,"Unpaid Invoice"
2024-08-01,2024-08,1741,East,Basic,Active,10.00,10.00,0,0,0.00,"Clean Transaction"
2024-08-01,2024-08,1743,South,Enterprise,Active,200.00,200.00,0,0,0.00,"Clean Transaction"
2024-08-01,2024-08,1744,North,Enterprise,Active,200.00,200.00,0,0,0.00,"Clean Transaction"
2024-08-01,2024-08,1745,East,Enterprise,Active,200.00,200.00,0,0,0.00,"Clean Transaction"
2024-08-01,2024-08,1746,South,Pro,Active,50.00,50.00,0,0,0.00,"Clean Transaction"
2024-08-01,2024-08,1747,East,Basic,Active,10.00,10.00,0,0,0.00,"Clean Transaction"
2024-08-01,2024-08,1748,East,Pro,Active,50.00,50.00,0,0,0.00,"Clean Transaction"
2024-08-01,2024-08,1749,North,Basic,Active,10.00,10.00,0,0,0.00,"Clean Transaction"
2024-08-01,2024-08,1750,South,Basic,Active,10.00,10.00,0,0,0.00,"Clean Transaction"
2024-08-01,2024-08,1751,West,Pro,Active,50.00,50.00,0,0,0.00,"Clean Transaction"
2024-08-01,2024-08,1752,North,Basic,Active,10.00,10.00,0,0,0.00,"Clean Transaction"
2024-08-01,2024-08,1753,South,Enterprise,Active,200.00,200.00,0,0,0.00,"Clean Transaction"
2024-08-01,2024-08,1754,South,Basic,Active,10.00,10.00,0,0,0.00,"Clean Transaction"
2024-08-01,2024-08,1755,South,Enterprise,Active,200.00,200.00,0,0,0.00,"Clean Transaction"
2024-08-01,2024-08,1756,South,Basic,Active,10.00,10.00,0,0,0.00,"Clean Transaction"
2024-08-01,2024-08,1757,South,Pro,Active,50.00,50.00,0,0,0.00,"Clean Transaction"
2024-08-01,2024-08,1758,East,Enterprise,Active,200.00,200.00,0,0,0.00,"Clean Transaction"
2024-08-01,2024-08,1760,East,Pro,Cancelled,50.00,50.00,0,0,0.00,"Clean Transaction"
2024-08-01,2024-08,1761,West,Enterprise,Active,200.00,200.00,0,0,0.00,"Clean Transaction"
2024-08-01,2024-08,1762,South,Basic,Active,10.00,9.66,0,0,0.34,"Partial Payment"
2024-08-01,2024-08,1763,North,Basic,Active,10.00,0.00,1,0,10.00,"Unpaid Invoice"
2024-08-01,2024-08,1764,South,Enterprise,Active,200.00,200.00,0,0,0.00,"Clean Transaction"
2024-08-01,2024-08,1765,North,Pro,Active,50.00,50.00,0,0,0.00,"Clean Transaction"
2024-08-01,2024-08,1766,East,Enterprise,Active,200.00,200.00,0,0,0.00,"Clean Transaction"
2024-08-01,2024-08,1767,North,Basic,Active,10.00,10.00,0,0,0.00,"Clean Transaction"
2024-08-01,2024-08,1768,West,Pro,Active,50.00,50.00,0,0,0.00,"Clean Transaction"
2024-08-01,2024-08,1769,West,Pro,Active,50.00,50.00,0,0,0.00,"Clean Transaction"
2024-08-01,2024-08,1770,North,Basic,Active,10.00,10.00,0,0,0.00,"Clean Transaction"
2024-08-01,2024-08,1771,North,Enterprise,Active,200.00,200.00,0,0,0.00,"Clean Transaction"
2024-08-01,2024-08,1772,North,Pro,Active,50.00,50.00,0,0,0.00,"Clean Transaction"
2024-08-01,2024-08,1773,North,Enterprise,Active,200.00,200.00,0,0,0.00,"Clean Transaction"
2024-08-01,2024-08,1774,West,Enterprise,Active,200.00,183.83,0,0,16.17,"Partial Payment"
2024-08-01,2024-08,1775,South,Enterprise,Active,200.00,200.00,0,0,0.00,"Clean Transaction"
2024-08-01,2024-08,1776,North,Basic,Active,10.00,10.00,0,0,0.00,"Clean Transaction"
2024-08-01,2024-08,1777,North,Pro,Active,50.00,50.00,0,0,0.00,"Clean Transaction"
2024-08-01,2024-08,1778,West,Enterprise,Active,200.00,200.00,0,0,0.00,"Clean Transaction"
2024-08-01,2024-08,1779,West,Basic,Active,10.00,10.00,0,0,0.00,"Clean Transaction"
2024-08-01,2024-08,1781,North,Basic,Active,10.00,10.00,0,0,0.00,"Clean Transaction"
2024-08-01,2024-08,1782,East,Basic,Active,10.00,10.00,0,0,0.00,"Clean Transaction"
2024-08-01,2024-08,1783,West,Pro,Active,50.00,0.00,1,0,50.00,"Unpaid Invoice"
2024-08-01,2024-08,1785,South,Pro,Active,50.00,50.00,0,0,0.00,"Clean Transaction"
2024-08-01,2024-08,1786,North,Enterprise,Active,200.00,200.00,0,0,0.00,"Clean Transaction"
2024-08-01,2024-08,1787,East,Enterprise,Active,200.00,200.00,0,0,0.00,"Clean Transaction"
2024-08-01,2024-08,1788,West,Enterprise,Active,200.00,200.00,0,0,0.00,"Clean Transaction"
2024-08-01,2024-08,1789,West,Enterprise,Active,200.00,200.00,0,0,0.00,"Clean Transaction"
2024-08-01,2024-08,1790,East,Basic,Active,10.00,10.00,0,0,0.00,"Clean Transaction"
2024-08-01,2024-08,1791,South,Enterprise,Active,200.00,200.00,0,0,0.00,"Clean Transaction"
2024-08-01,2024-08,1792,West,Pro,Active,50.00,50.00,0,0,0.00,"Clean Transaction"
2024-08-01,2024-08,1793,North,Pro,Active,50.00,50.00,0,0,0.00,"Clean Transaction"
2024-08-01,2024-08,1794,West,Basic,Active,10.00,10.00,0,0,0.00,"Clean Transaction"
2024-08-01,2024-08,1795,North,Pro,Active,50.00,50.00,0,0,0.00,"Clean Transaction"
2024-08-01,2024-08,1796,East,Enterprise,Active,200.00,200.00,0,0,0.00,"Clean Transaction"
2024-08-01,2024-08,1797,North,Pro,Active,50.00,50.00,0,0,0.00,"Clean Transaction"
2024-08-01,2024-08,1798,East,Pro,Active,50.00,50.00,0,0,0.00,"Clean Transaction"
2024-08-01,2024-08,1799,North,Enterprise,Active,200.00,187.87,0,0,12.13,"Partial Payment"
2024-08-01,2024-08,1800,East,Basic,Cancelled,10.00,10.00,0,0,0.00,"Clean Transaction"
2024-08-01,2024-08,1802,South,Pro,Active,50.00,50.00,0,0,0.00,"Clean Transaction"
2024-08-01,2024-08,1803,North,Pro,Active,50.00,50.00,0,0,0.00,"Clean Transaction"
2024-08-01,2024-08,1804,North,Enterprise,Active,200.00,200.00,0,0,0.00,"Clean Transaction"
2024-08-01,2024-08,1805,South,Basic,Active,10.00,10.00,0,0,0.00,"Clean Transaction"
2024-08-01,2024-08,1806,West,Enterprise,Active,200.00,200.00,0,0,0.00,"Clean Transaction"
2024-08-01,2024-08,1808,North,Enterprise,Active,200.00,200.00,0,0,0.00,"Clean Transaction"
2024-08-01,2024-08,1809,South,Enterprise,Cancelled,200.00,200.00,0,0,0.00,"Clean Transaction"
2024-08-01,2024-08,1810,North,Enterprise,Active,200.00,200.00,0,0,0.00,"Clean Transaction"
2024-08-01,2024-08,1811,East,Basic,Active,10.00,10.00,0,0,0.00,"Clean Transaction"
2024-08-01,2024-08,1812,East,Pro,Active,50.00,50.00,0,0,0.00,"Clean Transaction"
2024-08-01,2024-08,1813,North,Pro,Active,50.00,50.00,0,0,0.00,"Clean Transaction"
2024-08-01,2024-08,1814,West,Pro,Active,50.00,50.00,0,0,0.00,"Clean Transaction"
2024-08-01,2024-08,1815,West,Pro,Active,50.00,50.00,0,0,0.00,"Clean Transaction"
2024-08-01,2024-08,1816,North,Pro,Active,50.00,50.00,0,0,0.00,"Clean Transaction"
2024-08-01,2024-08,1817,North,Enterprise,Active,200.00,200.00,0,0,0.00,"Clean Transaction"
2024-08-01,2024-08,1818,East,Pro,Active,50.00,0.00,1,0,50.00,"Unpaid Invoice"
2024-08-01,2024-08,1820,North,Basic,Active,10.00,10.00,0,0,0.00,"Clean Transaction"
2024-08-01,2024-08,1821,East,Basic,Active,10.00,10.00,0,0,0.00,"Clean Transaction"
2024-08-01,2024-08,1822,West,Basic,Active,10.00,10.00,0,0,0.00,"Clean Transaction"
2024-08-01,2024-08,1823,South,Enterprise,Active,200.00,200.00,0,0,0.00,"Clean Transaction"
2024-08-01,2024-08,1824,East,Pro,Active,50.00,50.00,0,0,0.00,"Clean Transaction"
2024-08-01,2024-08,1825,West,Pro,Active,50.00,50.00,0,0,0.00,"Clean Transaction"
2024-08-01,2024-08,1826,West,Enterprise,Active,200.00,200.00,0,0,0.00,"Clean Transaction"
2024-08-01,2024-08,1827,East,Enterprise,Active,200.00,200.00,0,0,0.00,"Clean Transaction"
2024-08-01,2024-08,1828,South,Pro,Active,50.00,50.00,0,0,0.00,"Clean Transaction"
2024-08-01,2024-08,1829,East,Enterprise,Active,200.00,200.00,0,0,0.00,"Clean Transaction"
2024-08-01,2024-08,1830,West,Basic,Active,10.00,10.00,0,0,0.00,"Clean Transaction"
2024-08-01,2024-08,1831,North,Pro,Active,50.00,45.07,0,0,4.93,"Partial Payment"
2024-08-01,2024-08,1832,North,Pro,Active,50.00,50.00,0,0,0.00,"Clean Transaction"
2024-08-01,2024-08,1833,East,Enterprise,Active,200.00,200.00,0,0,0.00,"Clean Transaction"
2024-08-01,2024-08,1834,West,Enterprise,Active,200.00,200.00,0,0,0.00,"Clean Transaction"
2024-08-01,2024-08,1835,North,Pro,Active,50.00,50.00,0,0,0.00,"Clean Transaction"
2024-08-01,2024-08,1836,West,Basic,Active,10.00,10.00,0,0,0.00,"Clean Transaction"
2024-08-01,2024-08,1837,East,Basic,Active,10.00,10.00,0,0,0.00,"Clean Transaction"
2024-08-01,2024-08,1838,North,Basic,Active,10.00,10.00,0,0,0.00,"Clean Transaction"
2024-08-01,2024-08,1839,West,Enterprise,Active,200.00,200.00,0,0,0.00,"Clean Transaction"
2024-08-01,2024-08,1840,North,Enterprise,Active,200.00,200.00,0,0,0.00,"Clean Transaction"
2024-08-01,2024-08,1841,East,Pro,Active,50.00,50.00,0,0,0.00,"Clean Transaction"
2024-08-01,2024-08,1842,West,Pro,Active,50.00,50.00,0,0,0.00,"Clean Transaction"
2024-08-01,2024-08,1843,North,Pro,Active,50.00,50.00,0,0,0.00,"Clean Transaction"
2024-08-01,2024-08,1844,East,Pro,Active,50.00,50.00,0,0,0.00,"Clean Transaction"
2024-08-01,2024-08,1845,North,Pro,Active,50.00,50.00,0,0,0.00,"Clean Transaction"
2024-08-01,2024-08,1847,South,Pro,Active,50.00,50.00,0,0,0.00,"Clean Transaction"
2024-08-01,2024-08,1848,South,Pro,Active,50.00,50.00,0,0,0.00,"Clean Transaction"
2024-08-01,2024-08,1849,East,Pro,Active,50.00,50.00,0,0,0.00,"Clean Transaction"
2024-08-01,2024-08,1850,South,Basic,Cancelled,10.00,10.00,0,0,0.00,"Clean Transaction"
2024-08-01,2024-08,1851,East,Basic,Active,10.00,10.00,0,0,0.00,"Clean Transaction"
2024-08-01,2024-08,1852,South,Pro,Active,50.00,50.00,0,0,0.00,"Clean Transaction"
2024-08-01,2024-08,1853,North,Pro,Active,50.00,50.00,0,0,0.00,"Clean Transaction"
2024-08-01,2024-08,1854,East,Basic,Active,10.00,10.00,0,0,0.00,"Clean Transaction"
2024-08-01,2024-08,1855,East,Basic,Active,10.00,10.00,0,0,0.00,"Clean Transaction"
2024-08-01,2024-08,1856,North,Basic,Active,10.00,10.00,0,0,0.00,"Clean Transaction"
2024-08-01,2024-08,1857,East,Pro,Active,50.00,50.00,0,0,0.00,"Clean Transaction"
2024-08-01,2024-08,1858,East,Pro,Active,50.00,50.00,0,0,0.00,"Clean Transaction"
2024-08-01,2024-08,1859,South,Enterprise,Active,200.00,200.00,0,0,0.00,"Clean Transaction"
2024-08-01,2024-08,1860,East,Enterprise,Active,200.00,200.00,0,0,0.00,"Clean Transaction"
2024-08-01,2024-08,1861,West,Enterprise,Active,200.00,200.00,0,0,0.00,"Clean Transaction"
2024-08-01,2024-08,1862,North,Enterprise,Active,200.00,200.00,0,0,0.00,"Clean Transaction"
2024-08-01,2024-08,1863,South,Enterprise,Active,200.00,200.00,0,0,0.00,"Clean Transaction"
2024-08-01,2024-08,1864,South,Enterprise,Active,200.00,200.00,0,0,0.00,"Clean Transaction"
2024-08-01,2024-08,1865,West,Pro,Active,50.00,50.00,0,0,0.00,"Clean Transaction"
2024-08-01,2024-08,1866,North,Enterprise,Active,200.00,200.00,0,0,0.00,"Clean Transaction"
2024-08-01,2024-08,1867,North,Basic,Active,10.00,10.00,0,0,0.00,"Clean Transaction"
2024-08-01,2024-08,1868,South,Enterprise,Active,200.00,200.00,0,0,0.00,"Clean Transaction"
2024-08-01,2024-08,1869,East,Enterprise,Active,200.00,200.00,0,0,0.00,"Clean Transaction"
2024-08-01,2024-08,1870,South,Pro,Active,50.00,50.00,0,0,0.00,"Clean Transaction"
2024-08-01,2024-08,1871,North,Enterprise,Active,200.00,200.00,0,0,0.00,"Clean Transaction"
2024-08-01,2024-08,1872,West,Basic,Active,10.00,10.00,0,0,0.00,"Clean Transaction"
2024-08-01,2024-08,1873,South,Basic,Active,10.00,10.00,0,0,0.00,"Clean Transaction"
2024-08-01,2024-08,1874,North,Pro,Active,50.00,50.00,0,0,0.00,"Clean Transaction"
2024-08-01,2024-08,1875,South,Basic,Active,10.00,10.00,0,0,0.00,"Clean Transaction"
2024-08-01,2024-08,1876,East,Enterprise,Active,200.00,200.00,0,0,0.00,"Clean Transaction"
2024-08-01,2024-08,1877,South,Pro,Active,50.00,50.00,0,0,0.00,"Clean Transaction"
2024-08-01,2024-08,1878,South,Pro,Active,50.00,50.00,0,0,0.00,"Clean Transaction"
2024-08-01,2024-08,1879,North,Basic,Active,10.00,10.00,0,0,0.00,"Clean Transaction"
2024-08-01,2024-08,1881,North,Pro,Active,50.00,50.00,0,0,0.00,"Clean Transaction"
2024-08-01,2024-08,1882,South,Basic,Active,10.00,10.00,0,0,0.00,"Clean Transaction"
2024-08-01,2024-08,1884,West,Basic,Active,10.00,10.00,0,0,0.00,"Clean Transaction"
2024-08-01,2024-08,1885,West,Basic,Active,10.00,10.00,0,0,0.00,"Clean Transaction"
2024-08-01,2024-08,1886,North,Basic,Active,10.00,10.00,0,0,0.00,"Clean Transaction"
2024-08-01,2024-08,1887,North,Pro,Active,50.00,50.00,0,0,0.00,"Clean Transaction"
2024-08-01,2024-08,1888,South,Basic,Active,10.00,10.00,0,0,0.00,"Clean Transaction"
2024-08-01,2024-08,1889,West,Enterprise,Active,200.00,200.00,0,0,0.00,"Clean Transaction"
2024-08-01,2024-08,1890,North,Pro,Active,50.00,50.00,0,0,0.00,"Clean Transaction"
2024-08-01,2024-08,1891,East,Enterprise,Cancelled,200.00,200.00,0,0,0.00,"Clean Transaction"
2024-08-01,2024-08,1892,East,Enterprise,Active,200.00,191.91,0,0,8.09,"Partial Payment"
2024-08-01,2024-08,1893,North,Enterprise,Active,200.00,200.00,0,0,0.00,"Clean Transaction"
2024-08-01,2024-08,1894,North,Pro,Active,50.00,50.00,0,0,0.00,"Clean Transaction"
2024-08-01,2024-08,1896,West,Enterprise,Active,200.00,200.00,0,0,0.00,"Clean Transaction"
2024-08-01,2024-08,1897,South,Basic,Cancelled,10.00,10.00,0,0,0.00,"Clean Transaction"
2024-08-01,2024-08,1898,West,Pro,Active,50.00,50.00,0,0,0.00,"Clean Transaction"
2024-08-01,2024-08,1899,East,Enterprise,Active,200.00,200.00,0,0,0.00,"Clean Transaction"
2024-08-01,2024-08,1900,East,Pro,Active,50.00,0.00,1,0,50.00,"Unpaid Invoice"
2024-08-01,2024-08,1901,North,Enterprise,Active,200.00,200.00,0,0,0.00,"Clean Transaction"
2024-08-01,2024-08,1902,West,Basic,Active,10.00,10.00,0,0,0.00,"Clean Transaction"
2024-08-01,2024-08,1903,South,Pro,Active,50.00,50.00,0,0,0.00,"Clean Transaction"
2024-08-01,2024-08,1904,East,Pro,Active,50.00,50.00,0,0,0.00,"Clean Transaction"
2024-08-01,2024-08,1905,East,Pro,Active,50.00,50.00,0,0,0.00,"Clean Transaction"
2024-08-01,2024-08,1906,South,Basic,Active,10.00,10.00,0,0,0.00,"Clean Transaction"
2024-08-01,2024-08,1907,South,Enterprise,Active,200.00,200.00,0,0,0.00,"Clean Transaction"
2024-08-01,2024-08,1908,East,Basic,Active,10.00,10.00,0,0,0.00,"Clean Transaction"
2024-08-01,2024-08,1910,South,Basic,Active,10.00,10.00,0,0,0.00,"Clean Transaction"
2024-08-01,2024-08,1911,East,Pro,Active,50.00,50.00,0,0,0.00,"Clean Transaction"
2024-08-01,2024-08,1912,North,Basic,Active,10.00,10.00,0,0,0.00,"Clean Transaction"
2024-08-01,2024-08,1914,South,Basic,Active,10.00,10.00,0,0,0.00,"Clean Transaction"
2024-08-01,2024-08,1916,South,Enterprise,Active,200.00,200.00,0,0,0.00,"Clean Transaction"
2024-08-01,2024-08,1917,South,Pro,Active,50.00,50.00,0,0,0.00,"Clean Transaction"
2024-08-01,2024-08,1918,West,Pro,Active,50.00,50.00,0,0,0.00,"Clean Transaction"
2024-08-01,2024-08,1919,West,Pro,Active,50.00,50.00,0,0,0.00,"Clean Transaction"
2024-08-01,2024-08,1920,West,Pro,Active,50.00,50.00,0,0,0.00,"Clean Transaction"
2024-08-01,2024-08,1921,North,Basic,Active,10.00,10.00,0,0,0.00,"Clean Transaction"
2024-08-01,2024-08,1922,East,Enterprise,Active,200.00,190.64,0,0,9.36,"Partial Payment"
2024-08-01,2024-08,1923,North,Enterprise,Active,200.00,200.00,0,0,0.00,"Clean Transaction"
2024-08-01,2024-08,1924,East,Enterprise,Active,200.00,200.00,0,0,0.00,"Clean Transaction"
2024-08-01,2024-08,1925,North,Basic,Active,10.00,10.00,0,0,0.00,"Clean Transaction"
2024-08-01,2024-08,1926,East,Enterprise,Active,200.00,200.00,0,0,0.00,"Clean Transaction"
2024-08-01,2024-08,1927,North,Enterprise,Active,200.00,200.00,0,0,0.00,"Clean Transaction"
2024-08-01,2024-08,1928,West,Enterprise,Active,200.00,200.00,0,0,0.00,"Clean Transaction"
2024-08-01,2024-08,1929,South,Pro,Active,50.00,50.00,0,0,0.00,"Clean Transaction"
2024-08-01,2024-08,1931,East,Basic,Active,10.00,10.00,0,0,0.00,"Clean Transaction"
2024-08-01,2024-08,1932,West,Pro,Active,50.00,46.95,0,0,3.05,"Partial Payment"
2024-08-01,2024-08,1933,North,Pro,Active,50.00,50.00,0,0,0.00,"Clean Transaction"
2024-08-01,2024-08,1934,North,Enterprise,Active,200.00,200.00,0,0,0.00,"Clean Transaction"
2024-08-01,2024-08,1935,West,Enterprise,Active,200.00,200.00,0,0,0.00,"Clean Transaction"
2024-08-01,2024-08,1936,North,Pro,Active,50.00,50.00,0,0,0.00,"Clean Transaction"
2024-08-01,2024-08,1937,South,Basic,Active,10.00,10.00,0,0,0.00,"Clean Transaction"
2024-08-01,2024-08,1939,South,Pro,Active,50.00,50.00,0,0,0.00,"Clean Transaction"
2024-08-01,2024-08,1940,South,Enterprise,Active,200.00,200.00,0,0,0.00,"Clean Transaction"
2024-08-01,2024-08,1941,West,Basic,Active,10.00,10.00,0,0,0.00,"Clean Transaction"
2024-08-01,2024-08,1942,North,Basic,Active,10.00,10.00,0,0,0.00,"Clean Transaction"
2024-08-01,2024-08,1943,West,Pro,Active,50.00,50.00,0,0,0.00,"Clean Transaction"
2024-08-01,2024-08,1944,North,Enterprise,Active,200.00,200.00,0,0,0.00,"Clean Transaction"
2024-08-01,2024-08,1946,East,Enterprise,Active,200.00,200.00,0,0,0.00,"Clean Transaction"
2024-08-01,2024-08,1947,North,Enterprise,Active,200.00,200.00,0,0,0.00,"Clean Transaction"
2024-08-01,2024-08,1948,West,Basic,Active,10.00,10.00,0,0,0.00,"Clean Transaction"
2024-08-01,2024-08,1949,South,Basic,Active,10.00,10.00,0,0,0.00,"Clean Transaction"
2024-08-01,2024-08,1950,North,Pro,Active,50.00,50.00,0,0,0.00,"Clean Transaction"
2024-08-01,2024-08,1951,East,Pro,Active,50.00,50.00,0,0,0.00,"Clean Transaction"
2024-08-01,2024-08,1952,West,Basic,Active,10.00,10.00,0,0,0.00,"Clean Transaction"
2024-08-01,2024-08,1953,North,Pro,Active,50.00,50.00,0,0,0.00,"Clean Transaction"
2024-08-01,2024-08,1954,West,Enterprise,Active,200.00,0.00,1,0,200.00,"Unpaid Invoice"
2024-08-01,2024-08,1955,East,Pro,Active,50.00,50.00,0,0,0.00,"Clean Transaction"
2024-08-01,2024-08,1956,East,Enterprise,Active,200.00,200.00,0,0,0.00,"Clean Transaction"
2024-08-01,2024-08,1957,West,Pro,Active,50.00,50.00,0,0,0.00,"Clean Transaction"
2024-08-01,2024-08,1958,North,Pro,Active,50.00,50.00,0,0,0.00,"Clean Transaction"
2024-08-01,2024-08,1959,South,Enterprise,Active,200.00,200.00,0,0,0.00,"Clean Transaction"
2024-08-01,2024-08,1960,East,Basic,Active,10.00,9.28,0,0,0.72,"Partial Payment"
2024-08-01,2024-08,1961,North,Enterprise,Active,200.00,200.00,0,0,0.00,"Clean Transaction"
2024-08-01,2024-08,1962,North,Basic,Active,10.00,10.00,0,0,0.00,"Clean Transaction"
2024-08-01,2024-08,1963,South,Enterprise,Cancelled,200.00,200.00,0,0,0.00,"Clean Transaction"
2024-08-01,2024-08,1964,East,Enterprise,Active,200.00,200.00,0,0,0.00,"Clean Transaction"
2024-08-01,2024-08,1965,East,Enterprise,Active,200.00,200.00,0,0,0.00,"Clean Transaction"
2024-08-01,2024-08,1966,North,Basic,Active,10.00,10.00,0,0,0.00,"Clean Transaction"
2024-08-01,2024-08,1967,North,Enterprise,Active,200.00,200.00,0,0,0.00,"Clean Transaction"
2024-08-01,2024-08,1968,South,Enterprise,Active,200.00,0.00,1,0,200.00,"Unpaid Invoice"
2024-08-01,2024-08,1969,South,Enterprise,Active,200.00,200.00,0,0,0.00,"Clean Transaction"
2024-08-01,2024-08,1970,East,Basic,Active,10.00,10.00,0,0,0.00,"Clean Transaction"
2024-08-01,2024-08,1971,West,Pro,Cancelled,50.00,50.00,0,0,0.00,"Clean Transaction"
2024-08-01,2024-08,1973,North,Basic,Active,10.00,10.00,0,0,0.00,"Clean Transaction"
2024-08-01,2024-08,1974,East,Enterprise,Active,200.00,0.00,1,0,200.00,"Unpaid Invoice"
2024-08-01,2024-08,1975,West,Pro,Active,50.00,50.00,0,0,0.00,"Clean Transaction"
2024-08-01,2024-08,1976,South,Basic,Active,10.00,10.00,0,0,0.00,"Clean Transaction"
2024-08-01,2024-08,1977,West,Pro,Active,50.00,50.00,0,0,0.00,"Clean Transaction"
2024-08-01,2024-08,1978,West,Enterprise,Active,200.00,200.00,0,0,0.00,"Clean Transaction"
2024-08-01,2024-08,1979,West,Enterprise,Active,200.00,200.00,0,0,0.00,"Clean Transaction"
2024-08-01,2024-08,1980,South,Enterprise,Active,200.00,200.00,0,0,0.00,"Clean Transaction"
2024-08-01,2024-08,1981,West,Basic,Active,10.00,10.00,0,0,0.00,"Clean Transaction"
2024-08-01,2024-08,1982,West,Basic,Active,10.00,10.00,0,0,0.00,"Clean Transaction"
2024-08-01,2024-08,1983,West,Pro,Cancelled,50.00,50.00,0,0,0.00,"Clean Transaction"
2024-08-01,2024-08,1985,West,Enterprise,Active,200.00,200.00,0,0,0.00,"Clean Transaction"
2024-08-01,2024-08,1986,South,Enterprise,Cancelled,200.00,200.00,0,0,0.00,"Clean Transaction"
2024-08-01,2024-08,1987,West,Basic,Active,10.00,10.00,0,0,0.00,"Clean Transaction"
2024-08-01,2024-08,1988,West,Enterprise,Active,200.00,200.00,0,0,0.00,"Clean Transaction"
2024-08-01,2024-08,1989,South,Basic,Active,10.00,10.00,0,0,0.00,"Clean Transaction"
2024-08-01,2024-08,1990,West,Enterprise,Active,200.00,200.00,0,0,0.00,"Clean Transaction"
2024-08-01,2024-08,1991,South,Basic,Cancelled,10.00,10.00,0,0,0.00,"Clean Transaction"
2024-08-01,2024-08,1992,West,Basic,Active,10.00,10.00,0,0,0.00,"Clean Transaction"
2024-08-01,2024-08,1993,South,Pro,Active,50.00,50.00,0,0,0.00,"Clean Transaction"
2024-08-01,2024-08,1994,West,Basic,Active,10.00,10.00,0,0,0.00,"Clean Transaction"
2024-08-01,2024-08,1995,West,Basic,Active,10.00,10.00,0,0,0.00,"Clean Transaction"
2024-08-01,2024-08,1996,North,Basic,Active,10.00,10.00,0,0,0.00,"Clean Transaction"
2024-08-01,2024-08,1997,North,Basic,Active,10.00,10.00,0,0,0.00,"Clean Transaction"
2024-08-01,2024-08,1998,West,Basic,Active,10.00,10.00,0,0,0.00,"Clean Transaction"
2024-08-01,2024-08,1999,West,Pro,Active,50.00,50.00,0,0,0.00,"Clean Transaction"
2024-09-01,2024-09,1002,West,Basic,Active,10.00,10.00,0,0,0.00,"Clean Transaction"
2024-09-01,2024-09,1004,East,Basic,Active,10.00,10.00,0,0,0.00,"Clean Transaction"
2024-09-01,2024-09,1005,East,Pro,Cancelled,50.00,50.00,0,0,0.00,"Clean Transaction"
2024-09-01,2024-09,1007,North,Enterprise,Active,200.00,200.00,0,0,0.00,"Clean Transaction"
2024-09-01,2024-09,1008,North,Pro,Active,50.00,50.00,0,0,0.00,"Clean Transaction"
2024-09-01,2024-09,1009,East,Enterprise,Active,200.00,200.00,0,0,0.00,"Clean Transaction"
2024-09-01,2024-09,1010,South,Pro,Active,50.00,50.00,0,0,0.00,"Clean Transaction"
2024-09-01,2024-09,1011,East,Basic,Active,10.00,10.00,0,0,0.00,"Clean Transaction"
2024-09-01,2024-09,1014,East,Basic,Active,10.00,10.00,0,0,0.00,"Clean Transaction"
2024-09-01,2024-09,1015,West,Basic,Active,10.00,10.00,0,0,0.00,"Clean Transaction"
2024-09-01,2024-09,1016,North,Basic,Active,10.00,10.00,0,0,0.00,"Clean Transaction"
2024-09-01,2024-09,1017,West,Pro,Active,50.00,50.00,0,0,0.00,"Clean Transaction"
2024-09-01,2024-09,1018,West,Pro,Active,50.00,50.00,0,0,0.00,"Clean Transaction"
2024-09-01,2024-09,1019,West,Enterprise,Active,200.00,200.00,0,0,0.00,"Clean Transaction"
2024-09-01,2024-09,1020,East,Pro,Active,50.00,50.00,0,0,0.00,"Clean Transaction"
2024-09-01,2024-09,1021,South,Pro,Active,50.00,50.00,0,0,0.00,"Clean Transaction"
2024-09-01,2024-09,1022,North,Basic,Active,10.00,10.00,0,0,0.00,"Clean Transaction"
2024-09-01,2024-09,1023,South,Enterprise,Active,200.00,200.00,0,0,0.00,"Clean Transaction"
2024-09-01,2024-09,1024,West,Pro,Active,50.00,50.00,0,0,0.00,"Clean Transaction"
2024-09-01,2024-09,1025,West,Enterprise,Active,200.00,200.00,0,0,0.00,"Clean Transaction"
2024-09-01,2024-09,1026,South,Pro,Active,50.00,50.00,0,0,0.00,"Clean Transaction"
2024-09-01,2024-09,1027,South,Pro,Active,50.00,50.00,0,0,0.00,"Clean Transaction"
2024-09-01,2024-09,1028,South,Enterprise,Active,200.00,200.00,0,0,0.00,"Clean Transaction"
2024-09-01,2024-09,1029,West,Basic,Active,10.00,10.00,0,0,0.00,"Clean Transaction"
2024-09-01,2024-09,1030,West,Enterprise,Active,200.00,200.00,0,0,0.00,"Clean Transaction"
2024-09-01,2024-09,1031,North,Basic,Active,10.00,10.00,0,0,0.00,"Clean Transaction"
2024-09-01,2024-09,1032,North,Pro,Active,50.00,48.12,0,0,1.88,"Partial Payment"
2024-09-01,2024-09,1034,South,Pro,Active,50.00,50.00,0,0,0.00,"Clean Transaction"
2024-09-01,2024-09,1035,South,Enterprise,Active,200.00,200.00,0,0,0.00,"Clean Transaction"
2024-09-01,2024-09,1036,North,Enterprise,Active,200.00,200.00,0,0,0.00,"Clean Transaction"
2024-09-01,2024-09,1037,West,Basic,Active,10.00,10.00,0,0,0.00,"Clean Transaction"
2024-09-01,2024-09,1038,North,Enterprise,Active,200.00,200.00,0,0,0.00,"Clean Transaction"
2024-09-01,2024-09,1039,North,Basic,Active,10.00,10.00,0,0,0.00,"Clean Transaction"
2024-09-01,2024-09,1040,East,Basic,Active,10.00,10.00,0,0,0.00,"Clean Transaction"
2024-09-01,2024-09,1041,East,Pro,Active,50.00,50.00,0,0,0.00,"Clean Transaction"
2024-09-01,2024-09,1043,South,Pro,Active,50.00,50.00,0,0,0.00,"Clean Transaction"
2024-09-01,2024-09,1044,West,Pro,Active,50.00,50.00,0,0,0.00,"Clean Transaction"
2024-09-01,2024-09,1048,East,Basic,Active,10.00,10.00,0,0,0.00,"Clean Transaction"
2024-09-01,2024-09,1049,South,Enterprise,Active,200.00,200.00,0,0,0.00,"Clean Transaction"
2024-09-01,2024-09,1050,South,Pro,Active,50.00,50.00,0,0,0.00,"Clean Transaction"
2024-09-01,2024-09,1051,East,Pro,Active,50.00,50.00,0,0,0.00,"Clean Transaction"
2024-09-01,2024-09,1053,East,Enterprise,Active,200.00,200.00,0,0,0.00,"Clean Transaction"
2024-09-01,2024-09,1054,West,Basic,Active,10.00,10.00,0,0,0.00,"Clean Transaction"
2024-09-01,2024-09,1055,East,Enterprise,Active,200.00,200.00,0,0,0.00,"Clean Transaction"
2024-09-01,2024-09,1056,West,Enterprise,Active,200.00,200.00,0,0,0.00,"Clean Transaction"
2024-09-01,2024-09,1057,West,Enterprise,Active,200.00,200.00,0,0,0.00,"Clean Transaction"
2024-09-01,2024-09,1058,North,Pro,Active,50.00,50.00,0,0,0.00,"Clean Transaction"
2024-09-01,2024-09,1059,East,Basic,Active,10.00,0.00,1,0,10.00,"Unpaid Invoice"
2024-09-01,2024-09,1060,North,Pro,Active,50.00,50.00,0,0,0.00,"Clean Transaction"
2024-09-01,2024-09,1061,East,Pro,Active,50.00,50.00,0,0,0.00,"Clean Transaction"
2024-09-01,2024-09,1062,East,Pro,Active,50.00,50.00,0,0,0.00,"Clean Transaction"
2024-09-01,2024-09,1063,North,Basic,Active,10.00,10.00,0,0,0.00,"Clean Transaction"
2024-09-01,2024-09,1064,North,Basic,Active,10.00,9.78,0,0,0.22,"Partial Payment"
2024-09-01,2024-09,1065,East,Pro,Active,50.00,0.00,1,0,50.00,"Unpaid Invoice"
2024-09-01,2024-09,1066,South,Basic,Active,10.00,0.00,1,0,10.00,"Unpaid Invoice"
2024-09-01,2024-09,1067,West,Pro,Active,50.00,50.00,0,0,0.00,"Clean Transaction"
2024-09-01,2024-09,1068,North,Enterprise,Active,200.00,200.00,0,0,0.00,"Clean Transaction"
2024-09-01,2024-09,1069,West,Enterprise,Active,200.00,200.00,0,0,0.00,"Clean Transaction"
2024-09-01,2024-09,1070,South,Enterprise,Active,200.00,200.00,0,0,0.00,"Clean Transaction"
2024-09-01,2024-09,1071,South,Enterprise,Active,200.00,200.00,0,0,0.00,"Clean Transaction"
2024-09-01,2024-09,1072,South,Enterprise,Cancelled,200.00,200.00,0,0,0.00,"Clean Transaction"
2024-09-01,2024-09,1073,North,Enterprise,Active,200.00,191.36,0,0,8.64,"Partial Payment"
2024-09-01,2024-09,1075,North,Enterprise,Active,200.00,200.00,0,0,0.00,"Clean Transaction"
2024-09-01,2024-09,1076,South,Enterprise,Active,200.00,200.00,0,0,0.00,"Clean Transaction"
2024-09-01,2024-09,1077,West,Basic,Active,10.00,10.00,0,0,0.00,"Clean Transaction"
2024-09-01,2024-09,1078,West,Pro,Active,50.00,50.00,0,0,0.00,"Clean Transaction"
2024-09-01,2024-09,1079,East,Basic,Active,10.00,10.00,0,0,0.00,"Clean Transaction"
2024-09-01,2024-09,1080,West,Enterprise,Active,200.00,200.00,0,0,0.00,"Clean Transaction"
2024-09-01,2024-09,1081,East,Pro,Active,50.00,50.00,0,0,0.00,"Clean Transaction"
2024-09-01,2024-09,1082,West,Basic,Active,10.00,10.00,0,0,0.00,"Clean Transaction"
2024-09-01,2024-09,1085,East,Basic,Active,10.00,10.00,0,0,0.00,"Clean Transaction"
2024-09-01,2024-09,1086,East,Basic,Active,10.00,10.00,0,0,0.00,"Clean Transaction"
2024-09-01,2024-09,1087,South,Pro,Active,50.00,0.00,1,0,50.00,"Unpaid Invoice"
2024-09-01,2024-09,1088,North,Pro,Active,50.00,50.00,0,0,0.00,"Clean Transaction"
2024-09-01,2024-09,1089,West,Basic,Active,10.00,10.00,0,0,0.00,"Clean Transaction"
2024-09-01,2024-09,1090,South,Pro,Active,50.00,50.00,0,0,0.00,"Clean Transaction"
2024-09-01,2024-09,1091,West,Basic,Active,10.00,10.00,0,0,0.00,"Clean Transaction"
2024-09-01,2024-09,1092,West,Basic,Active,10.00,10.00,0,0,0.00,"Clean Transaction"
2024-09-01,2024-09,1093,South,Pro,Active,50.00,50.00,0,0,0.00,"Clean Transaction"
2024-09-01,2024-09,1094,South,Basic,Active,10.00,10.00,0,0,0.00,"Clean Transaction"
2024-09-01,2024-09,1095,South,Pro,Active,50.00,50.00,0,0,0.00,"Clean Transaction"
2024-09-01,2024-09,1096,South,Pro,Active,50.00,50.00,0,0,0.00,"Clean Transaction"
2024-09-01,2024-09,1097,South,Enterprise,Active,200.00,200.00,0,0,0.00,"Clean Transaction"
2024-09-01,2024-09,1098,West,Enterprise,Active,200.00,200.00,0,0,0.00,"Clean Transaction"
2024-09-01,2024-09,1099,South,Enterprise,Active,200.00,200.00,0,0,0.00,"Clean Transaction"
2024-09-01,2024-09,1100,North,Basic,Active,10.00,10.00,0,0,0.00,"Clean Transaction"
2024-09-01,2024-09,1101,East,Enterprise,Active,200.00,200.00,0,0,0.00,"Clean Transaction"
2024-09-01,2024-09,1102,South,Enterprise,Active,200.00,200.00,0,0,0.00,"Clean Transaction"
2024-09-01,2024-09,1103,South,Enterprise,Active,200.00,200.00,0,0,0.00,"Clean Transaction"
2024-09-01,2024-09,1104,West,Enterprise,Active,200.00,200.00,0,0,0.00,"Clean Transaction"
2024-09-01,2024-09,1105,South,Pro,Active,50.00,50.00,0,0,0.00,"Clean Transaction"
2024-09-01,2024-09,1106,South,Basic,Active,10.00,10.00,0,0,0.00,"Clean Transaction"
2024-09-01,2024-09,1107,South,Basic,Active,10.00,10.00,0,0,0.00,"Clean Transaction"
2024-09-01,2024-09,1108,West,Pro,Active,50.00,50.00,0,0,0.00,"Clean Transaction"
2024-09-01,2024-09,1109,South,Pro,Active,50.00,50.00,0,0,0.00,"Clean Transaction"
2024-09-01,2024-09,1110,East,Basic,Active,10.00,10.00,0,0,0.00,"Clean Transaction"
2024-09-01,2024-09,1111,West,Enterprise,Active,200.00,200.00,0,0,0.00,"Clean Transaction"
2024-09-01,2024-09,1112,East,Enterprise,Active,200.00,200.00,0,0,0.00,"Clean Transaction"
2024-09-01,2024-09,1113,West,Basic,Active,10.00,10.00,0,0,0.00,"Clean Transaction"
2024-09-01,2024-09,1114,South,Basic,Active,10.00,10.00,0,0,0.00,"Clean Transaction"
2024-09-01,2024-09,1116,West,Enterprise,Active,200.00,200.00,0,0,0.00,"Clean Transaction"
2024-09-01,2024-09,1117,North,Pro,Active,50.00,50.00,0,0,0.00,"Clean Transaction"
2024-09-01,2024-09,1118,South,Enterprise,Active,200.00,200.00,0,0,0.00,"Clean Transaction"
2024-09-01,2024-09,1119,West,Pro,Active,50.00,50.00,0,0,0.00,"Clean Transaction"
2024-09-01,2024-09,1120,North,Pro,Active,50.00,50.00,0,0,0.00,"Clean Transaction"
2024-09-01,2024-09,1121,West,Enterprise,Active,200.00,200.00,0,0,0.00,"Clean Transaction"
2024-09-01,2024-09,1122,North,Basic,Active,10.00,10.00,0,0,0.00,"Clean Transaction"
2024-09-01,2024-09,1123,South,Enterprise,Active,200.00,200.00,0,0,0.00,"Clean Transaction"
2024-09-01,2024-09,1125,North,Pro,Active,50.00,50.00,0,0,0.00,"Clean Transaction"
2024-09-01,2024-09,1126,West,Basic,Active,10.00,10.00,0,0,0.00,"Clean Transaction"
2024-09-01,2024-09,1127,South,Pro,Active,50.00,50.00,0,0,0.00,"Clean Transaction"
2024-09-01,2024-09,1128,North,Enterprise,Active,200.00,200.00,0,0,0.00,"Clean Transaction"
2024-09-01,2024-09,1129,West,Basic,Active,10.00,10.00,0,0,0.00,"Clean Transaction"
2024-09-01,2024-09,1131,West,Pro,Active,50.00,50.00,0,0,0.00,"Clean Transaction"
2024-09-01,2024-09,1132,North,Pro,Active,50.00,50.00,0,0,0.00,"Clean Transaction"
2024-09-01,2024-09,1133,North,Enterprise,Active,200.00,200.00,0,0,0.00,"Clean Transaction"
2024-09-01,2024-09,1134,North,Enterprise,Active,200.00,200.00,0,0,0.00,"Clean Transaction"
2024-09-01,2024-09,1135,East,Enterprise,Active,200.00,0.00,1,0,200.00,"Unpaid Invoice"
2024-09-01,2024-09,1136,North,Basic,Active,10.00,10.00,0,0,0.00,"Clean Transaction"
2024-09-01,2024-09,1137,North,Basic,Active,10.00,10.00,0,0,0.00,"Clean Transaction"
2024-09-01,2024-09,1138,North,Enterprise,Active,200.00,200.00,0,0,0.00,"Clean Transaction"
2024-09-01,2024-09,1139,East,Pro,Active,50.00,50.00,0,0,0.00,"Clean Transaction"
2024-09-01,2024-09,1140,North,Basic,Active,10.00,0.00,1,0,10.00,"Unpaid Invoice"
2024-09-01,2024-09,1141,West,Pro,Active,50.00,50.00,0,0,0.00,"Clean Transaction"
2024-09-01,2024-09,1143,West,Basic,Active,10.00,10.00,0,0,0.00,"Clean Transaction"
2024-09-01,2024-09,1144,West,Enterprise,Active,200.00,200.00,0,0,0.00,"Clean Transaction"
2024-09-01,2024-09,1145,West,Basic,Active,10.00,10.00,0,0,0.00,"Clean Transaction"
2024-09-01,2024-09,1146,East,Enterprise,Cancelled,200.00,200.00,0,0,0.00,"Clean Transaction"
2024-09-01,2024-09,1147,East,Enterprise,Active,200.00,200.00,0,0,0.00,"Clean Transaction"
2024-09-01,2024-09,1148,East,Pro,Active,50.00,50.00,0,0,0.00,"Clean Transaction"
2024-09-01,2024-09,1149,North,Pro,Active,50.00,50.00,0,0,0.00,"Clean Transaction"
2024-09-01,2024-09,1150,West,Basic,Active,10.00,10.00,0,0,0.00,"Clean Transaction"
2024-09-01,2024-09,1151,East,Pro,Active,50.00,50.00,0,0,0.00,"Clean Transaction"
2024-09-01,2024-09,1152,East,Pro,Active,50.00,50.00,0,0,0.00,"Clean Transaction"
2024-09-01,2024-09,1153,North,Enterprise,Active,200.00,200.00,0,0,0.00,"Clean Transaction"
2024-09-01,2024-09,1154,East,Enterprise,Active,200.00,200.00,0,0,0.00,"Clean Transaction"
2024-09-01,2024-09,1155,North,Basic,Active,10.00,10.00,0,0,0.00,"Clean Transaction"
2024-09-01,2024-09,1156,South,Pro,Active,50.00,50.00,0,0,0.00,"Clean Transaction"
2024-09-01,2024-09,1157,East,Enterprise,Active,200.00,200.00,0,0,0.00,"Clean Transaction"
2024-09-01,2024-09,1158,South,Pro,Active,50.00,50.00,0,0,0.00,"Clean Transaction"
2024-09-01,2024-09,1159,North,Pro,Active,50.00,50.00,0,0,0.00,"Clean Transaction"
2024-09-01,2024-09,1160,West,Basic,Active,10.00,10.00,0,0,0.00,"Clean Transaction"
2024-09-01,2024-09,1161,East,Enterprise,Active,200.00,0.00,1,0,200.00,"Unpaid Invoice"
2024-09-01,2024-09,1162,North,Basic,Active,10.00,10.00,0,0,0.00,"Clean Transaction"
2024-09-01,2024-09,1163,West,Basic,Active,10.00,10.00,0,0,0.00,"Clean Transaction"
2024-09-01,2024-09,1164,West,Pro,Active,50.00,45.83,0,0,4.17,"Partial Payment"
2024-09-01,2024-09,1165,South,Basic,Active,10.00,10.00,0,0,0.00,"Clean Transaction"
2024-09-01,2024-09,1166,North,Pro,Active,50.00,50.00,0,0,0.00,"Clean Transaction"
2024-09-01,2024-09,1168,East,Pro,Active,50.00,50.00,0,0,0.00,"Clean Transaction"
2024-09-01,2024-09,1169,East,Pro,Active,50.00,50.00,0,0,0.00,"Clean Transaction"
2024-09-01,2024-09,1170,South,Pro,Active,50.00,50.00,0,0,0.00,"Clean Transaction"
2024-09-01,2024-09,1171,West,Pro,Active,50.00,50.00,0,0,0.00,"Clean Transaction"
2024-09-01,2024-09,1172,North,Pro,Active,50.00,50.00,0,0,0.00,"Clean Transaction"
2024-09-01,2024-09,1173,East,Basic,Active,10.00,10.00,0,0,0.00,"Clean Transaction"
2024-09-01,2024-09,1174,West,Basic,Active,10.00,10.00,0,0,0.00,"Clean Transaction"
2024-09-01,2024-09,1175,West,Pro,Active,50.00,50.00,0,0,0.00,"Clean Transaction"
2024-09-01,2024-09,1176,South,Pro,Active,50.00,50.00,0,0,0.00,"Clean Transaction"
2024-09-01,2024-09,1178,East,Basic,Active,10.00,10.00,0,0,0.00,"Clean Transaction"
2024-09-01,2024-09,1179,North,Pro,Active,50.00,50.00,0,0,0.00,"Clean Transaction"
2024-09-01,2024-09,1180,East,Basic,Active,10.00,10.00,0,0,0.00,"Clean Transaction"
2024-09-01,2024-09,1181,North,Basic,Active,10.00,10.00,0,0,0.00,"Clean Transaction"
2024-09-01,2024-09,1182,East,Basic,Active,10.00,10.00,0,0,0.00,"Clean Transaction"
2024-09-01,2024-09,1183,South,Pro,Active,50.00,50.00,0,0,0.00,"Clean Transaction"
2024-09-01,2024-09,1184,East,Basic,Active,10.00,10.00,0,0,0.00,"Clean Transaction"
2024-09-01,2024-09,1185,North,Basic,Active,10.00,10.00,0,0,0.00,"Clean Transaction"
2024-09-01,2024-09,1186,North,Pro,Active,50.00,50.00,0,0,0.00,"Clean Transaction"
2024-09-01,2024-09,1187,South,Pro,Active,50.00,50.00,0,0,0.00,"Clean Transaction"
2024-09-01,2024-09,1188,East,Basic,Active,10.00,10.00,0,0,0.00,"Clean Transaction"
2024-09-01,2024-09,1189,East,Basic,Active,10.00,10.00,0,0,0.00,"Clean Transaction"
2024-09-01,2024-09,1190,South,Enterprise,Active,200.00,200.00,0,0,0.00,"Clean Transaction"
2024-09-01,2024-09,1191,East,Enterprise,Active,200.00,200.00,0,0,0.00,"Clean Transaction"
2024-09-01,2024-09,1192,East,Enterprise,Active,200.00,200.00,0,0,0.00,"Clean Transaction"
2024-09-01,2024-09,1193,North,Pro,Active,50.00,50.00,0,0,0.00,"Clean Transaction"
2024-09-01,2024-09,1195,East,Enterprise,Active,200.00,200.00,0,0,0.00,"Clean Transaction"
2024-09-01,2024-09,1197,South,Basic,Active,10.00,10.00,0,0,0.00,"Clean Transaction"
2024-09-01,2024-09,1198,West,Basic,Active,10.00,10.00,0,0,0.00,"Clean Transaction"
2024-09-01,2024-09,1199,North,Pro,Active,50.00,50.00,0,0,0.00,"Clean Transaction"
2024-09-01,2024-09,1200,East,Enterprise,Active,200.00,200.00,0,0,0.00,"Clean Transaction"
2024-09-01,2024-09,1201,East,Enterprise,Active,200.00,200.00,0,0,0.00,"Clean Transaction"
2024-09-01,2024-09,1203,East,Basic,Cancelled,10.00,10.00,0,0,0.00,"Clean Transaction"
2024-09-01,2024-09,1204,North,Enterprise,Active,200.00,200.00,0,0,0.00,"Clean Transaction"
2024-09-01,2024-09,1205,West,Pro,Active,50.00,50.00,0,0,0.00,"Clean Transaction"
2024-09-01,2024-09,1206,North,Enterprise,Active,200.00,200.00,0,0,0.00,"Clean Transaction"
2024-09-01,2024-09,1207,West,Basic,Active,10.00,10.00,0,0,0.00,"Clean Transaction"
2024-09-01,2024-09,1208,West,Basic,Active,10.00,10.00,0,0,0.00,"Clean Transaction"
2024-09-01,2024-09,1209,South,Enterprise,Active,200.00,200.00,0,0,0.00,"Clean Transaction"
2024-09-01,2024-09,1210,North,Basic,Active,10.00,10.00,0,0,0.00,"Clean Transaction"
2024-09-01,2024-09,1211,East,Enterprise,Cancelled,200.00,200.00,0,0,0.00,"Clean Transaction"
2024-09-01,2024-09,1212,East,Basic,Active,10.00,10.00,0,0,0.00,"Clean Transaction"
2024-09-01,2024-09,1213,North,Pro,Active,50.00,50.00,0,0,0.00,"Clean Transaction"
2024-09-01,2024-09,1214,East,Basic,Active,10.00,10.00,0,0,0.00,"Clean Transaction"
2024-09-01,2024-09,1215,East,Enterprise,Active,200.00,200.00,0,0,0.00,"Clean Transaction"
2024-09-01,2024-09,1216,North,Pro,Active,50.00,50.00,0,0,0.00,"Clean Transaction"
2024-09-01,2024-09,1217,West,Pro,Active,50.00,50.00,0,0,0.00,"Clean Transaction"
2024-09-01,2024-09,1218,North,Basic,Active,10.00,10.00,0,0,0.00,"Clean Transaction"
2024-09-01,2024-09,1219,West,Enterprise,Active,200.00,200.00,0,0,0.00,"Clean Transaction"
2024-09-01,2024-09,1220,East,Pro,Active,50.00,50.00,0,0,0.00,"Clean Transaction"
2024-09-01,2024-09,1221,East,Pro,Active,50.00,50.00,0,0,0.00,"Clean Transaction"
2024-09-01,2024-09,1222,East,Enterprise,Active,200.00,200.00,0,0,0.00,"Clean Transaction"
2024-09-01,2024-09,1223,South,Basic,Active,10.00,10.00,0,0,0.00,"Clean Transaction"
2024-09-01,2024-09,1224,West,Basic,Active,10.00,10.00,0,0,0.00,"Clean Transaction"
2024-09-01,2024-09,1225,South,Pro,Active,50.00,50.00,0,0,0.00,"Clean Transaction"
2024-09-01,2024-09,1226,South,Pro,Active,50.00,50.00,0,0,0.00,"Clean Transaction"
2024-09-01,2024-09,1227,North,Basic,Cancelled,10.00,10.00,0,0,0.00,"Clean Transaction"
2024-09-01,2024-09,1228,South,Enterprise,Active,200.00,200.00,0,0,0.00,"Clean Transaction"
2024-09-01,2024-09,1230,North,Basic,Cancelled,10.00,10.00,0,0,0.00,"Clean Transaction"
2024-09-01,2024-09,1231,South,Enterprise,Active,200.00,200.00,0,0,0.00,"Clean Transaction"
2024-09-01,2024-09,1233,West,Basic,Active,10.00,10.00,0,0,0.00,"Clean Transaction"
2024-09-01,2024-09,1234,West,Pro,Active,50.00,46.15,0,0,3.85,"Partial Payment"
2024-09-01,2024-09,1235,West,Pro,Active,50.00,50.00,0,0,0.00,"Clean Transaction"
2024-09-01,2024-09,1237,South,Basic,Active,10.00,10.00,0,0,0.00,"Clean Transaction"
2024-09-01,2024-09,1238,South,Enterprise,Active,200.00,200.00,0,0,0.00,"Clean Transaction"
2024-09-01,2024-09,1239,East,Pro,Active,50.00,50.00,0,0,0.00,"Clean Transaction"
2024-09-01,2024-09,1240,West,Enterprise,Active,200.00,200.00,0,0,0.00,"Clean Transaction"
2024-09-01,2024-09,1241,South,Basic,Active,10.00,10.00,0,0,0.00,"Clean Transaction"
2024-09-01,2024-09,1243,West,Enterprise,Active,200.00,200.00,0,0,0.00,"Clean Transaction"
2024-09-01,2024-09,1244,North,Enterprise,Active,200.00,200.00,0,0,0.00,"Clean Transaction"
2024-09-01,2024-09,1245,East,Basic,Active,10.00,10.00,0,0,0.00,"Clean Transaction"
2024-09-01,2024-09,1246,South,Pro,Active,50.00,50.00,0,0,0.00,"Clean Transaction"
2024-09-01,2024-09,1248,North,Pro,Active,50.00,50.00,0,0,0.00,"Clean Transaction"
2024-09-01,2024-09,1249,North,Enterprise,Active,200.00,200.00,0,0,0.00,"Clean Transaction"
2024-09-01,2024-09,1250,East,Basic,Active,10.00,10.00,0,0,0.00,"Clean Transaction"
2024-09-01,2024-09,1251,South,Enterprise,Active,200.00,200.00,0,0,0.00,"Clean Transaction"
2024-09-01,2024-09,1252,North,Basic,Active,10.00,10.00,0,0,0.00,"Clean Transaction"
2024-09-01,2024-09,1253,West,Basic,Active,10.00,10.00,0,0,0.00,"Clean Transaction"
2024-09-01,2024-09,1254,North,Enterprise,Active,200.00,200.00,0,0,0.00,"Clean Transaction"
2024-09-01,2024-09,1255,North,Basic,Active,10.00,10.00,0,0,0.00,"Clean Transaction"
2024-09-01,2024-09,1256,East,Pro,Active,50.00,50.00,0,0,0.00,"Clean Transaction"
2024-09-01,2024-09,1257,East,Basic,Active,10.00,10.00,0,0,0.00,"Clean Transaction"
2024-09-01,2024-09,1258,South,Pro,Active,50.00,50.00,0,0,0.00,"Clean Transaction"
2024-09-01,2024-09,1259,West,Enterprise,Active,200.00,200.00,0,0,0.00,"Clean Transaction"
2024-09-01,2024-09,1260,East,Pro,Active,50.00,50.00,0,0,0.00,"Clean Transaction"
2024-09-01,2024-09,1261,North,Basic,Active,10.00,10.00,0,0,0.00,"Clean Transaction"
2024-09-01,2024-09,1262,South,Pro,Cancelled,50.00,50.00,0,0,0.00,"Clean Transaction"
2024-09-01,2024-09,1263,North,Enterprise,Active,200.00,200.00,0,0,0.00,"Clean Transaction"
2024-09-01,2024-09,1264,North,Enterprise,Active,200.00,200.00,0,0,0.00,"Clean Transaction"
2024-09-01,2024-09,1265,East,Enterprise,Active,200.00,200.00,0,0,0.00,"Clean Transaction"
2024-09-01,2024-09,1266,South,Basic,Active,10.00,10.00,0,0,0.00,"Clean Transaction"
2024-09-01,2024-09,1267,West,Basic,Active,10.00,10.00,0,0,0.00,"Clean Transaction"
2024-09-01,2024-09,1268,West,Basic,Active,10.00,10.00,0,0,0.00,"Clean Transaction"
2024-09-01,2024-09,1269,East,Enterprise,Active,200.00,200.00,0,0,0.00,"Clean Transaction"
2024-09-01,2024-09,1270,East,Basic,Active,10.00,9.40,0,0,0.60,"Partial Payment"
2024-09-01,2024-09,1271,South,Enterprise,Active,200.00,200.00,0,0,0.00,"Clean Transaction"
2024-09-01,2024-09,1272,West,Pro,Active,50.00,50.00,0,0,0.00,"Clean Transaction"
2024-09-01,2024-09,1273,West,Pro,Active,50.00,0.00,1,0,50.00,"Unpaid Invoice"
2024-09-01,2024-09,1274,West,Pro,Active,50.00,50.00,0,0,0.00,"Clean Transaction"
2024-09-01,2024-09,1275,North,Enterprise,Active,200.00,200.00,0,0,0.00,"Clean Transaction"
2024-09-01,2024-09,1277,North,Enterprise,Active,200.00,200.00,0,0,0.00,"Clean Transaction"
2024-09-01,2024-09,1279,North,Pro,Active,50.00,50.00,0,0,0.00,"Clean Transaction"
2024-09-01,2024-09,1280,South,Enterprise,Active,200.00,200.00,0,0,0.00,"Clean Transaction"
2024-09-01,2024-09,1281,West,Pro,Active,50.00,50.00,0,0,0.00,"Clean Transaction"
2024-09-01,2024-09,1282,West,Pro,Active,50.00,50.00,0,0,0.00,"Clean Transaction"
2024-09-01,2024-09,1283,South,Basic,Active,10.00,10.00,0,0,0.00,"Clean Transaction"
2024-09-01,2024-09,1286,East,Basic,Active,10.00,10.00,0,0,0.00,"Clean Transaction"
2024-09-01,2024-09,1287,North,Basic,Active,10.00,10.00,0,0,0.00,"Clean Transaction"
2024-09-01,2024-09,1289,North,Enterprise,Active,200.00,200.00,0,0,0.00,"Clean Transaction"
2024-09-01,2024-09,1290,West,Basic,Cancelled,10.00,10.00,0,0,0.00,"Clean Transaction"
2024-09-01,2024-09,1291,North,Basic,Active,10.00,10.00,0,0,0.00,"Clean Transaction"
2024-09-01,2024-09,1292,East,Enterprise,Active,200.00,200.00,0,0,0.00,"Clean Transaction"
2024-09-01,2024-09,1293,North,Pro,Active,50.00,50.00,0,0,0.00,"Clean Transaction"
2024-09-01,2024-09,1294,South,Pro,Active,50.00,50.00,0,0,0.00,"Clean Transaction"
2024-09-01,2024-09,1295,South,Basic,Active,10.00,10.00,0,0,0.00,"Clean Transaction"
2024-09-01,2024-09,1296,West,Basic,Active,10.00,10.00,0,0,0.00,"Clean Transaction"
2024-09-01,2024-09,1297,South,Basic,Active,10.00,10.00,0,0,0.00,"Clean Transaction"
2024-09-01,2024-09,1298,East,Basic,Active,10.00,10.00,0,0,0.00,"Clean Transaction"
2024-09-01,2024-09,1299,North,Basic,Active,10.00,10.00,0,0,0.00,"Clean Transaction"
2024-09-01,2024-09,1300,West,Enterprise,Active,200.00,200.00,0,0,0.00,"Clean Transaction"
2024-09-01,2024-09,1301,North,Basic,Active,10.00,10.00,0,0,0.00,"Clean Transaction"
2024-09-01,2024-09,1302,North,Enterprise,Active,200.00,200.00,0,0,0.00,"Clean Transaction"
2024-09-01,2024-09,1303,East,Basic,Active,10.00,10.00,0,0,0.00,"Clean Transaction"
2024-09-01,2024-09,1305,South,Enterprise,Active,200.00,200.00,0,0,0.00,"Clean Transaction"
2024-09-01,2024-09,1306,North,Basic,Active,10.00,10.00,0,0,0.00,"Clean Transaction"
2024-09-01,2024-09,1307,West,Enterprise,Active,200.00,200.00,0,0,0.00,"Clean Transaction"
2024-09-01,2024-09,1308,South,Pro,Active,50.00,50.00,0,0,0.00,"Clean Transaction"
2024-09-01,2024-09,1309,West,Pro,Active,50.00,50.00,0,0,0.00,"Clean Transaction"
2024-09-01,2024-09,1310,South,Basic,Active,10.00,10.00,0,0,0.00,"Clean Transaction"
2024-09-01,2024-09,1311,West,Enterprise,Active,200.00,200.00,0,0,0.00,"Clean Transaction"
2024-09-01,2024-09,1312,East,Enterprise,Active,200.00,200.00,0,0,0.00,"Clean Transaction"
2024-09-01,2024-09,1313,West,Basic,Active,10.00,10.00,0,0,0.00,"Clean Transaction"
2024-09-01,2024-09,1314,East,Pro,Active,50.00,50.00,0,0,0.00,"Clean Transaction"
2024-09-01,2024-09,1315,East,Pro,Active,50.00,50.00,0,0,0.00,"Clean Transaction"
2024-09-01,2024-09,1316,West,Basic,Active,10.00,10.00,0,0,0.00,"Clean Transaction"
2024-09-01,2024-09,1317,East,Enterprise,Active,200.00,200.00,0,0,0.00,"Clean Transaction"
2024-09-01,2024-09,1318,North,Basic,Active,10.00,10.00,0,0,0.00,"Clean Transaction"
2024-09-01,2024-09,1319,East,Pro,Active,50.00,50.00,0,0,0.00,"Clean Transaction"
2024-09-01,2024-09,1320,South,Pro,Cancelled,50.00,50.00,0,0,0.00,"Clean Transaction"
2024-09-01,2024-09,1321,West,Pro,Active,50.00,50.00,0,0,0.00,"Clean Transaction"
2024-09-01,2024-09,1322,North,Pro,Active,50.00,50.00,0,0,0.00,"Clean Transaction"
2024-09-01,2024-09,1324,South,Enterprise,Active,200.00,200.00,0,0,0.00,"Clean Transaction"
2024-09-01,2024-09,1325,South,Pro,Active,50.00,50.00,0,0,0.00,"Clean Transaction"
2024-09-01,2024-09,1326,South,Enterprise,Active,200.00,189.58,0,0,10.42,"Partial Payment"
2024-09-01,2024-09,1327,East,Enterprise,Active,200.00,200.00,0,0,0.00,"Clean Transaction"
2024-09-01,2024-09,1328,East,Pro,Active,50.00,50.00,0,0,0.00,"Clean Transaction"
2024-09-01,2024-09,1329,West,Enterprise,Active,200.00,200.00,0,0,0.00,"Clean Transaction"
2024-09-01,2024-09,1330,West,Pro,Active,50.00,50.00,0,0,0.00,"Clean Transaction"
2024-09-01,2024-09,1331,North,Pro,Active,50.00,50.00,0,0,0.00,"Clean Transaction"
2024-09-01,2024-09,1332,North,Enterprise,Active,200.00,200.00,0,0,0.00,"Clean Transaction"
2024-09-01,2024-09,1334,East,Enterprise,Active,200.00,200.00,0,0,0.00,"Clean Transaction"
2024-09-01,2024-09,1337,North,Basic,Active,10.00,10.00,0,0,0.00,"Clean Transaction"
2024-09-01,2024-09,1338,East,Enterprise,Active,200.00,200.00,0,0,0.00,"Clean Transaction"
2024-09-01,2024-09,1339,West,Basic,Active,10.00,10.00,0,0,0.00,"Clean Transaction"
2024-09-01,2024-09,1340,West,Enterprise,Active,200.00,200.00,0,0,0.00,"Clean Transaction"
2024-09-01,2024-09,1342,West,Basic,Active,10.00,10.00,0,0,0.00,"Clean Transaction"
2024-09-01,2024-09,1343,East,Pro,Active,50.00,50.00,0,0,0.00,"Clean Transaction"
2024-09-01,2024-09,1344,South,Pro,Active,50.00,50.00,0,0,0.00,"Clean Transaction"
2024-09-01,2024-09,1345,East,Basic,Active,10.00,10.00,0,0,0.00,"Clean Transaction"
2024-09-01,2024-09,1346,East,Basic,Active,10.00,10.00,0,0,0.00,"Clean Transaction"
2024-09-01,2024-09,1348,West,Pro,Active,50.00,50.00,0,0,0.00,"Clean Transaction"
2024-09-01,2024-09,1349,West,Basic,Active,10.00,10.00,0,0,0.00,"Clean Transaction"
2024-09-01,2024-09,1350,East,Pro,Cancelled,50.00,50.00,0,0,0.00,"Clean Transaction"
2024-09-01,2024-09,1351,West,Pro,Active,50.00,50.00,0,0,0.00,"Clean Transaction"
2024-09-01,2024-09,1352,North,Enterprise,Active,200.00,200.00,0,0,0.00,"Clean Transaction"
2024-09-01,2024-09,1353,North,Enterprise,Active,200.00,200.00,0,0,0.00,"Clean Transaction"
2024-09-01,2024-09,1354,West,Basic,Active,10.00,10.00,0,0,0.00,"Clean Transaction"
2024-09-01,2024-09,1355,West,Pro,Active,50.00,50.00,0,0,0.00,"Clean Transaction"
2024-09-01,2024-09,1356,East,Pro,Active,50.00,50.00,0,0,0.00,"Clean Transaction"
2024-09-01,2024-09,1357,South,Basic,Active,10.00,10.00,0,0,0.00,"Clean Transaction"
2024-09-01,2024-09,1358,West,Basic,Active,10.00,10.00,0,0,0.00,"Clean Transaction"
2024-09-01,2024-09,1359,North,Enterprise,Active,200.00,200.00,0,0,0.00,"Clean Transaction"
2024-09-01,2024-09,1360,East,Pro,Active,50.00,50.00,0,0,0.00,"Clean Transaction"
2024-09-01,2024-09,1361,West,Basic,Active,10.00,10.00,0,0,0.00,"Clean Transaction"
2024-09-01,2024-09,1362,North,Basic,Active,10.00,10.00,0,0,0.00,"Clean Transaction"
2024-09-01,2024-09,1363,North,Basic,Active,10.00,10.00,0,0,0.00,"Clean Transaction"
2024-09-01,2024-09,1364,South,Pro,Active,50.00,50.00,0,0,0.00,"Clean Transaction"
2024-09-01,2024-09,1365,East,Pro,Active,50.00,50.00,0,0,0.00,"Clean Transaction"
2024-09-01,2024-09,1366,East,Pro,Active,50.00,50.00,0,0,0.00,"Clean Transaction"
2024-09-01,2024-09,1367,South,Enterprise,Active,200.00,200.00,0,0,0.00,"Clean Transaction"
2024-09-01,2024-09,1368,South,Pro,Active,50.00,50.00,0,0,0.00,"Clean Transaction"
2024-09-01,2024-09,1371,West,Enterprise,Active,200.00,200.00,0,0,0.00,"Clean Transaction"
2024-09-01,2024-09,1372,West,Pro,Active,50.00,50.00,0,0,0.00,"Clean Transaction"
2024-09-01,2024-09,1373,South,Pro,Cancelled,50.00,50.00,0,0,0.00,"Clean Transaction"
2024-09-01,2024-09,1374,West,Pro,Active,50.00,50.00,0,0,0.00,"Clean Transaction"
2024-09-01,2024-09,1375,North,Basic,Active,10.00,10.00,0,0,0.00,"Clean Transaction"
2024-09-01,2024-09,1376,West,Pro,Active,50.00,50.00,0,0,0.00,"Clean Transaction"
2024-09-01,2024-09,1377,West,Basic,Active,10.00,10.00,0,0,0.00,"Clean Transaction"
2024-09-01,2024-09,1378,North,Enterprise,Active,200.00,200.00,0,0,0.00,"Clean Transaction"
2024-09-01,2024-09,1379,South,Pro,Active,50.00,50.00,0,0,0.00,"Clean Transaction"
2024-09-01,2024-09,1380,North,Enterprise,Active,200.00,200.00,0,0,0.00,"Clean Transaction"
2024-09-01,2024-09,1381,West,Pro,Active,50.00,50.00,0,0,0.00,"Clean Transaction"
2024-09-01,2024-09,1382,South,Pro,Cancelled,50.00,50.00,0,0,0.00,"Clean Transaction"
2024-09-01,2024-09,1383,West,Basic,Active,10.00,10.00,0,0,0.00,"Clean Transaction"
2024-09-01,2024-09,1384,North,Basic,Active,10.00,10.00,0,0,0.00,"Clean Transaction"
2024-09-01,2024-09,1385,North,Enterprise,Active,200.00,200.00,0,0,0.00,"Clean Transaction"
2024-09-01,2024-09,1386,West,Basic,Active,10.00,10.00,0,0,0.00,"Clean Transaction"
2024-09-01,2024-09,1387,East,Enterprise,Active,200.00,200.00,0,0,0.00,"Clean Transaction"
2024-09-01,2024-09,1388,East,Basic,Active,10.00,10.00,0,0,0.00,"Clean Transaction"
2024-09-01,2024-09,1389,North,Basic,Active,10.00,10.00,0,0,0.00,"Clean Transaction"
2024-09-01,2024-09,1390,North,Basic,Active,10.00,10.00,0,0,0.00,"Clean Transaction"
2024-09-01,2024-09,1391,East,Pro,Active,50.00,50.00,0,0,0.00,"Clean Transaction"
2024-09-01,2024-09,1392,East,Basic,Active,10.00,10.00,0,0,0.00,"Clean Transaction"
2024-09-01,2024-09,1393,West,Pro,Active,50.00,50.00,0,0,0.00,"Clean Transaction"
2024-09-01,2024-09,1394,West,Basic,Active,10.00,10.00,0,0,0.00,"Clean Transaction"
2024-09-01,2024-09,1395,East,Basic,Active,10.00,10.00,0,0,0.00,"Clean Transaction"
2024-09-01,2024-09,1396,West,Enterprise,Active,200.00,200.00,0,0,0.00,"Clean Transaction"
2024-09-01,2024-09,1397,West,Pro,Active,50.00,50.00,0,0,0.00,"Clean Transaction"
2024-09-01,2024-09,1398,South,Enterprise,Active,200.00,200.00,0,0,0.00,"Clean Transaction"
2024-09-01,2024-09,1399,West,Basic,Active,10.00,10.00,0,0,0.00,"Clean Transaction"
2024-09-01,2024-09,1400,North,Enterprise,Active,200.00,200.00,0,0,0.00,"Clean Transaction"
2024-09-01,2024-09,1401,West,Pro,Active,50.00,50.00,0,0,0.00,"Clean Transaction"
2024-09-01,2024-09,1403,East,Enterprise,Active,200.00,200.00,0,0,0.00,"Clean Transaction"
2024-09-01,2024-09,1404,North,Basic,Active,10.00,10.00,0,0,0.00,"Clean Transaction"
2024-09-01,2024-09,1405,West,Pro,Active,50.00,50.00,0,0,0.00,"Clean Transaction"
2024-09-01,2024-09,1406,West,Pro,Active,50.00,50.00,0,0,0.00,"Clean Transaction"
2024-09-01,2024-09,1407,South,Pro,Active,50.00,50.00,0,0,0.00,"Clean Transaction"
2024-09-01,2024-09,1408,West,Basic,Active,10.00,10.00,0,0,0.00,"Clean Transaction"
2024-09-01,2024-09,1409,West,Basic,Active,10.00,10.00,0,0,0.00,"Clean Transaction"
2024-09-01,2024-09,1410,South,Enterprise,Active,200.00,200.00,0,0,0.00,"Clean Transaction"
2024-09-01,2024-09,1411,East,Pro,Active,50.00,50.00,0,0,0.00,"Clean Transaction"
2024-09-01,2024-09,1412,West,Enterprise,Active,200.00,200.00,0,0,0.00,"Clean Transaction"
2024-09-01,2024-09,1413,South,Enterprise,Active,200.00,200.00,0,0,0.00,"Clean Transaction"
2024-09-01,2024-09,1414,North,Enterprise,Active,200.00,200.00,0,0,0.00,"Clean Transaction"
2024-09-01,2024-09,1415,East,Basic,Cancelled,10.00,10.00,0,0,0.00,"Clean Transaction"
2024-09-01,2024-09,1416,North,Pro,Active,50.00,50.00,0,0,0.00,"Clean Transaction"
2024-09-01,2024-09,1417,North,Enterprise,Active,200.00,200.00,0,0,0.00,"Clean Transaction"
2024-09-01,2024-09,1418,South,Enterprise,Active,200.00,200.00,0,0,0.00,"Clean Transaction"
2024-09-01,2024-09,1419,West,Pro,Active,50.00,50.00,0,0,0.00,"Clean Transaction"
2024-09-01,2024-09,1420,South,Basic,Active,10.00,10.00,0,0,0.00,"Clean Transaction"
2024-09-01,2024-09,1422,South,Pro,Active,50.00,50.00,0,0,0.00,"Clean Transaction"
2024-09-01,2024-09,1423,South,Enterprise,Active,200.00,200.00,0,0,0.00,"Clean Transaction"
2024-09-01,2024-09,1424,East,Basic,Active,10.00,10.00,0,0,0.00,"Clean Transaction"
2024-09-01,2024-09,1425,West,Pro,Active,50.00,50.00,0,0,0.00,"Clean Transaction"
2024-09-01,2024-09,1426,North,Basic,Active,10.00,10.00,0,0,0.00,"Clean Transaction"
2024-09-01,2024-09,1427,North,Basic,Active,10.00,10.00,0,0,0.00,"Clean Transaction"
2024-09-01,2024-09,1428,West,Basic,Active,10.00,10.00,0,0,0.00,"Clean Transaction"
2024-09-01,2024-09,1429,North,Pro,Active,50.00,50.00,0,0,0.00,"Clean Transaction"
2024-09-01,2024-09,1430,West,Pro,Active,50.00,50.00,0,0,0.00,"Clean Transaction"
2024-09-01,2024-09,1431,North,Basic,Active,10.00,10.00,0,0,0.00,"Clean Transaction"
2024-09-01,2024-09,1432,South,Pro,Active,50.00,50.00,0,0,0.00,"Clean Transaction"
2024-09-01,2024-09,1433,North,Enterprise,Active,200.00,200.00,0,0,0.00,"Clean Transaction"
2024-09-01,2024-09,1434,West,Enterprise,Active,200.00,200.00,0,0,0.00,"Clean Transaction"
2024-09-01,2024-09,1435,West,Enterprise,Active,200.00,200.00,0,0,0.00,"Clean Transaction"
2024-09-01,2024-09,1437,West,Basic,Active,10.00,10.00,0,0,0.00,"Clean Transaction"
2024-09-01,2024-09,1438,West,Pro,Active,50.00,50.00,0,0,0.00,"Clean Transaction"
2024-09-01,2024-09,1439,East,Enterprise,Active,200.00,200.00,0,0,0.00,"Clean Transaction"
2024-09-01,2024-09,1440,East,Pro,Active,50.00,50.00,0,0,0.00,"Clean Transaction"
2024-09-01,2024-09,1441,North,Basic,Active,10.00,10.00,0,0,0.00,"Clean Transaction"
2024-09-01,2024-09,1442,West,Enterprise,Active,200.00,200.00,0,0,0.00,"Clean Transaction"
2024-09-01,2024-09,1443,North,Enterprise,Active,200.00,200.00,0,0,0.00,"Clean Transaction"
2024-09-01,2024-09,1444,West,Enterprise,Active,200.00,200.00,0,0,0.00,"Clean Transaction"
2024-09-01,2024-09,1445,West,Pro,Active,50.00,50.00,0,0,0.00,"Clean Transaction"
2024-09-01,2024-09,1446,East,Pro,Active,50.00,50.00,0,0,0.00,"Clean Transaction"
2024-09-01,2024-09,1447,East,Basic,Active,10.00,10.00,0,0,0.00,"Clean Transaction"
2024-09-01,2024-09,1449,East,Enterprise,Active,200.00,200.00,0,0,0.00,"Clean Transaction"
2024-09-01,2024-09,1450,South,Basic,Active,10.00,10.00,0,0,0.00,"Clean Transaction"
2024-09-01,2024-09,1451,South,Basic,Active,10.00,10.00,0,0,0.00,"Clean Transaction"
2024-09-01,2024-09,1452,South,Basic,Active,10.00,10.00,0,0,0.00,"Clean Transaction"
2024-09-01,2024-09,1453,South,Enterprise,Active,200.00,200.00,0,0,0.00,"Clean Transaction"
2024-09-01,2024-09,1454,South,Pro,Active,50.00,50.00,0,0,0.00,"Clean Transaction"
2024-09-01,2024-09,1455,North,Pro,Active,50.00,50.00,0,0,0.00,"Clean Transaction"
2024-09-01,2024-09,1456,East,Pro,Active,50.00,50.00,0,0,0.00,"Clean Transaction"
2024-09-01,2024-09,1457,South,Pro,Active,50.00,50.00,0,0,0.00,"Clean Transaction"
2024-09-01,2024-09,1458,West,Basic,Active,10.00,10.00,0,0,0.00,"Clean Transaction"
2024-09-01,2024-09,1459,East,Basic,Active,10.00,10.00,0,0,0.00,"Clean Transaction"
2024-09-01,2024-09,1460,East,Pro,Active,50.00,50.00,0,0,0.00,"Clean Transaction"
2024-09-01,2024-09,1461,South,Basic,Active,10.00,10.00,0,0,0.00,"Clean Transaction"
2024-09-01,2024-09,1462,North,Enterprise,Active,200.00,200.00,0,0,0.00,"Clean Transaction"
2024-09-01,2024-09,1463,South,Enterprise,Active,200.00,200.00,0,0,0.00,"Clean Transaction"
2024-09-01,2024-09,1464,North,Pro,Active,50.00,50.00,0,0,0.00,"Clean Transaction"
2024-09-01,2024-09,1465,West,Basic,Active,10.00,10.00,0,0,0.00,"Clean Transaction"
2024-09-01,2024-09,1466,East,Pro,Active,50.00,50.00,0,0,0.00,"Clean Transaction"
2024-09-01,2024-09,1467,West,Basic,Cancelled,10.00,10.00,0,0,0.00,"Clean Transaction"
2024-09-01,2024-09,1468,North,Pro,Active,50.00,50.00,0,0,0.00,"Clean Transaction"
2024-09-01,2024-09,1470,West,Pro,Active,50.00,50.00,0,0,0.00,"Clean Transaction"
2024-09-01,2024-09,1471,North,Pro,Active,50.00,50.00,0,0,0.00,"Clean Transaction"
2024-09-01,2024-09,1472,West,Pro,Active,50.00,50.00,0,0,0.00,"Clean Transaction"
2024-09-01,2024-09,1473,East,Pro,Active,50.00,50.00,0,0,0.00,"Clean Transaction"
2024-09-01,2024-09,1474,West,Basic,Active,10.00,10.00,0,0,0.00,"Clean Transaction"
2024-09-01,2024-09,1475,East,Enterprise,Active,200.00,200.00,0,0,0.00,"Clean Transaction"
2024-09-01,2024-09,1476,West,Pro,Active,50.00,50.00,0,0,0.00,"Clean Transaction"
2024-09-01,2024-09,1477,North,Pro,Active,50.00,50.00,0,0,0.00,"Clean Transaction"
2024-09-01,2024-09,1478,West,Enterprise,Active,200.00,200.00,0,0,0.00,"Clean Transaction"
2024-09-01,2024-09,1479,North,Basic,Active,10.00,10.00,0,0,0.00,"Clean Transaction"
2024-09-01,2024-09,1481,West,Pro,Active,50.00,50.00,0,0,0.00,"Clean Transaction"
2024-09-01,2024-09,1482,South,Basic,Active,10.00,0.00,1,0,10.00,"Unpaid Invoice"
2024-09-01,2024-09,1483,North,Enterprise,Active,200.00,200.00,0,0,0.00,"Clean Transaction"
2024-09-01,2024-09,1484,South,Pro,Active,50.00,50.00,0,0,0.00,"Clean Transaction"
2024-09-01,2024-09,1485,North,Enterprise,Active,200.00,200.00,0,0,0.00,"Clean Transaction"
2024-09-01,2024-09,1486,South,Pro,Active,50.00,50.00,0,0,0.00,"Clean Transaction"
2024-09-01,2024-09,1487,East,Basic,Active,10.00,10.00,0,0,0.00,"Clean Transaction"
2024-09-01,2024-09,1488,West,Basic,Active,10.00,10.00,0,0,0.00,"Clean Transaction"
2024-09-01,2024-09,1489,North,Pro,Active,50.00,50.00,0,0,0.00,"Clean Transaction"
2024-09-01,2024-09,1490,North,Basic,Active,10.00,10.00,0,0,0.00,"Clean Transaction"
2024-09-01,2024-09,1491,West,Enterprise,Active,200.00,200.00,0,0,0.00,"Clean Transaction"
2024-09-01,2024-09,1492,North,Basic,Active,10.00,10.00,0,0,0.00,"Clean Transaction"
2024-09-01,2024-09,1493,North,Basic,Active,10.00,10.00,0,0,0.00,"Clean Transaction"
2024-09-01,2024-09,1494,South,Pro,Active,50.00,50.00,0,0,0.00,"Clean Transaction"
2024-09-01,2024-09,1495,North,Enterprise,Active,200.00,200.00,0,0,0.00,"Clean Transaction"
2024-09-01,2024-09,1496,East,Basic,Active,10.00,10.00,0,0,0.00,"Clean Transaction"
2024-09-01,2024-09,1498,West,Basic,Active,10.00,10.00,0,0,0.00,"Clean Transaction"
2024-09-01,2024-09,1499,North,Basic,Active,10.00,10.00,0,0,0.00,"Clean Transaction"
2024-09-01,2024-09,1500,West,Basic,Active,10.00,10.00,0,0,0.00,"Clean Transaction"
2024-09-01,2024-09,1501,East,Enterprise,Active,200.00,200.00,0,0,0.00,"Clean Transaction"
2024-09-01,2024-09,1502,North,Enterprise,Active,200.00,200.00,0,0,0.00,"Clean Transaction"
2024-09-01,2024-09,1503,North,Enterprise,Active,200.00,200.00,0,0,0.00,"Clean Transaction"
2024-09-01,2024-09,1505,East,Basic,Active,10.00,9.59,0,0,0.41,"Partial Payment"
2024-09-01,2024-09,1506,North,Enterprise,Active,200.00,200.00,0,0,0.00,"Clean Transaction"
2024-09-01,2024-09,1507,West,Basic,Active,10.00,10.00,0,0,0.00,"Clean Transaction"
2024-09-01,2024-09,1508,East,Basic,Active,10.00,10.00,0,0,0.00,"Clean Transaction"
2024-09-01,2024-09,1509,West,Enterprise,Active,200.00,200.00,0,0,0.00,"Clean Transaction"
2024-09-01,2024-09,1510,South,Pro,Active,50.00,50.00,0,0,0.00,"Clean Transaction"
2024-09-01,2024-09,1511,North,Basic,Active,10.00,10.00,0,0,0.00,"Clean Transaction"
2024-09-01,2024-09,1513,East,Enterprise,Active,200.00,200.00,0,0,0.00,"Clean Transaction"
2024-09-01,2024-09,1514,South,Basic,Active,10.00,10.00,0,0,0.00,"Clean Transaction"
2024-09-01,2024-09,1515,South,Pro,Active,50.00,50.00,0,0,0.00,"Clean Transaction"
2024-09-01,2024-09,1516,East,Basic,Active,10.00,10.00,0,0,0.00,"Clean Transaction"
2024-09-01,2024-09,1517,West,Pro,Active,50.00,50.00,0,0,0.00,"Clean Transaction"
2024-09-01,2024-09,1518,South,Basic,Active,10.00,10.00,0,0,0.00,"Clean Transaction"
2024-09-01,2024-09,1519,West,Basic,Active,10.00,10.00,0,0,0.00,"Clean Transaction"
2024-09-01,2024-09,1520,South,Basic,Active,10.00,10.00,0,0,0.00,"Clean Transaction"
2024-09-01,2024-09,1521,West,Pro,Active,50.00,50.00,0,0,0.00,"Clean Transaction"
2024-09-01,2024-09,1522,East,Enterprise,Active,200.00,200.00,0,0,0.00,"Clean Transaction"
2024-09-01,2024-09,1523,South,Basic,Active,10.00,10.00,0,0,0.00,"Clean Transaction"
2024-09-01,2024-09,1524,East,Basic,Active,10.00,10.00,0,0,0.00,"Clean Transaction"
2024-09-01,2024-09,1525,South,Basic,Active,10.00,10.00,0,0,0.00,"Clean Transaction"
2024-09-01,2024-09,1527,East,Enterprise,Active,200.00,200.00,0,0,0.00,"Clean Transaction"
2024-09-01,2024-09,1529,South,Pro,Active,50.00,50.00,0,0,0.00,"Clean Transaction"
2024-09-01,2024-09,1530,South,Enterprise,Active,200.00,200.00,0,0,0.00,"Clean Transaction"
2024-09-01,2024-09,1531,North,Enterprise,Active,200.00,200.00,0,0,0.00,"Clean Transaction"
2024-09-01,2024-09,1532,West,Basic,Active,10.00,10.00,0,0,0.00,"Clean Transaction"
2024-09-01,2024-09,1534,North,Basic,Cancelled,10.00,10.00,0,0,0.00,"Clean Transaction"
2024-09-01,2024-09,1535,East,Basic,Active,10.00,10.00,0,0,0.00,"Clean Transaction"
2024-09-01,2024-09,1536,South,Pro,Active,50.00,50.00,0,0,0.00,"Clean Transaction"
2024-09-01,2024-09,1537,West,Pro,Active,50.00,50.00,0,0,0.00,"Clean Transaction"
2024-09-01,2024-09,1538,East,Pro,Active,50.00,50.00,0,0,0.00,"Clean Transaction"
2024-09-01,2024-09,1539,North,Basic,Cancelled,10.00,10.00,0,0,0.00,"Clean Transaction"
2024-09-01,2024-09,1540,South,Pro,Active,50.00,50.00,0,0,0.00,"Clean Transaction"
2024-09-01,2024-09,1541,East,Enterprise,Active,200.00,200.00,0,0,0.00,"Clean Transaction"
2024-09-01,2024-09,1542,South,Pro,Active,50.00,50.00,0,0,0.00,"Clean Transaction"
2024-09-01,2024-09,1543,East,Pro,Cancelled,50.00,50.00,0,0,0.00,"Clean Transaction"
2024-09-01,2024-09,1544,South,Pro,Cancelled,50.00,50.00,0,0,0.00,"Clean Transaction"
2024-09-01,2024-09,1545,North,Pro,Active,50.00,50.00,0,0,0.00,"Clean Transaction"
2024-09-01,2024-09,1546,West,Enterprise,Active,200.00,200.00,0,0,0.00,"Clean Transaction"
2024-09-01,2024-09,1548,West,Basic,Active,10.00,10.00,0,0,0.00,"Clean Transaction"
2024-09-01,2024-09,1549,South,Pro,Active,50.00,50.00,0,0,0.00,"Clean Transaction"
2024-09-01,2024-09,1550,East,Pro,Active,50.00,50.00,0,0,0.00,"Clean Transaction"
2024-09-01,2024-09,1551,North,Enterprise,Active,200.00,200.00,0,0,0.00,"Clean Transaction"
2024-09-01,2024-09,1552,West,Pro,Cancelled,50.00,50.00,0,0,0.00,"Clean Transaction"
2024-09-01,2024-09,1553,North,Pro,Active,50.00,50.00,0,0,0.00,"Clean Transaction"
2024-09-01,2024-09,1554,West,Basic,Active,10.00,10.00,0,0,0.00,"Clean Transaction"
2024-09-01,2024-09,1556,West,Basic,Active,10.00,10.00,0,0,0.00,"Clean Transaction"
2024-09-01,2024-09,1557,West,Basic,Active,10.00,10.00,0,0,0.00,"Clean Transaction"
2024-09-01,2024-09,1558,South,Enterprise,Active,200.00,200.00,0,0,0.00,"Clean Transaction"
2024-09-01,2024-09,1559,West,Basic,Active,10.00,10.00,0,0,0.00,"Clean Transaction"
2024-09-01,2024-09,1560,South,Enterprise,Active,200.00,200.00,0,0,0.00,"Clean Transaction"
2024-09-01,2024-09,1561,West,Enterprise,Active,200.00,200.00,0,0,0.00,"Clean Transaction"
2024-09-01,2024-09,1562,East,Basic,Active,10.00,10.00,0,0,0.00,"Clean Transaction"
2024-09-01,2024-09,1563,East,Enterprise,Active,200.00,200.00,0,0,0.00,"Clean Transaction"
2024-09-01,2024-09,1564,East,Pro,Active,50.00,50.00,0,0,0.00,"Clean Transaction"
2024-09-01,2024-09,1565,West,Basic,Active,10.00,10.00,0,0,0.00,"Clean Transaction"
2024-09-01,2024-09,1566,South,Enterprise,Active,200.00,200.00,0,0,0.00,"Clean Transaction"
2024-09-01,2024-09,1567,South,Basic,Active,10.00,10.00,0,0,0.00,"Clean Transaction"
2024-09-01,2024-09,1568,West,Pro,Active,50.00,50.00,0,0,0.00,"Clean Transaction"
2024-09-01,2024-09,1569,East,Pro,Active,50.00,50.00,0,0,0.00,"Clean Transaction"
2024-09-01,2024-09,1570,East,Pro,Active,50.00,50.00,0,0,0.00,"Clean Transaction"
2024-09-01,2024-09,1571,South,Basic,Active,10.00,10.00,0,0,0.00,"Clean Transaction"
2024-09-01,2024-09,1572,East,Enterprise,Active,200.00,200.00,0,0,0.00,"Clean Transaction"
2024-09-01,2024-09,1573,North,Basic,Active,10.00,10.00,0,0,0.00,"Clean Transaction"
2024-09-01,2024-09,1574,South,Basic,Active,10.00,0.00,1,0,10.00,"Unpaid Invoice"
2024-09-01,2024-09,1575,East,Pro,Active,50.00,50.00,0,0,0.00,"Clean Transaction"
2024-09-01,2024-09,1576,South,Pro,Active,50.00,50.00,0,0,0.00,"Clean Transaction"
2024-09-01,2024-09,1578,South,Basic,Active,10.00,10.00,0,0,0.00,"Clean Transaction"
2024-09-01,2024-09,1579,South,Basic,Active,10.00,10.00,0,0,0.00,"Clean Transaction"
2024-09-01,2024-09,1580,South,Basic,Active,10.00,10.00,0,0,0.00,"Clean Transaction"
2024-09-01,2024-09,1581,South,Pro,Active,50.00,50.00,0,0,0.00,"Clean Transaction"
2024-09-01,2024-09,1582,North,Pro,Active,50.00,50.00,0,0,0.00,"Clean Transaction"
2024-09-01,2024-09,1583,West,Enterprise,Cancelled,200.00,200.00,0,0,0.00,"Clean Transaction"
2024-09-01,2024-09,1585,South,Enterprise,Active,200.00,200.00,0,0,0.00,"Clean Transaction"
2024-09-01,2024-09,1586,East,Pro,Active,50.00,50.00,0,0,0.00,"Clean Transaction"
2024-09-01,2024-09,1587,South,Basic,Active,10.00,10.00,0,0,0.00,"Clean Transaction"
2024-09-01,2024-09,1588,East,Basic,Active,10.00,10.00,0,0,0.00,"Clean Transaction"
2024-09-01,2024-09,1589,West,Enterprise,Active,200.00,200.00,0,0,0.00,"Clean Transaction"
2024-09-01,2024-09,1590,North,Basic,Active,10.00,10.00,0,0,0.00,"Clean Transaction"
2024-09-01,2024-09,1591,North,Enterprise,Active,200.00,200.00,0,0,0.00,"Clean Transaction"
2024-09-01,2024-09,1592,West,Pro,Active,50.00,50.00,0,0,0.00,"Clean Transaction"
2024-09-01,2024-09,1593,North,Basic,Active,10.00,10.00,0,0,0.00,"Clean Transaction"
2024-09-01,2024-09,1594,West,Basic,Active,10.00,10.00,0,0,0.00,"Clean Transaction"
2024-09-01,2024-09,1595,West,Pro,Active,50.00,50.00,0,0,0.00,"Clean Transaction"
2024-09-01,2024-09,1596,West,Pro,Cancelled,50.00,50.00,0,0,0.00,"Clean Transaction"
2024-09-01,2024-09,1597,North,Pro,Active,50.00,50.00,0,0,0.00,"Clean Transaction"
2024-09-01,2024-09,1598,East,Enterprise,Active,200.00,200.00,0,0,0.00,"Clean Transaction"
2024-09-01,2024-09,1599,West,Basic,Active,10.00,10.00,0,0,0.00,"Clean Transaction"
2024-09-01,2024-09,1600,South,Basic,Active,10.00,10.00,0,0,0.00,"Clean Transaction"
2024-09-01,2024-09,1601,North,Pro,Active,50.00,50.00,0,0,0.00,"Clean Transaction"
2024-09-01,2024-09,1602,West,Basic,Active,10.00,10.00,0,0,0.00,"Clean Transaction"
2024-09-01,2024-09,1603,West,Pro,Cancelled,50.00,50.00,0,0,0.00,"Clean Transaction"
2024-09-01,2024-09,1604,South,Basic,Active,10.00,10.00,0,0,0.00,"Clean Transaction"
2024-09-01,2024-09,1607,East,Enterprise,Active,200.00,200.00,0,0,0.00,"Clean Transaction"
2024-09-01,2024-09,1608,West,Pro,Active,50.00,50.00,0,0,0.00,"Clean Transaction"
2024-09-01,2024-09,1609,West,Pro,Active,50.00,50.00,0,0,0.00,"Clean Transaction"
2024-09-01,2024-09,1610,West,Basic,Active,10.00,10.00,0,0,0.00,"Clean Transaction"
2024-09-01,2024-09,1612,South,Basic,Active,10.00,10.00,0,0,0.00,"Clean Transaction"
2024-09-01,2024-09,1613,West,Enterprise,Active,200.00,200.00,0,0,0.00,"Clean Transaction"
2024-09-01,2024-09,1615,South,Enterprise,Active,200.00,200.00,0,0,0.00,"Clean Transaction"
2024-09-01,2024-09,1616,East,Pro,Active,50.00,50.00,0,0,0.00,"Clean Transaction"
2024-09-01,2024-09,1617,North,Basic,Active,10.00,0.00,1,0,10.00,"Unpaid Invoice"
2024-09-01,2024-09,1618,West,Enterprise,Active,200.00,200.00,0,0,0.00,"Clean Transaction"
2024-09-01,2024-09,1619,East,Basic,Active,10.00,10.00,0,0,0.00,"Clean Transaction"
2024-09-01,2024-09,1620,East,Basic,Active,10.00,10.00,0,0,0.00,"Clean Transaction"
2024-09-01,2024-09,1623,East,Basic,Active,10.00,10.00,0,0,0.00,"Clean Transaction"
2024-09-01,2024-09,1624,South,Pro,Active,50.00,50.00,0,0,0.00,"Clean Transaction"
2024-09-01,2024-09,1626,South,Pro,Active,50.00,47.13,0,0,2.87,"Partial Payment"
2024-09-01,2024-09,1627,North,Pro,Active,50.00,0.00,1,0,50.00,"Unpaid Invoice"
2024-09-01,2024-09,1628,South,Basic,Active,10.00,10.00,0,0,0.00,"Clean Transaction"
2024-09-01,2024-09,1630,East,Enterprise,Active,200.00,200.00,0,0,0.00,"Clean Transaction"
2024-09-01,2024-09,1631,North,Pro,Active,50.00,50.00,0,0,0.00,"Clean Transaction"
2024-09-01,2024-09,1632,West,Basic,Cancelled,10.00,10.00,0,0,0.00,"Clean Transaction"
2024-09-01,2024-09,1633,North,Pro,Active,50.00,50.00,0,0,0.00,"Clean Transaction"
2024-09-01,2024-09,1634,North,Pro,Active,50.00,50.00,0,0,0.00,"Clean Transaction"
2024-09-01,2024-09,1635,South,Basic,Active,10.00,10.00,0,0,0.00,"Clean Transaction"
2024-09-01,2024-09,1636,South,Pro,Active,50.00,50.00,0,0,0.00,"Clean Transaction"
2024-09-01,2024-09,1637,North,Pro,Active,50.00,50.00,0,0,0.00,"Clean Transaction"
2024-09-01,2024-09,1638,East,Pro,Active,50.00,50.00,0,0,0.00,"Clean Transaction"
2024-09-01,2024-09,1639,South,Basic,Active,10.00,10.00,0,0,0.00,"Clean Transaction"
2024-09-01,2024-09,1640,West,Pro,Active,50.00,50.00,0,0,0.00,"Clean Transaction"
2024-09-01,2024-09,1641,South,Basic,Active,10.00,10.00,0,0,0.00,"Clean Transaction"
2024-09-01,2024-09,1642,South,Enterprise,Active,200.00,200.00,0,0,0.00,"Clean Transaction"
2024-09-01,2024-09,1643,West,Pro,Active,50.00,50.00,0,0,0.00,"Clean Transaction"
2024-09-01,2024-09,1644,North,Basic,Active,10.00,10.00,0,0,0.00,"Clean Transaction"
2024-09-01,2024-09,1645,West,Enterprise,Active,200.00,200.00,0,0,0.00,"Clean Transaction"
2024-09-01,2024-09,1646,North,Pro,Active,50.00,50.00,0,0,0.00,"Clean Transaction"
2024-09-01,2024-09,1647,North,Pro,Active,50.00,50.00,0,0,0.00,"Clean Transaction"
2024-09-01,2024-09,1648,North,Enterprise,Active,200.00,200.00,0,0,0.00,"Clean Transaction"
2024-09-01,2024-09,1649,West,Enterprise,Active,200.00,200.00,0,0,0.00,"Clean Transaction"
2024-09-01,2024-09,1650,North,Basic,Active,10.00,10.00,0,0,0.00,"Clean Transaction"
2024-09-01,2024-09,1651,East,Enterprise,Active,200.00,200.00,0,0,0.00,"Clean Transaction"
2024-09-01,2024-09,1652,West,Pro,Active,50.00,50.00,0,0,0.00,"Clean Transaction"
2024-09-01,2024-09,1654,North,Enterprise,Active,200.00,200.00,0,0,0.00,"Clean Transaction"
2024-09-01,2024-09,1655,South,Basic,Active,10.00,10.00,0,0,0.00,"Clean Transaction"
2024-09-01,2024-09,1656,North,Pro,Active,50.00,50.00,0,0,0.00,"Clean Transaction"
2024-09-01,2024-09,1657,East,Pro,Active,50.00,50.00,0,0,0.00,"Clean Transaction"
2024-09-01,2024-09,1658,East,Enterprise,Active,200.00,0.00,1,0,200.00,"Unpaid Invoice"
2024-09-01,2024-09,1661,West,Pro,Active,50.00,50.00,0,0,0.00,"Clean Transaction"
2024-09-01,2024-09,1662,East,Basic,Active,10.00,10.00,0,0,0.00,"Clean Transaction"
2024-09-01,2024-09,1663,North,Basic,Active,10.00,10.00,0,0,0.00,"Clean Transaction"
2024-09-01,2024-09,1664,South,Pro,Active,50.00,50.00,0,0,0.00,"Clean Transaction"
2024-09-01,2024-09,1665,North,Pro,Active,50.00,47.67,0,0,2.33,"Partial Payment"
2024-09-01,2024-09,1666,North,Enterprise,Active,200.00,200.00,0,0,0.00,"Clean Transaction"
2024-09-01,2024-09,1667,South,Enterprise,Active,200.00,200.00,0,0,0.00,"Clean Transaction"
2024-09-01,2024-09,1668,West,Basic,Active,10.00,10.00,0,0,0.00,"Clean Transaction"
2024-09-01,2024-09,1669,North,Pro,Active,50.00,50.00,0,0,0.00,"Clean Transaction"
2024-09-01,2024-09,1670,East,Enterprise,Active,200.00,200.00,0,0,0.00,"Clean Transaction"
2024-09-01,2024-09,1671,North,Pro,Active,50.00,50.00,0,0,0.00,"Clean Transaction"
2024-09-01,2024-09,1672,South,Enterprise,Active,200.00,196.57,0,0,3.43,"Partial Payment"
2024-09-01,2024-09,1673,South,Basic,Active,10.00,10.00,0,0,0.00,"Clean Transaction"
2024-09-01,2024-09,1674,South,Pro,Active,50.00,50.00,0,0,0.00,"Clean Transaction"
2024-09-01,2024-09,1675,West,Enterprise,Active,200.00,200.00,0,0,0.00,"Clean Transaction"
2024-09-01,2024-09,1676,North,Pro,Active,50.00,50.00,0,0,0.00,"Clean Transaction"
2024-09-01,2024-09,1677,West,Basic,Active,10.00,10.00,0,0,0.00,"Clean Transaction"
2024-09-01,2024-09,1678,West,Basic,Active,10.00,10.00,0,0,0.00,"Clean Transaction"
2024-09-01,2024-09,1679,South,Basic,Active,10.00,10.00,0,0,0.00,"Clean Transaction"
2024-09-01,2024-09,1680,South,Enterprise,Active,200.00,190.47,0,0,9.53,"Partial Payment"
2024-09-01,2024-09,1681,West,Pro,Active,50.00,50.00,0,0,0.00,"Clean Transaction"
2024-09-01,2024-09,1682,North,Basic,Active,10.00,10.00,0,0,0.00,"Clean Transaction"
2024-09-01,2024-09,1683,East,Enterprise,Active,200.00,200.00,0,0,0.00,"Clean Transaction"
2024-09-01,2024-09,1684,West,Basic,Active,10.00,10.00,0,0,0.00,"Clean Transaction"
2024-09-01,2024-09,1685,North,Pro,Active,50.00,50.00,0,0,0.00,"Clean Transaction"
2024-09-01,2024-09,1686,South,Basic,Active,10.00,10.00,0,0,0.00,"Clean Transaction"
2024-09-01,2024-09,1687,South,Enterprise,Active,200.00,200.00,0,0,0.00,"Clean Transaction"
2024-09-01,2024-09,1688,North,Basic,Active,10.00,10.00,0,0,0.00,"Clean Transaction"
2024-09-01,2024-09,1689,East,Basic,Active,10.00,10.00,0,0,0.00,"Clean Transaction"
2024-09-01,2024-09,1690,South,Enterprise,Active,200.00,200.00,0,0,0.00,"Clean Transaction"
2024-09-01,2024-09,1691,South,Basic,Active,10.00,10.00,0,0,0.00,"Clean Transaction"
2024-09-01,2024-09,1692,South,Basic,Cancelled,10.00,10.00,0,0,0.00,"Clean Transaction"
2024-09-01,2024-09,1693,North,Basic,Active,10.00,10.00,0,0,0.00,"Clean Transaction"
2024-09-01,2024-09,1694,West,Enterprise,Active,200.00,200.00,0,0,0.00,"Clean Transaction"
2024-09-01,2024-09,1695,South,Enterprise,Active,200.00,200.00,0,0,0.00,"Clean Transaction"
2024-09-01,2024-09,1696,West,Pro,Active,50.00,50.00,0,0,0.00,"Clean Transaction"
2024-09-01,2024-09,1697,East,Basic,Active,10.00,10.00,0,0,0.00,"Clean Transaction"
2024-09-01,2024-09,1698,South,Enterprise,Active,200.00,200.00,0,0,0.00,"Clean Transaction"
2024-09-01,2024-09,1699,South,Basic,Active,10.00,10.00,0,0,0.00,"Clean Transaction"
2024-09-01,2024-09,1701,South,Basic,Active,10.00,10.00,0,0,0.00,"Clean Transaction"
2024-09-01,2024-09,1702,West,Basic,Cancelled,10.00,10.00,0,0,0.00,"Clean Transaction"
2024-09-01,2024-09,1703,North,Basic,Active,10.00,10.00,0,0,0.00,"Clean Transaction"
2024-09-01,2024-09,1704,West,Enterprise,Active,200.00,200.00,0,0,0.00,"Clean Transaction"
2024-09-01,2024-09,1705,North,Basic,Active,10.00,10.00,0,0,0.00,"Clean Transaction"
2024-09-01,2024-09,1706,North,Enterprise,Active,200.00,200.00,0,0,0.00,"Clean Transaction"
2024-09-01,2024-09,1707,West,Pro,Active,50.00,50.00,0,0,0.00,"Clean Transaction"
2024-09-01,2024-09,1708,West,Enterprise,Active,200.00,200.00,0,0,0.00,"Clean Transaction"
2024-09-01,2024-09,1709,West,Pro,Active,50.00,50.00,0,0,0.00,"Clean Transaction"
2024-09-01,2024-09,1710,West,Pro,Active,50.00,50.00,0,0,0.00,"Clean Transaction"
2024-09-01,2024-09,1711,East,Enterprise,Active,200.00,200.00,0,0,0.00,"Clean Transaction"
2024-09-01,2024-09,1712,South,Pro,Active,50.00,50.00,0,0,0.00,"Clean Transaction"
2024-09-01,2024-09,1713,North,Pro,Active,50.00,50.00,0,0,0.00,"Clean Transaction"
2024-09-01,2024-09,1714,West,Pro,Active,50.00,50.00,0,0,0.00,"Clean Transaction"
2024-09-01,2024-09,1715,West,Basic,Active,10.00,10.00,0,0,0.00,"Clean Transaction"
2024-09-01,2024-09,1716,West,Pro,Active,50.00,50.00,0,0,0.00,"Clean Transaction"
2024-09-01,2024-09,1717,East,Basic,Active,10.00,10.00,0,0,0.00,"Clean Transaction"
2024-09-01,2024-09,1718,West,Pro,Active,50.00,50.00,0,0,0.00,"Clean Transaction"
2024-09-01,2024-09,1719,West,Pro,Active,50.00,50.00,0,0,0.00,"Clean Transaction"
2024-09-01,2024-09,1720,West,Basic,Active,10.00,10.00,0,0,0.00,"Clean Transaction"
2024-09-01,2024-09,1721,South,Basic,Active,10.00,10.00,0,0,0.00,"Clean Transaction"
2024-09-01,2024-09,1722,East,Pro,Active,50.00,50.00,0,0,0.00,"Clean Transaction"
2024-09-01,2024-09,1724,North,Pro,Active,50.00,50.00,0,0,0.00,"Clean Transaction"
2024-09-01,2024-09,1725,North,Pro,Active,50.00,50.00,0,0,0.00,"Clean Transaction"
2024-09-01,2024-09,1726,North,Pro,Active,50.00,50.00,0,0,0.00,"Clean Transaction"
2024-09-01,2024-09,1727,East,Basic,Active,10.00,10.00,0,0,0.00,"Clean Transaction"
2024-09-01,2024-09,1728,East,Basic,Active,10.00,10.00,0,0,0.00,"Clean Transaction"
2024-09-01,2024-09,1729,North,Basic,Active,10.00,10.00,0,0,0.00,"Clean Transaction"
2024-09-01,2024-09,1730,West,Enterprise,Active,200.00,200.00,0,0,0.00,"Clean Transaction"
2024-09-01,2024-09,1731,East,Basic,Active,10.00,10.00,0,0,0.00,"Clean Transaction"
2024-09-01,2024-09,1732,North,Basic,Active,10.00,9.84,0,0,0.16,"Partial Payment"
2024-09-01,2024-09,1733,North,Basic,Active,10.00,10.00,0,0,0.00,"Clean Transaction"
2024-09-01,2024-09,1734,West,Basic,Active,10.00,10.00,0,0,0.00,"Clean Transaction"
2024-09-01,2024-09,1735,South,Pro,Active,50.00,50.00,0,0,0.00,"Clean Transaction"
2024-09-01,2024-09,1737,West,Enterprise,Active,200.00,200.00,0,0,0.00,"Clean Transaction"
2024-09-01,2024-09,1738,North,Pro,Active,50.00,50.00,0,0,0.00,"Clean Transaction"
2024-09-01,2024-09,1739,North,Pro,Active,50.00,50.00,0,0,0.00,"Clean Transaction"
2024-09-01,2024-09,1740,West,Pro,Active,50.00,50.00,0,0,0.00,"Clean Transaction"
2024-09-01,2024-09,1741,East,Basic,Active,10.00,10.00,0,0,0.00,"Clean Transaction"
2024-09-01,2024-09,1743,South,Enterprise,Active,200.00,200.00,0,0,0.00,"Clean Transaction"
2024-09-01,2024-09,1744,North,Enterprise,Active,200.00,200.00,0,0,0.00,"Clean Transaction"
2024-09-01,2024-09,1745,East,Enterprise,Active,200.00,200.00,0,0,0.00,"Clean Transaction"
2024-09-01,2024-09,1746,South,Pro,Active,50.00,50.00,0,0,0.00,"Clean Transaction"
2024-09-01,2024-09,1747,East,Basic,Active,10.00,10.00,0,0,0.00,"Clean Transaction"
2024-09-01,2024-09,1748,East,Pro,Active,50.00,50.00,0,0,0.00,"Clean Transaction"
2024-09-01,2024-09,1749,North,Basic,Active,10.00,10.00,0,0,0.00,"Clean Transaction"
2024-09-01,2024-09,1750,South,Basic,Active,10.00,10.00,0,0,0.00,"Clean Transaction"
2024-09-01,2024-09,1751,West,Pro,Active,50.00,50.00,0,0,0.00,"Clean Transaction"
2024-09-01,2024-09,1752,North,Basic,Active,10.00,10.00,0,0,0.00,"Clean Transaction"
2024-09-01,2024-09,1753,South,Enterprise,Active,200.00,200.00,0,0,0.00,"Clean Transaction"
2024-09-01,2024-09,1754,South,Basic,Active,10.00,10.00,0,0,0.00,"Clean Transaction"
2024-09-01,2024-09,1755,South,Enterprise,Active,200.00,200.00,0,0,0.00,"Clean Transaction"
2024-09-01,2024-09,1756,South,Basic,Active,10.00,10.00,0,0,0.00,"Clean Transaction"
2024-09-01,2024-09,1757,South,Pro,Active,50.00,50.00,0,0,0.00,"Clean Transaction"
2024-09-01,2024-09,1758,East,Enterprise,Active,200.00,189.47,0,0,10.53,"Partial Payment"
2024-09-01,2024-09,1759,North,Enterprise,Active,200.00,200.00,0,0,0.00,"Clean Transaction"
2024-09-01,2024-09,1760,East,Pro,Cancelled,50.00,50.00,0,0,0.00,"Clean Transaction"
2024-09-01,2024-09,1761,West,Enterprise,Active,200.00,200.00,0,0,0.00,"Clean Transaction"
2024-09-01,2024-09,1762,South,Basic,Active,10.00,10.00,0,0,0.00,"Clean Transaction"
2024-09-01,2024-09,1763,North,Basic,Active,10.00,10.00,0,0,0.00,"Clean Transaction"
2024-09-01,2024-09,1764,South,Enterprise,Active,200.00,200.00,0,0,0.00,"Clean Transaction"
2024-09-01,2024-09,1765,North,Pro,Active,50.00,47.25,0,0,2.75,"Partial Payment"
2024-09-01,2024-09,1766,East,Enterprise,Active,200.00,200.00,0,0,0.00,"Clean Transaction"
2024-09-01,2024-09,1767,North,Basic,Active,10.00,10.00,0,0,0.00,"Clean Transaction"
2024-09-01,2024-09,1768,West,Pro,Active,50.00,50.00,0,0,0.00,"Clean Transaction"
2024-09-01,2024-09,1769,West,Pro,Active,50.00,50.00,0,0,0.00,"Clean Transaction"
2024-09-01,2024-09,1770,North,Basic,Active,10.00,0.00,1,0,10.00,"Unpaid Invoice"
2024-09-01,2024-09,1771,North,Enterprise,Active,200.00,200.00,0,0,0.00,"Clean Transaction"
2024-09-01,2024-09,1772,North,Pro,Active,50.00,50.00,0,0,0.00,"Clean Transaction"
2024-09-01,2024-09,1773,North,Enterprise,Active,200.00,200.00,0,0,0.00,"Clean Transaction"
2024-09-01,2024-09,1774,West,Enterprise,Active,200.00,200.00,0,0,0.00,"Clean Transaction"
2024-09-01,2024-09,1775,South,Enterprise,Active,200.00,200.00,0,0,0.00,"Clean Transaction"
2024-09-01,2024-09,1776,North,Basic,Active,10.00,10.00,0,0,0.00,"Clean Transaction"
2024-09-01,2024-09,1777,North,Pro,Active,50.00,50.00,0,0,0.00,"Clean Transaction"
2024-09-01,2024-09,1778,West,Enterprise,Active,200.00,200.00,0,0,0.00,"Clean Transaction"
2024-09-01,2024-09,1779,West,Basic,Active,10.00,10.00,0,0,0.00,"Clean Transaction"
2024-09-01,2024-09,1781,North,Basic,Active,10.00,10.00,0,0,0.00,"Clean Transaction"
2024-09-01,2024-09,1782,East,Basic,Active,10.00,10.00,0,0,0.00,"Clean Transaction"
2024-09-01,2024-09,1783,West,Pro,Active,50.00,50.00,0,0,0.00,"Clean Transaction"
2024-09-01,2024-09,1784,West,Enterprise,Active,200.00,200.00,0,0,0.00,"Clean Transaction"
2024-09-01,2024-09,1785,South,Pro,Active,50.00,50.00,0,0,0.00,"Clean Transaction"
2024-09-01,2024-09,1786,North,Enterprise,Active,200.00,196.05,0,0,3.95,"Partial Payment"
2024-09-01,2024-09,1787,East,Enterprise,Active,200.00,200.00,0,0,0.00,"Clean Transaction"
2024-09-01,2024-09,1788,West,Enterprise,Active,200.00,200.00,0,0,0.00,"Clean Transaction"
2024-09-01,2024-09,1789,West,Enterprise,Active,200.00,200.00,0,0,0.00,"Clean Transaction"
2024-09-01,2024-09,1790,East,Basic,Active,10.00,10.00,0,0,0.00,"Clean Transaction"
2024-09-01,2024-09,1791,South,Enterprise,Active,200.00,200.00,0,0,0.00,"Clean Transaction"
2024-09-01,2024-09,1792,West,Pro,Active,50.00,50.00,0,0,0.00,"Clean Transaction"
2024-09-01,2024-09,1793,North,Pro,Active,50.00,50.00,0,0,0.00,"Clean Transaction"
2024-09-01,2024-09,1794,West,Basic,Active,10.00,10.00,0,0,0.00,"Clean Transaction"
2024-09-01,2024-09,1795,North,Pro,Active,50.00,50.00,0,0,0.00,"Clean Transaction"
2024-09-01,2024-09,1796,East,Enterprise,Active,200.00,200.00,0,0,0.00,"Clean Transaction"
2024-09-01,2024-09,1797,North,Pro,Active,50.00,50.00,0,0,0.00,"Clean Transaction"
2024-09-01,2024-09,1798,East,Pro,Active,50.00,50.00,0,0,0.00,"Clean Transaction"
2024-09-01,2024-09,1799,North,Enterprise,Active,200.00,200.00,0,0,0.00,"Clean Transaction"
2024-09-01,2024-09,1802,South,Pro,Active,50.00,50.00,0,0,0.00,"Clean Transaction"
2024-09-01,2024-09,1803,North,Pro,Active,50.00,50.00,0,0,0.00,"Clean Transaction"
2024-09-01,2024-09,1804,North,Enterprise,Active,200.00,200.00,0,0,0.00,"Clean Transaction"
2024-09-01,2024-09,1805,South,Basic,Active,10.00,10.00,0,0,0.00,"Clean Transaction"
2024-09-01,2024-09,1806,West,Enterprise,Active,200.00,200.00,0,0,0.00,"Clean Transaction"
2024-09-01,2024-09,1807,West,Enterprise,Active,200.00,200.00,0,0,0.00,"Clean Transaction"
2024-09-01,2024-09,1808,North,Enterprise,Active,200.00,200.00,0,0,0.00,"Clean Transaction"
2024-09-01,2024-09,1809,South,Enterprise,Cancelled,200.00,200.00,0,0,0.00,"Clean Transaction"
2024-09-01,2024-09,1810,North,Enterprise,Active,200.00,200.00,0,0,0.00,"Clean Transaction"
2024-09-01,2024-09,1812,East,Pro,Active,50.00,50.00,0,0,0.00,"Clean Transaction"
2024-09-01,2024-09,1813,North,Pro,Active,50.00,50.00,0,0,0.00,"Clean Transaction"
2024-09-01,2024-09,1814,West,Pro,Active,50.00,50.00,0,0,0.00,"Clean Transaction"
2024-09-01,2024-09,1815,West,Pro,Active,50.00,50.00,0,0,0.00,"Clean Transaction"
2024-09-01,2024-09,1816,North,Pro,Active,50.00,50.00,0,0,0.00,"Clean Transaction"
2024-09-01,2024-09,1817,North,Enterprise,Active,200.00,0.00,1,0,200.00,"Unpaid Invoice"
2024-09-01,2024-09,1818,East,Pro,Active,50.00,50.00,0,0,0.00,"Clean Transaction"
2024-09-01,2024-09,1820,North,Basic,Active,10.00,10.00,0,0,0.00,"Clean Transaction"
2024-09-01,2024-09,1821,East,Basic,Active,10.00,10.00,0,0,0.00,"Clean Transaction"
2024-09-01,2024-09,1822,West,Basic,Active,10.00,10.00,0,0,0.00,"Clean Transaction"
2024-09-01,2024-09,1823,South,Enterprise,Active,200.00,200.00,0,0,0.00,"Clean Transaction"
2024-09-01,2024-09,1824,East,Pro,Active,50.00,47.39,0,0,2.61,"Partial Payment"
2024-09-01,2024-09,1825,West,Pro,Active,50.00,50.00,0,0,0.00,"Clean Transaction"
2024-09-01,2024-09,1826,West,Enterprise,Active,200.00,200.00,0,0,0.00,"Clean Transaction"
2024-09-01,2024-09,1827,East,Enterprise,Active,200.00,200.00,0,0,0.00,"Clean Transaction"
2024-09-01,2024-09,1828,South,Pro,Active,50.00,50.00,0,0,0.00,"Clean Transaction"
2024-09-01,2024-09,1829,East,Enterprise,Active,200.00,200.00,0,0,0.00,"Clean Transaction"
2024-09-01,2024-09,1830,West,Basic,Active,10.00,10.00,0,0,0.00,"Clean Transaction"
2024-09-01,2024-09,1831,North,Pro,Active,50.00,50.00,0,0,0.00,"Clean Transaction"
2024-09-01,2024-09,1832,North,Pro,Active,50.00,50.00,0,0,0.00,"Clean Transaction"
2024-09-01,2024-09,1833,East,Enterprise,Active,200.00,200.00,0,0,0.00,"Clean Transaction"
2024-09-01,2024-09,1834,West,Enterprise,Active,200.00,200.00,0,0,0.00,"Clean Transaction"
2024-09-01,2024-09,1835,North,Pro,Active,50.00,50.00,0,0,0.00,"Clean Transaction"
2024-09-01,2024-09,1836,West,Basic,Active,10.00,10.00,0,0,0.00,"Clean Transaction"
2024-09-01,2024-09,1837,East,Basic,Active,10.00,10.00,0,0,0.00,"Clean Transaction"
2024-09-01,2024-09,1838,North,Basic,Active,10.00,10.00,0,0,0.00,"Clean Transaction"
2024-09-01,2024-09,1839,West,Enterprise,Active,200.00,200.00,0,0,0.00,"Clean Transaction"
2024-09-01,2024-09,1840,North,Enterprise,Active,200.00,200.00,0,0,0.00,"Clean Transaction"
2024-09-01,2024-09,1841,East,Pro,Active,50.00,46.34,0,0,3.66,"Partial Payment"
2024-09-01,2024-09,1842,West,Pro,Active,50.00,50.00,0,0,0.00,"Clean Transaction"
2024-09-01,2024-09,1843,North,Pro,Active,50.00,46.93,0,0,3.07,"Partial Payment"
2024-09-01,2024-09,1844,East,Pro,Active,50.00,50.00,0,0,0.00,"Clean Transaction"
2024-09-01,2024-09,1845,North,Pro,Active,50.00,50.00,0,0,0.00,"Clean Transaction"
2024-09-01,2024-09,1846,North,Basic,Active,10.00,10.00,0,0,0.00,"Clean Transaction"
2024-09-01,2024-09,1847,South,Pro,Active,50.00,0.00,1,0,50.00,"Unpaid Invoice"
2024-09-01,2024-09,1848,South,Pro,Active,50.00,50.00,0,0,0.00,"Clean Transaction"
2024-09-01,2024-09,1849,East,Pro,Active,50.00,50.00,0,0,0.00,"Clean Transaction"
2024-09-01,2024-09,1851,East,Basic,Active,10.00,10.00,0,0,0.00,"Clean Transaction"
2024-09-01,2024-09,1852,South,Pro,Active,50.00,50.00,0,0,0.00,"Clean Transaction"
2024-09-01,2024-09,1853,North,Pro,Active,50.00,50.00,0,0,0.00,"Clean Transaction"
2024-09-01,2024-09,1854,East,Basic,Active,10.00,10.00,0,0,0.00,"Clean Transaction"
2024-09-01,2024-09,1855,East,Basic,Active,10.00,10.00,0,0,0.00,"Clean Transaction"
2024-09-01,2024-09,1856,North,Basic,Active,10.00,10.00,0,0,0.00,"Clean Transaction"
2024-09-01,2024-09,1857,East,Pro,Active,50.00,50.00,0,0,0.00,"Clean Transaction"
2024-09-01,2024-09,1858,East,Pro,Active,50.00,50.00,0,0,0.00,"Clean Transaction"
2024-09-01,2024-09,1859,South,Enterprise,Active,200.00,189.74,0,0,10.26,"Partial Payment"
2024-09-01,2024-09,1860,East,Enterprise,Active,200.00,200.00,0,0,0.00,"Clean Transaction"
2024-09-01,2024-09,1861,West,Enterprise,Active,200.00,200.00,0,0,0.00,"Clean Transaction"
2024-09-01,2024-09,1862,North,Enterprise,Active,200.00,194.22,0,0,5.78,"Partial Payment"
2024-09-01,2024-09,1863,South,Enterprise,Active,200.00,200.00,0,0,0.00,"Clean Transaction"
2024-09-01,2024-09,1864,South,Enterprise,Active,200.00,200.00,0,0,0.00,"Clean Transaction"
2024-09-01,2024-09,1865,West,Pro,Active,50.00,50.00,0,0,0.00,"Clean Transaction"
2024-09-01,2024-09,1866,North,Enterprise,Active,200.00,200.00,0,0,0.00,"Clean Transaction"
2024-09-01,2024-09,1867,North,Basic,Active,10.00,0.00,1,0,10.00,"Unpaid Invoice"
2024-09-01,2024-09,1868,South,Enterprise,Active,200.00,200.00,0,0,0.00,"Clean Transaction"
2024-09-01,2024-09,1869,East,Enterprise,Active,200.00,200.00,0,0,0.00,"Clean Transaction"
2024-09-01,2024-09,1870,South,Pro,Active,50.00,50.00,0,0,0.00,"Clean Transaction"
2024-09-01,2024-09,1871,North,Enterprise,Active,200.00,200.00,0,0,0.00,"Clean Transaction"
2024-09-01,2024-09,1872,West,Basic,Active,10.00,10.00,0,0,0.00,"Clean Transaction"
2024-09-01,2024-09,1873,South,Basic,Active,10.00,10.00,0,0,0.00,"Clean Transaction"
2024-09-01,2024-09,1874,North,Pro,Active,50.00,50.00,0,0,0.00,"Clean Transaction"
2024-09-01,2024-09,1875,South,Basic,Active,10.00,10.00,0,0,0.00,"Clean Transaction"
2024-09-01,2024-09,1876,East,Enterprise,Active,200.00,200.00,0,0,0.00,"Clean Transaction"
2024-09-01,2024-09,1877,South,Pro,Active,50.00,50.00,0,0,0.00,"Clean Transaction"
2024-09-01,2024-09,1878,South,Pro,Active,50.00,50.00,0,0,0.00,"Clean Transaction"
2024-09-01,2024-09,1879,North,Basic,Active,10.00,10.00,0,0,0.00,"Clean Transaction"
2024-09-01,2024-09,1881,North,Pro,Active,50.00,50.00,0,0,0.00,"Clean Transaction"
2024-09-01,2024-09,1882,South,Basic,Active,10.00,10.00,0,0,0.00,"Clean Transaction"
2024-09-01,2024-09,1884,West,Basic,Active,10.00,10.00,0,0,0.00,"Clean Transaction"
2024-09-01,2024-09,1885,West,Basic,Active,10.00,10.00,0,0,0.00,"Clean Transaction"
2024-09-01,2024-09,1886,North,Basic,Active,10.00,10.00,0,0,0.00,"Clean Transaction"
2024-09-01,2024-09,1887,North,Pro,Active,50.00,50.00,0,0,0.00,"Clean Transaction"
2024-09-01,2024-09,1888,South,Basic,Active,10.00,10.00,0,0,0.00,"Clean Transaction"
2024-09-01,2024-09,1889,West,Enterprise,Active,200.00,200.00,0,0,0.00,"Clean Transaction"
2024-09-01,2024-09,1890,North,Pro,Active,50.00,50.00,0,0,0.00,"Clean Transaction"
2024-09-01,2024-09,1892,East,Enterprise,Active,200.00,200.00,0,0,0.00,"Clean Transaction"
2024-09-01,2024-09,1893,North,Enterprise,Active,200.00,200.00,0,0,0.00,"Clean Transaction"
2024-09-01,2024-09,1894,North,Pro,Active,50.00,50.00,0,0,0.00,"Clean Transaction"
2024-09-01,2024-09,1896,West,Enterprise,Active,200.00,200.00,0,0,0.00,"Clean Transaction"
2024-09-01,2024-09,1897,South,Basic,Cancelled,10.00,10.00,0,0,0.00,"Clean Transaction"
2024-09-01,2024-09,1898,West,Pro,Active,50.00,50.00,0,0,0.00,"Clean Transaction"
2024-09-01,2024-09,1899,East,Enterprise,Active,200.00,200.00,0,0,0.00,"Clean Transaction"
2024-09-01,2024-09,1900,East,Pro,Active,50.00,47.87,0,0,2.13,"Partial Payment"
2024-09-01,2024-09,1901,North,Enterprise,Active,200.00,200.00,0,0,0.00,"Clean Transaction"
2024-09-01,2024-09,1902,West,Basic,Active,10.00,10.00,0,0,0.00,"Clean Transaction"
2024-09-01,2024-09,1903,South,Pro,Active,50.00,50.00,0,0,0.00,"Clean Transaction"
2024-09-01,2024-09,1904,East,Pro,Active,50.00,50.00,0,0,0.00,"Clean Transaction"
2024-09-01,2024-09,1905,East,Pro,Active,50.00,50.00,0,0,0.00,"Clean Transaction"
2024-09-01,2024-09,1906,South,Basic,Active,10.00,10.00,0,0,0.00,"Clean Transaction"
2024-09-01,2024-09,1907,South,Enterprise,Active,200.00,200.00,0,0,0.00,"Clean Transaction"
2024-09-01,2024-09,1908,East,Basic,Active,10.00,10.00,0,0,0.00,"Clean Transaction"
2024-09-01,2024-09,1909,East,Enterprise,Active,200.00,200.00,0,0,0.00,"Clean Transaction"
2024-09-01,2024-09,1910,South,Basic,Active,10.00,10.00,0,0,0.00,"Clean Transaction"
2024-09-01,2024-09,1911,East,Pro,Active,50.00,50.00,0,0,0.00,"Clean Transaction"
2024-09-01,2024-09,1912,North,Basic,Active,10.00,10.00,0,0,0.00,"Clean Transaction"
2024-09-01,2024-09,1914,South,Basic,Active,10.00,10.00,0,0,0.00,"Clean Transaction"
2024-09-01,2024-09,1916,South,Enterprise,Active,200.00,200.00,0,0,0.00,"Clean Transaction"
2024-09-01,2024-09,1917,South,Pro,Active,50.00,50.00,0,0,0.00,"Clean Transaction"
2024-09-01,2024-09,1918,West,Pro,Active,50.00,50.00,0,0,0.00,"Clean Transaction"
2024-09-01,2024-09,1919,West,Pro,Active,50.00,50.00,0,0,0.00,"Clean Transaction"
2024-09-01,2024-09,1920,West,Pro,Active,50.00,50.00,0,0,0.00,"Clean Transaction"
2024-09-01,2024-09,1921,North,Basic,Active,10.00,10.00,0,0,0.00,"Clean Transaction"
2024-09-01,2024-09,1922,East,Enterprise,Active,200.00,200.00,0,0,0.00,"Clean Transaction"
2024-09-01,2024-09,1923,North,Enterprise,Active,200.00,200.00,0,0,0.00,"Clean Transaction"
2024-09-01,2024-09,1924,East,Enterprise,Active,200.00,185.30,0,0,14.70,"Partial Payment"
2024-09-01,2024-09,1925,North,Basic,Active,10.00,10.00,0,0,0.00,"Clean Transaction"
2024-09-01,2024-09,1926,East,Enterprise,Active,200.00,200.00,0,0,0.00,"Clean Transaction"
2024-09-01,2024-09,1927,North,Enterprise,Active,200.00,200.00,0,0,0.00,"Clean Transaction"
2024-09-01,2024-09,1928,West,Enterprise,Active,200.00,200.00,0,0,0.00,"Clean Transaction"
2024-09-01,2024-09,1929,South,Pro,Active,50.00,50.00,0,0,0.00,"Clean Transaction"
2024-09-01,2024-09,1931,East,Basic,Active,10.00,10.00,0,0,0.00,"Clean Transaction"
2024-09-01,2024-09,1932,West,Pro,Active,50.00,50.00,0,0,0.00,"Clean Transaction"
2024-09-01,2024-09,1933,North,Pro,Active,50.00,50.00,0,0,0.00,"Clean Transaction"
2024-09-01,2024-09,1934,North,Enterprise,Active,200.00,200.00,0,0,0.00,"Clean Transaction"
2024-09-01,2024-09,1935,West,Enterprise,Active,200.00,200.00,0,0,0.00,"Clean Transaction"
2024-09-01,2024-09,1936,North,Pro,Active,50.00,50.00,0,0,0.00,"Clean Transaction"
2024-09-01,2024-09,1937,South,Basic,Active,10.00,10.00,0,0,0.00,"Clean Transaction"
2024-09-01,2024-09,1939,South,Pro,Active,50.00,50.00,0,0,0.00,"Clean Transaction"
2024-09-01,2024-09,1940,South,Enterprise,Active,200.00,200.00,0,0,0.00,"Clean Transaction"
2024-09-01,2024-09,1941,West,Basic,Active,10.00,10.00,0,0,0.00,"Clean Transaction"
2024-09-01,2024-09,1942,North,Basic,Active,10.00,10.00,0,0,0.00,"Clean Transaction"
2024-09-01,2024-09,1943,West,Pro,Active,50.00,50.00,0,0,0.00,"Clean Transaction"
2024-09-01,2024-09,1944,North,Enterprise,Active,200.00,200.00,0,0,0.00,"Clean Transaction"
2024-09-01,2024-09,1946,East,Enterprise,Active,200.00,200.00,0,0,0.00,"Clean Transaction"
2024-09-01,2024-09,1947,North,Enterprise,Active,200.00,200.00,0,0,0.00,"Clean Transaction"
2024-09-01,2024-09,1948,West,Basic,Active,10.00,10.00,0,0,0.00,"Clean Transaction"
2024-09-01,2024-09,1949,South,Basic,Active,10.00,10.00,0,0,0.00,"Clean Transaction"
2024-09-01,2024-09,1950,North,Pro,Active,50.00,50.00,0,0,0.00,"Clean Transaction"
2024-09-01,2024-09,1951,East,Pro,Active,50.00,50.00,0,0,0.00,"Clean Transaction"
2024-09-01,2024-09,1952,West,Basic,Active,10.00,10.00,0,0,0.00,"Clean Transaction"
2024-09-01,2024-09,1953,North,Pro,Active,50.00,50.00,0,0,0.00,"Clean Transaction"
2024-09-01,2024-09,1954,West,Enterprise,Active,200.00,200.00,0,0,0.00,"Clean Transaction"
2024-09-01,2024-09,1955,East,Pro,Active,50.00,50.00,0,0,0.00,"Clean Transaction"
2024-09-01,2024-09,1956,East,Enterprise,Active,200.00,200.00,0,0,0.00,"Clean Transaction"
2024-09-01,2024-09,1957,West,Pro,Active,50.00,50.00,0,0,0.00,"Clean Transaction"
2024-09-01,2024-09,1958,North,Pro,Active,50.00,50.00,0,0,0.00,"Clean Transaction"
2024-09-01,2024-09,1959,South,Enterprise,Active,200.00,200.00,0,0,0.00,"Clean Transaction"
2024-09-01,2024-09,1960,East,Basic,Active,10.00,10.00,0,0,0.00,"Clean Transaction"
2024-09-01,2024-09,1961,North,Enterprise,Active,200.00,200.00,0,0,0.00,"Clean Transaction"
2024-09-01,2024-09,1962,North,Basic,Active,10.00,10.00,0,0,0.00,"Clean Transaction"
2024-09-01,2024-09,1963,South,Enterprise,Cancelled,200.00,200.00,0,0,0.00,"Clean Transaction"
2024-09-01,2024-09,1964,East,Enterprise,Active,200.00,200.00,0,0,0.00,"Clean Transaction"
2024-09-01,2024-09,1965,East,Enterprise,Active,200.00,200.00,0,0,0.00,"Clean Transaction"
2024-09-01,2024-09,1966,North,Basic,Active,10.00,10.00,0,0,0.00,"Clean Transaction"
2024-09-01,2024-09,1967,North,Enterprise,Active,200.00,200.00,0,0,0.00,"Clean Transaction"
2024-09-01,2024-09,1968,South,Enterprise,Active,200.00,200.00,0,0,0.00,"Clean Transaction"
2024-09-01,2024-09,1969,South,Enterprise,Active,200.00,200.00,0,0,0.00,"Clean Transaction"
2024-09-01,2024-09,1970,East,Basic,Active,10.00,10.00,0,0,0.00,"Clean Transaction"
2024-09-01,2024-09,1971,West,Pro,Cancelled,50.00,50.00,0,0,0.00,"Clean Transaction"
2024-09-01,2024-09,1973,North,Basic,Active,10.00,0.00,1,0,10.00,"Unpaid Invoice"
2024-09-01,2024-09,1974,East,Enterprise,Active,200.00,200.00,0,0,0.00,"Clean Transaction"
2024-09-01,2024-09,1975,West,Pro,Active,50.00,50.00,0,0,0.00,"Clean Transaction"
2024-09-01,2024-09,1976,South,Basic,Active,10.00,10.00,0,0,0.00,"Clean Transaction"
2024-09-01,2024-09,1977,West,Pro,Active,50.00,50.00,0,0,0.00,"Clean Transaction"
2024-09-01,2024-09,1978,West,Enterprise,Active,200.00,200.00,0,0,0.00,"Clean Transaction"
2024-09-01,2024-09,1979,West,Enterprise,Active,200.00,200.00,0,0,0.00,"Clean Transaction"
2024-09-01,2024-09,1980,South,Enterprise,Active,200.00,200.00,0,0,0.00,"Clean Transaction"
2024-09-01,2024-09,1981,West,Basic,Active,10.00,10.00,0,0,0.00,"Clean Transaction"
2024-09-01,2024-09,1982,West,Basic,Active,10.00,10.00,0,0,0.00,"Clean Transaction"
2024-09-01,2024-09,1983,West,Pro,Cancelled,50.00,50.00,0,0,0.00,"Clean Transaction"
2024-09-01,2024-09,1985,West,Enterprise,Active,200.00,200.00,0,0,0.00,"Clean Transaction"
2024-09-01,2024-09,1986,South,Enterprise,Cancelled,200.00,200.00,0,0,0.00,"Clean Transaction"
2024-09-01,2024-09,1987,West,Basic,Active,10.00,10.00,0,0,0.00,"Clean Transaction"
2024-09-01,2024-09,1988,West,Enterprise,Active,200.00,200.00,0,0,0.00,"Clean Transaction"
2024-09-01,2024-09,1989,South,Basic,Active,10.00,10.00,0,0,0.00,"Clean Transaction"
2024-09-01,2024-09,1990,West,Enterprise,Active,200.00,200.00,0,0,0.00,"Clean Transaction"
2024-09-01,2024-09,1992,West,Basic,Active,10.00,10.00,0,0,0.00,"Clean Transaction"
2024-09-01,2024-09,1993,South,Pro,Active,50.00,50.00,0,0,0.00,"Clean Transaction"
2024-09-01,2024-09,1994,West,Basic,Active,10.00,10.00,0,0,0.00,"Clean Transaction"
2024-09-01,2024-09,1995,West,Basic,Active,10.00,10.00,0,0,0.00,"Clean Transaction"
2024-09-01,2024-09,1996,North,Basic,Active,10.00,10.00,0,0,0.00,"Clean Transaction"
2024-09-01,2024-09,1997,North,Basic,Active,10.00,10.00,0,0,0.00,"Clean Transaction"
2024-09-01,2024-09,1998,West,Basic,Active,10.00,10.00,0,0,0.00,"Clean Transaction"
2024-09-01,2024-09,1999,West,Pro,Active,50.00,50.00,0,0,0.00,"Clean Transaction"
2024-10-01,2024-10,1002,West,Basic,Active,10.00,10.00,0,0,0.00,"Clean Transaction"
2024-10-01,2024-10,1004,East,Basic,Active,10.00,10.00,0,0,0.00,"Clean Transaction"
2024-10-01,2024-10,1005,East,Pro,Cancelled,50.00,50.00,0,0,0.00,"Clean Transaction"
2024-10-01,2024-10,1007,North,Enterprise,Active,200.00,200.00,0,0,0.00,"Clean Transaction"
2024-10-01,2024-10,1008,North,Pro,Active,50.00,50.00,0,0,0.00,"Clean Transaction"
2024-10-01,2024-10,1009,East,Enterprise,Active,200.00,200.00,0,0,0.00,"Clean Transaction"
2024-10-01,2024-10,1010,South,Pro,Active,50.00,50.00,0,0,0.00,"Clean Transaction"
2024-10-01,2024-10,1011,East,Basic,Active,10.00,10.00,0,0,0.00,"Clean Transaction"
2024-10-01,2024-10,1013,East,Basic,Active,10.00,10.00,0,0,0.00,"Clean Transaction"
2024-10-01,2024-10,1014,East,Basic,Active,10.00,10.00,0,0,0.00,"Clean Transaction"
2024-10-01,2024-10,1015,West,Basic,Active,10.00,10.00,0,0,0.00,"Clean Transaction"
2024-10-01,2024-10,1016,North,Basic,Active,10.00,10.00,0,0,0.00,"Clean Transaction"
2024-10-01,2024-10,1017,West,Pro,Active,50.00,50.00,0,0,0.00,"Clean Transaction"
2024-10-01,2024-10,1018,West,Pro,Active,50.00,50.00,0,0,0.00,"Clean Transaction"
2024-10-01,2024-10,1019,West,Enterprise,Active,200.00,200.00,0,0,0.00,"Clean Transaction"
2024-10-01,2024-10,1020,East,Pro,Active,50.00,50.00,0,0,0.00,"Clean Transaction"
2024-10-01,2024-10,1021,South,Pro,Active,50.00,50.00,0,0,0.00,"Clean Transaction"
2024-10-01,2024-10,1022,North,Basic,Active,10.00,10.00,0,0,0.00,"Clean Transaction"
2024-10-01,2024-10,1023,South,Enterprise,Active,200.00,200.00,0,0,0.00,"Clean Transaction"
2024-10-01,2024-10,1024,West,Pro,Active,50.00,50.00,0,0,0.00,"Clean Transaction"
2024-10-01,2024-10,1025,West,Enterprise,Active,200.00,200.00,0,0,0.00,"Clean Transaction"
2024-10-01,2024-10,1026,South,Pro,Active,50.00,50.00,0,0,0.00,"Clean Transaction"
2024-10-01,2024-10,1027,South,Pro,Active,50.00,50.00,0,0,0.00,"Clean Transaction"
2024-10-01,2024-10,1028,South,Enterprise,Active,200.00,200.00,0,0,0.00,"Clean Transaction"
2024-10-01,2024-10,1029,West,Basic,Active,10.00,10.00,0,0,0.00,"Clean Transaction"
2024-10-01,2024-10,1030,West,Enterprise,Active,200.00,200.00,0,0,0.00,"Clean Transaction"
2024-10-01,2024-10,1031,North,Basic,Active,10.00,10.00,0,0,0.00,"Clean Transaction"
2024-10-01,2024-10,1032,North,Pro,Active,50.00,50.00,0,0,0.00,"Clean Transaction"
2024-10-01,2024-10,1034,South,Pro,Active,50.00,50.00,0,0,0.00,"Clean Transaction"
2024-10-01,2024-10,1035,South,Enterprise,Active,200.00,200.00,0,0,0.00,"Clean Transaction"
2024-10-01,2024-10,1036,North,Enterprise,Active,200.00,200.00,0,0,0.00,"Clean Transaction"
2024-10-01,2024-10,1037,West,Basic,Active,10.00,10.00,0,0,0.00,"Clean Transaction"
2024-10-01,2024-10,1038,North,Enterprise,Active,200.00,200.00,0,0,0.00,"Clean Transaction"
2024-10-01,2024-10,1039,North,Basic,Active,10.00,10.00,0,0,0.00,"Clean Transaction"
2024-10-01,2024-10,1040,East,Basic,Active,10.00,10.00,0,0,0.00,"Clean Transaction"
2024-10-01,2024-10,1041,East,Pro,Active,50.00,50.00,0,0,0.00,"Clean Transaction"
2024-10-01,2024-10,1043,South,Pro,Active,50.00,50.00,0,0,0.00,"Clean Transaction"
2024-10-01,2024-10,1044,West,Pro,Active,50.00,50.00,0,0,0.00,"Clean Transaction"
2024-10-01,2024-10,1048,East,Basic,Active,10.00,10.00,0,0,0.00,"Clean Transaction"
2024-10-01,2024-10,1049,South,Enterprise,Active,200.00,200.00,0,0,0.00,"Clean Transaction"
2024-10-01,2024-10,1050,South,Pro,Active,50.00,50.00,0,0,0.00,"Clean Transaction"
2024-10-01,2024-10,1051,East,Pro,Active,50.00,50.00,0,0,0.00,"Clean Transaction"
2024-10-01,2024-10,1053,East,Enterprise,Active,200.00,200.00,0,0,0.00,"Clean Transaction"
2024-10-01,2024-10,1054,West,Basic,Active,10.00,10.00,0,0,0.00,"Clean Transaction"
2024-10-01,2024-10,1055,East,Enterprise,Active,200.00,0.00,1,0,200.00,"Unpaid Invoice"
2024-10-01,2024-10,1056,West,Enterprise,Active,200.00,0.00,1,0,200.00,"Unpaid Invoice"
2024-10-01,2024-10,1057,West,Enterprise,Active,200.00,200.00,0,0,0.00,"Clean Transaction"
2024-10-01,2024-10,1058,North,Pro,Active,50.00,50.00,0,0,0.00,"Clean Transaction"
2024-10-01,2024-10,1059,East,Basic,Active,10.00,10.00,0,0,0.00,"Clean Transaction"
2024-10-01,2024-10,1060,North,Pro,Active,50.00,0.00,1,0,50.00,"Unpaid Invoice"
2024-10-01,2024-10,1061,East,Pro,Active,50.00,50.00,0,0,0.00,"Clean Transaction"
2024-10-01,2024-10,1062,East,Pro,Active,50.00,50.00,0,0,0.00,"Clean Transaction"
2024-10-01,2024-10,1063,North,Basic,Active,10.00,10.00,0,0,0.00,"Clean Transaction"
2024-10-01,2024-10,1064,North,Basic,Active,10.00,10.00,0,0,0.00,"Clean Transaction"
2024-10-01,2024-10,1065,East,Pro,Active,50.00,50.00,0,0,0.00,"Clean Transaction"
2024-10-01,2024-10,1066,South,Basic,Active,10.00,10.00,0,0,0.00,"Clean Transaction"
2024-10-01,2024-10,1067,West,Pro,Active,50.00,50.00,0,0,0.00,"Clean Transaction"
2024-10-01,2024-10,1068,North,Enterprise,Active,200.00,200.00,0,0,0.00,"Clean Transaction"
2024-10-01,2024-10,1069,West,Enterprise,Active,200.00,200.00,0,0,0.00,"Clean Transaction"
2024-10-01,2024-10,1070,South,Enterprise,Active,200.00,200.00,0,0,0.00,"Clean Transaction"
2024-10-01,2024-10,1071,South,Enterprise,Active,200.00,200.00,0,0,0.00,"Clean Transaction"
2024-10-01,2024-10,1073,North,Enterprise,Active,200.00,200.00,0,0,0.00,"Clean Transaction"
2024-10-01,2024-10,1075,North,Enterprise,Active,200.00,200.00,0,0,0.00,"Clean Transaction"
2024-10-01,2024-10,1076,South,Enterprise,Active,200.00,200.00,0,0,0.00,"Clean Transaction"
2024-10-01,2024-10,1077,West,Basic,Active,10.00,10.00,0,0,0.00,"Clean Transaction"
2024-10-01,2024-10,1078,West,Pro,Active,50.00,50.00,0,0,0.00,"Clean Transaction"
2024-10-01,2024-10,1079,East,Basic,Active,10.00,10.00,0,0,0.00,"Clean Transaction"
2024-10-01,2024-10,1080,West,Enterprise,Active,200.00,200.00,0,0,0.00,"Clean Transaction"
2024-10-01,2024-10,1081,East,Pro,Active,50.00,50.00,0,0,0.00,"Clean Transaction"
2024-10-01,2024-10,1082,West,Basic,Active,10.00,10.00,0,0,0.00,"Clean Transaction"
2024-10-01,2024-10,1085,East,Basic,Active,10.00,10.00,0,0,0.00,"Clean Transaction"
2024-10-01,2024-10,1086,East,Basic,Active,10.00,10.00,0,0,0.00,"Clean Transaction"
2024-10-01,2024-10,1087,South,Pro,Active,50.00,50.00,0,0,0.00,"Clean Transaction"
2024-10-01,2024-10,1088,North,Pro,Active,50.00,50.00,0,0,0.00,"Clean Transaction"
2024-10-01,2024-10,1089,West,Basic,Active,10.00,10.00,0,0,0.00,"Clean Transaction"
2024-10-01,2024-10,1090,South,Pro,Active,50.00,50.00,0,0,0.00,"Clean Transaction"
2024-10-01,2024-10,1091,West,Basic,Active,10.00,10.00,0,0,0.00,"Clean Transaction"
2024-10-01,2024-10,1092,West,Basic,Active,10.00,10.00,0,0,0.00,"Clean Transaction"
2024-10-01,2024-10,1093,South,Pro,Active,50.00,50.00,0,0,0.00,"Clean Transaction"
2024-10-01,2024-10,1094,South,Basic,Active,10.00,10.00,0,0,0.00,"Clean Transaction"
2024-10-01,2024-10,1095,South,Pro,Active,50.00,50.00,0,0,0.00,"Clean Transaction"
2024-10-01,2024-10,1096,South,Pro,Active,50.00,50.00,0,0,0.00,"Clean Transaction"
2024-10-01,2024-10,1097,South,Enterprise,Active,200.00,200.00,0,0,0.00,"Clean Transaction"
2024-10-01,2024-10,1098,West,Enterprise,Active,200.00,200.00,0,0,0.00,"Clean Transaction"
2024-10-01,2024-10,1099,South,Enterprise,Active,200.00,200.00,0,0,0.00,"Clean Transaction"
2024-10-01,2024-10,1100,North,Basic,Active,10.00,10.00,0,0,0.00,"Clean Transaction"
2024-10-01,2024-10,1101,East,Enterprise,Active,200.00,200.00,0,0,0.00,"Clean Transaction"
2024-10-01,2024-10,1102,South,Enterprise,Active,200.00,200.00,0,0,0.00,"Clean Transaction"
2024-10-01,2024-10,1103,South,Enterprise,Active,200.00,200.00,0,0,0.00,"Clean Transaction"
2024-10-01,2024-10,1104,West,Enterprise,Active,200.00,200.00,0,0,0.00,"Clean Transaction"
2024-10-01,2024-10,1105,South,Pro,Active,50.00,50.00,0,0,0.00,"Clean Transaction"
2024-10-01,2024-10,1106,South,Basic,Active,10.00,10.00,0,0,0.00,"Clean Transaction"
2024-10-01,2024-10,1107,South,Basic,Active,10.00,10.00,0,0,0.00,"Clean Transaction"
2024-10-01,2024-10,1108,West,Pro,Active,50.00,50.00,0,0,0.00,"Clean Transaction"
2024-10-01,2024-10,1109,South,Pro,Active,50.00,50.00,0,0,0.00,"Clean Transaction"
2024-10-01,2024-10,1110,East,Basic,Active,10.00,9.47,0,0,0.53,"Partial Payment"
2024-10-01,2024-10,1111,West,Enterprise,Active,200.00,200.00,0,0,0.00,"Clean Transaction"
2024-10-01,2024-10,1112,East,Enterprise,Active,200.00,200.00,0,0,0.00,"Clean Transaction"
2024-10-01,2024-10,1113,West,Basic,Active,10.00,10.00,0,0,0.00,"Clean Transaction"
2024-10-01,2024-10,1114,South,Basic,Active,10.00,10.00,0,0,0.00,"Clean Transaction"
2024-10-01,2024-10,1116,West,Enterprise,Active,200.00,200.00,0,0,0.00,"Clean Transaction"
2024-10-01,2024-10,1117,North,Pro,Active,50.00,50.00,0,0,0.00,"Clean Transaction"
2024-10-01,2024-10,1118,South,Enterprise,Active,200.00,200.00,0,0,0.00,"Clean Transaction"
2024-10-01,2024-10,1119,West,Pro,Active,50.00,50.00,0,0,0.00,"Clean Transaction"
2024-10-01,2024-10,1120,North,Pro,Active,50.00,50.00,0,0,0.00,"Clean Transaction"
2024-10-01,2024-10,1121,West,Enterprise,Active,200.00,200.00,0,0,0.00,"Clean Transaction"
2024-10-01,2024-10,1122,North,Basic,Active,10.00,10.00,0,0,0.00,"Clean Transaction"
2024-10-01,2024-10,1123,South,Enterprise,Active,200.00,200.00,0,0,0.00,"Clean Transaction"
2024-10-01,2024-10,1125,North,Pro,Active,50.00,50.00,0,0,0.00,"Clean Transaction"
2024-10-01,2024-10,1126,West,Basic,Active,10.00,10.00,0,0,0.00,"Clean Transaction"
2024-10-01,2024-10,1127,South,Pro,Active,50.00,50.00,0,0,0.00,"Clean Transaction"
2024-10-01,2024-10,1128,North,Enterprise,Active,200.00,200.00,0,0,0.00,"Clean Transaction"
2024-10-01,2024-10,1129,West,Basic,Active,10.00,10.00,0,0,0.00,"Clean Transaction"
2024-10-01,2024-10,1131,West,Pro,Active,50.00,50.00,0,0,0.00,"Clean Transaction"
2024-10-01,2024-10,1132,North,Pro,Active,50.00,50.00,0,0,0.00,"Clean Transaction"
2024-10-01,2024-10,1133,North,Enterprise,Active,200.00,200.00,0,0,0.00,"Clean Transaction"
2024-10-01,2024-10,1134,North,Enterprise,Active,200.00,200.00,0,0,0.00,"Clean Transaction"
2024-10-01,2024-10,1135,East,Enterprise,Active,200.00,183.99,0,0,16.01,"Partial Payment"
2024-10-01,2024-10,1136,North,Basic,Active,10.00,10.00,0,0,0.00,"Clean Transaction"
2024-10-01,2024-10,1137,North,Basic,Active,10.00,10.00,0,0,0.00,"Clean Transaction"
2024-10-01,2024-10,1138,North,Enterprise,Active,200.00,200.00,0,0,0.00,"Clean Transaction"
2024-10-01,2024-10,1139,East,Pro,Active,50.00,50.00,0,0,0.00,"Clean Transaction"
2024-10-01,2024-10,1140,North,Basic,Active,10.00,10.00,0,0,0.00,"Clean Transaction"
2024-10-01,2024-10,1141,West,Pro,Active,50.00,50.00,0,0,0.00,"Clean Transaction"
2024-10-01,2024-10,1143,West,Basic,Active,10.00,10.00,0,0,0.00,"Clean Transaction"
2024-10-01,2024-10,1144,West,Enterprise,Active,200.00,200.00,0,0,0.00,"Clean Transaction"
2024-10-01,2024-10,1145,West,Basic,Active,10.00,10.00,0,0,0.00,"Clean Transaction"
2024-10-01,2024-10,1146,East,Enterprise,Cancelled,200.00,200.00,0,0,0.00,"Clean Transaction"
2024-10-01,2024-10,1147,East,Enterprise,Active,200.00,200.00,0,0,0.00,"Clean Transaction"
2024-10-01,2024-10,1148,East,Pro,Active,50.00,50.00,0,0,0.00,"Clean Transaction"
2024-10-01,2024-10,1149,North,Pro,Active,50.00,50.00,0,0,0.00,"Clean Transaction"
2024-10-01,2024-10,1150,West,Basic,Active,10.00,0.00,1,0,10.00,"Unpaid Invoice"
2024-10-01,2024-10,1151,East,Pro,Active,50.00,50.00,0,0,0.00,"Clean Transaction"
2024-10-01,2024-10,1152,East,Pro,Active,50.00,50.00,0,0,0.00,"Clean Transaction"
2024-10-01,2024-10,1153,North,Enterprise,Active,200.00,200.00,0,0,0.00,"Clean Transaction"
2024-10-01,2024-10,1154,East,Enterprise,Active,200.00,200.00,0,0,0.00,"Clean Transaction"
2024-10-01,2024-10,1155,North,Basic,Active,10.00,10.00,0,0,0.00,"Clean Transaction"
2024-10-01,2024-10,1156,South,Pro,Active,50.00,50.00,0,0,0.00,"Clean Transaction"
2024-10-01,2024-10,1157,East,Enterprise,Active,200.00,200.00,0,0,0.00,"Clean Transaction"
2024-10-01,2024-10,1158,South,Pro,Active,50.00,50.00,0,0,0.00,"Clean Transaction"
2024-10-01,2024-10,1159,North,Pro,Active,50.00,50.00,0,0,0.00,"Clean Transaction"
2024-10-01,2024-10,1160,West,Basic,Active,10.00,10.00,0,0,0.00,"Clean Transaction"
2024-10-01,2024-10,1161,East,Enterprise,Active,200.00,200.00,0,0,0.00,"Clean Transaction"
2024-10-01,2024-10,1162,North,Basic,Active,10.00,10.00,0,0,0.00,"Clean Transaction"
2024-10-01,2024-10,1163,West,Basic,Active,10.00,10.00,0,0,0.00,"Clean Transaction"
2024-10-01,2024-10,1164,West,Pro,Active,50.00,50.00,0,0,0.00,"Clean Transaction"
2024-10-01,2024-10,1165,South,Basic,Active,10.00,10.00,0,0,0.00,"Clean Transaction"
2024-10-01,2024-10,1166,North,Pro,Active,50.00,50.00,0,0,0.00,"Clean Transaction"
2024-10-01,2024-10,1168,East,Pro,Active,50.00,50.00,0,0,0.00,"Clean Transaction"
2024-10-01,2024-10,1169,East,Pro,Active,50.00,50.00,0,0,0.00,"Clean Transaction"
2024-10-01,2024-10,1170,South,Pro,Active,50.00,50.00,0,0,0.00,"Clean Transaction"
2024-10-01,2024-10,1171,West,Pro,Active,50.00,50.00,0,0,0.00,"Clean Transaction"
2024-10-01,2024-10,1172,North,Pro,Active,50.00,50.00,0,0,0.00,"Clean Transaction"
2024-10-01,2024-10,1173,East,Basic,Active,10.00,10.00,0,0,0.00,"Clean Transaction"
2024-10-01,2024-10,1174,West,Basic,Active,10.00,10.00,0,0,0.00,"Clean Transaction"
2024-10-01,2024-10,1175,West,Pro,Active,50.00,50.00,0,0,0.00,"Clean Transaction"
2024-10-01,2024-10,1176,South,Pro,Active,50.00,50.00,0,0,0.00,"Clean Transaction"
2024-10-01,2024-10,1177,East,Pro,Active,50.00,50.00,0,0,0.00,"Clean Transaction"
2024-10-01,2024-10,1178,East,Basic,Active,10.00,10.00,0,0,0.00,"Clean Transaction"
2024-10-01,2024-10,1179,North,Pro,Active,50.00,50.00,0,0,0.00,"Clean Transaction"
2024-10-01,2024-10,1180,East,Basic,Active,10.00,10.00,0,0,0.00,"Clean Transaction"
2024-10-01,2024-10,1181,North,Basic,Active,10.00,10.00,0,0,0.00,"Clean Transaction"
2024-10-01,2024-10,1182,East,Basic,Active,10.00,10.00,0,0,0.00,"Clean Transaction"
2024-10-01,2024-10,1183,South,Pro,Active,50.00,50.00,0,0,0.00,"Clean Transaction"
2024-10-01,2024-10,1184,East,Basic,Active,10.00,10.00,0,0,0.00,"Clean Transaction"
2024-10-01,2024-10,1185,North,Basic,Active,10.00,10.00,0,0,0.00,"Clean Transaction"
2024-10-01,2024-10,1186,North,Pro,Active,50.00,50.00,0,0,0.00,"Clean Transaction"
2024-10-01,2024-10,1187,South,Pro,Active,50.00,50.00,0,0,0.00,"Clean Transaction"
2024-10-01,2024-10,1188,East,Basic,Active,10.00,10.00,0,0,0.00,"Clean Transaction"
2024-10-01,2024-10,1189,East,Basic,Active,10.00,10.00,0,0,0.00,"Clean Transaction"
2024-10-01,2024-10,1190,South,Enterprise,Active,200.00,200.00,0,0,0.00,"Clean Transaction"
2024-10-01,2024-10,1191,East,Enterprise,Active,200.00,200.00,0,0,0.00,"Clean Transaction"
2024-10-01,2024-10,1192,East,Enterprise,Active,200.00,200.00,0,0,0.00,"Clean Transaction"
2024-10-01,2024-10,1193,North,Pro,Active,50.00,50.00,0,0,0.00,"Clean Transaction"
2024-10-01,2024-10,1194,East,Pro,Active,50.00,50.00,0,0,0.00,"Clean Transaction"
2024-10-01,2024-10,1195,East,Enterprise,Active,200.00,200.00,0,0,0.00,"Clean Transaction"
2024-10-01,2024-10,1197,South,Basic,Active,10.00,10.00,0,0,0.00,"Clean Transaction"
2024-10-01,2024-10,1198,West,Basic,Active,10.00,10.00,0,0,0.00,"Clean Transaction"
2024-10-01,2024-10,1199,North,Pro,Active,50.00,50.00,0,0,0.00,"Clean Transaction"
2024-10-01,2024-10,1200,East,Enterprise,Active,200.00,200.00,0,0,0.00,"Clean Transaction"
2024-10-01,2024-10,1201,East,Enterprise,Active,200.00,200.00,0,0,0.00,"Clean Transaction"
2024-10-01,2024-10,1203,East,Basic,Cancelled,10.00,10.00,0,0,0.00,"Clean Transaction"
2024-10-01,2024-10,1204,North,Enterprise,Active,200.00,200.00,0,0,0.00,"Clean Transaction"
2024-10-01,2024-10,1205,West,Pro,Active,50.00,50.00,0,0,0.00,"Clean Transaction"
2024-10-01,2024-10,1206,North,Enterprise,Active,200.00,200.00,0,0,0.00,"Clean Transaction"
2024-10-01,2024-10,1207,West,Basic,Active,10.00,10.00,0,0,0.00,"Clean Transaction"
2024-10-01,2024-10,1208,West,Basic,Active,10.00,10.00,0,0,0.00,"Clean Transaction"
2024-10-01,2024-10,1209,South,Enterprise,Active,200.00,200.00,0,0,0.00,"Clean Transaction"
2024-10-01,2024-10,1210,North,Basic,Active,10.00,10.00,0,0,0.00,"Clean Transaction"
2024-10-01,2024-10,1211,East,Enterprise,Cancelled,200.00,200.00,0,0,0.00,"Clean Transaction"
2024-10-01,2024-10,1212,East,Basic,Active,10.00,10.00,0,0,0.00,"Clean Transaction"
2024-10-01,2024-10,1213,North,Pro,Active,50.00,50.00,0,0,0.00,"Clean Transaction"
2024-10-01,2024-10,1214,East,Basic,Active,10.00,10.00,0,0,0.00,"Clean Transaction"
2024-10-01,2024-10,1215,East,Enterprise,Active,200.00,200.00,0,0,0.00,"Clean Transaction"
2024-10-01,2024-10,1216,North,Pro,Active,50.00,50.00,0,0,0.00,"Clean Transaction"
2024-10-01,2024-10,1217,West,Pro,Active,50.00,50.00,0,0,0.00,"Clean Transaction"
2024-10-01,2024-10,1219,West,Enterprise,Active,200.00,200.00,0,0,0.00,"Clean Transaction"
2024-10-01,2024-10,1220,East,Pro,Active,50.00,50.00,0,0,0.00,"Clean Transaction"
2024-10-01,2024-10,1221,East,Pro,Active,50.00,50.00,0,0,0.00,"Clean Transaction"
2024-10-01,2024-10,1222,East,Enterprise,Active,200.00,200.00,0,0,0.00,"Clean Transaction"
2024-10-01,2024-10,1223,South,Basic,Active,10.00,10.00,0,0,0.00,"Clean Transaction"
2024-10-01,2024-10,1224,West,Basic,Active,10.00,10.00,0,0,0.00,"Clean Transaction"
2024-10-01,2024-10,1225,South,Pro,Active,50.00,50.00,0,0,0.00,"Clean Transaction"
2024-10-01,2024-10,1226,South,Pro,Active,50.00,50.00,0,0,0.00,"Clean Transaction"
2024-10-01,2024-10,1227,North,Basic,Cancelled,10.00,10.00,0,0,0.00,"Clean Transaction"
2024-10-01,2024-10,1228,South,Enterprise,Active,200.00,0.00,1,0,200.00,"Unpaid Invoice"
2024-10-01,2024-10,1231,South,Enterprise,Active,200.00,200.00,0,0,0.00,"Clean Transaction"
2024-10-01,2024-10,1232,West,Basic,Active,10.00,10.00,0,0,0.00,"Clean Transaction"
2024-10-01,2024-10,1233,West,Basic,Active,10.00,10.00,0,0,0.00,"Clean Transaction"
2024-10-01,2024-10,1234,West,Pro,Active,50.00,50.00,0,0,0.00,"Clean Transaction"
2024-10-01,2024-10,1235,West,Pro,Active,50.00,50.00,0,0,0.00,"Clean Transaction"
2024-10-01,2024-10,1237,South,Basic,Active,10.00,10.00,0,0,0.00,"Clean Transaction"
2024-10-01,2024-10,1238,South,Enterprise,Active,200.00,200.00,0,0,0.00,"Clean Transaction"
2024-10-01,2024-10,1239,East,Pro,Active,50.00,50.00,0,0,0.00,"Clean Transaction"
2024-10-01,2024-10,1240,West,Enterprise,Active,200.00,200.00,0,0,0.00,"Clean Transaction"
2024-10-01,2024-10,1241,South,Basic,Active,10.00,10.00,0,0,0.00,"Clean Transaction"
2024-10-01,2024-10,1243,West,Enterprise,Active,200.00,200.00,0,0,0.00,"Clean Transaction"
2024-10-01,2024-10,1244,North,Enterprise,Active,200.00,200.00,0,0,0.00,"Clean Transaction"
2024-10-01,2024-10,1245,East,Basic,Active,10.00,10.00,0,0,0.00,"Clean Transaction"
2024-10-01,2024-10,1246,South,Pro,Active,50.00,50.00,0,0,0.00,"Clean Transaction"
2024-10-01,2024-10,1248,North,Pro,Active,50.00,50.00,0,0,0.00,"Clean Transaction"
2024-10-01,2024-10,1249,North,Enterprise,Active,200.00,200.00,0,0,0.00,"Clean Transaction"
2024-10-01,2024-10,1250,East,Basic,Active,10.00,10.00,0,0,0.00,"Clean Transaction"
2024-10-01,2024-10,1251,South,Enterprise,Active,200.00,189.62,0,0,10.38,"Partial Payment"
2024-10-01,2024-10,1252,North,Basic,Active,10.00,10.00,0,0,0.00,"Clean Transaction"
2024-10-01,2024-10,1253,West,Basic,Active,10.00,10.00,0,0,0.00,"Clean Transaction"
2024-10-01,2024-10,1254,North,Enterprise,Active,200.00,200.00,0,0,0.00,"Clean Transaction"
2024-10-01,2024-10,1255,North,Basic,Active,10.00,10.00,0,0,0.00,"Clean Transaction"
2024-10-01,2024-10,1256,East,Pro,Active,50.00,50.00,0,0,0.00,"Clean Transaction"
2024-10-01,2024-10,1257,East,Basic,Active,10.00,10.00,0,0,0.00,"Clean Transaction"
2024-10-01,2024-10,1258,South,Pro,Active,50.00,50.00,0,0,0.00,"Clean Transaction"
2024-10-01,2024-10,1259,West,Enterprise,Active,200.00,200.00,0,0,0.00,"Clean Transaction"
2024-10-01,2024-10,1260,East,Pro,Active,50.00,50.00,0,0,0.00,"Clean Transaction"
2024-10-01,2024-10,1261,North,Basic,Active,10.00,10.00,0,0,0.00,"Clean Transaction"
2024-10-01,2024-10,1262,South,Pro,Cancelled,50.00,50.00,0,0,0.00,"Clean Transaction"
2024-10-01,2024-10,1263,North,Enterprise,Active,200.00,200.00,0,0,0.00,"Clean Transaction"
2024-10-01,2024-10,1264,North,Enterprise,Active,200.00,200.00,0,0,0.00,"Clean Transaction"
2024-10-01,2024-10,1265,East,Enterprise,Active,200.00,200.00,0,0,0.00,"Clean Transaction"
2024-10-01,2024-10,1266,South,Basic,Active,10.00,10.00,0,0,0.00,"Clean Transaction"
2024-10-01,2024-10,1267,West,Basic,Active,10.00,10.00,0,0,0.00,"Clean Transaction"
2024-10-01,2024-10,1268,West,Basic,Active,10.00,10.00,0,0,0.00,"Clean Transaction"
2024-10-01,2024-10,1269,East,Enterprise,Active,200.00,200.00,0,0,0.00,"Clean Transaction"
2024-10-01,2024-10,1270,East,Basic,Active,10.00,10.00,0,0,0.00,"Clean Transaction"
2024-10-01,2024-10,1271,South,Enterprise,Active,200.00,200.00,0,0,0.00,"Clean Transaction"
2024-10-01,2024-10,1272,West,Pro,Active,50.00,50.00,0,0,0.00,"Clean Transaction"
2024-10-01,2024-10,1273,West,Pro,Active,50.00,50.00,0,0,0.00,"Clean Transaction"
2024-10-01,2024-10,1274,West,Pro,Active,50.00,48.23,0,0,1.77,"Partial Payment"
2024-10-01,2024-10,1275,North,Enterprise,Active,200.00,200.00,0,0,0.00,"Clean Transaction"
2024-10-01,2024-10,1277,North,Enterprise,Active,200.00,200.00,0,0,0.00,"Clean Transaction"
2024-10-01,2024-10,1279,North,Pro,Active,50.00,50.00,0,0,0.00,"Clean Transaction"
2024-10-01,2024-10,1280,South,Enterprise,Active,200.00,200.00,0,0,0.00,"Clean Transaction"
2024-10-01,2024-10,1281,West,Pro,Active,50.00,50.00,0,0,0.00,"Clean Transaction"
2024-10-01,2024-10,1282,West,Pro,Active,50.00,48.83,0,0,1.17,"Partial Payment"
2024-10-01,2024-10,1283,South,Basic,Active,10.00,10.00,0,0,0.00,"Clean Transaction"
2024-10-01,2024-10,1286,East,Basic,Active,10.00,10.00,0,0,0.00,"Clean Transaction"
2024-10-01,2024-10,1287,North,Basic,Active,10.00,10.00,0,0,0.00,"Clean Transaction"
2024-10-01,2024-10,1289,North,Enterprise,Active,200.00,200.00,0,0,0.00,"Clean Transaction"
2024-10-01,2024-10,1291,North,Basic,Active,10.00,10.00,0,0,0.00,"Clean Transaction"
2024-10-01,2024-10,1292,East,Enterprise,Active,200.00,200.00,0,0,0.00,"Clean Transaction"
2024-10-01,2024-10,1293,North,Pro,Active,50.00,50.00,0,0,0.00,"Clean Transaction"
2024-10-01,2024-10,1294,South,Pro,Active,50.00,50.00,0,0,0.00,"Clean Transaction"
2024-10-01,2024-10,1295,South,Basic,Active,10.00,10.00,0,0,0.00,"Clean Transaction"
2024-10-01,2024-10,1296,West,Basic,Active,10.00,10.00,0,0,0.00,"Clean Transaction"
2024-10-01,2024-10,1297,South,Basic,Active,10.00,10.00,0,0,0.00,"Clean Transaction"
2024-10-01,2024-10,1298,East,Basic,Active,10.00,10.00,0,0,0.00,"Clean Transaction"
2024-10-01,2024-10,1299,North,Basic,Active,10.00,10.00,0,0,0.00,"Clean Transaction"
2024-10-01,2024-10,1300,West,Enterprise,Active,200.00,200.00,0,0,0.00,"Clean Transaction"
2024-10-01,2024-10,1301,North,Basic,Active,10.00,0.00,1,0,10.00,"Unpaid Invoice"
2024-10-01,2024-10,1302,North,Enterprise,Active,200.00,200.00,0,0,0.00,"Clean Transaction"
2024-10-01,2024-10,1303,East,Basic,Active,10.00,10.00,0,0,0.00,"Clean Transaction"
2024-10-01,2024-10,1305,South,Enterprise,Active,200.00,200.00,0,0,0.00,"Clean Transaction"
2024-10-01,2024-10,1306,North,Basic,Active,10.00,10.00,0,0,0.00,"Clean Transaction"
2024-10-01,2024-10,1307,West,Enterprise,Active,200.00,200.00,0,0,0.00,"Clean Transaction"
2024-10-01,2024-10,1308,South,Pro,Active,50.00,50.00,0,0,0.00,"Clean Transaction"
2024-10-01,2024-10,1309,West,Pro,Active,50.00,50.00,0,0,0.00,"Clean Transaction"
2024-10-01,2024-10,1310,South,Basic,Active,10.00,10.00,0,0,0.00,"Clean Transaction"
2024-10-01,2024-10,1311,West,Enterprise,Active,200.00,200.00,0,0,0.00,"Clean Transaction"
2024-10-01,2024-10,1312,East,Enterprise,Active,200.00,200.00,0,0,0.00,"Clean Transaction"
2024-10-01,2024-10,1313,West,Basic,Active,10.00,10.00,0,0,0.00,"Clean Transaction"
2024-10-01,2024-10,1314,East,Pro,Active,50.00,50.00,0,0,0.00,"Clean Transaction"
2024-10-01,2024-10,1315,East,Pro,Active,50.00,50.00,0,0,0.00,"Clean Transaction"
2024-10-01,2024-10,1316,West,Basic,Active,10.00,10.00,0,0,0.00,"Clean Transaction"
2024-10-01,2024-10,1317,East,Enterprise,Active,200.00,200.00,0,0,0.00,"Clean Transaction"
2024-10-01,2024-10,1318,North,Basic,Active,10.00,0.00,1,0,10.00,"Unpaid Invoice"
2024-10-01,2024-10,1319,East,Pro,Active,50.00,50.00,0,0,0.00,"Clean Transaction"
2024-10-01,2024-10,1320,South,Pro,Cancelled,50.00,50.00,0,0,0.00,"Clean Transaction"
2024-10-01,2024-10,1321,West,Pro,Active,50.00,50.00,0,0,0.00,"Clean Transaction"
2024-10-01,2024-10,1322,North,Pro,Active,50.00,50.00,0,0,0.00,"Clean Transaction"
2024-10-01,2024-10,1324,South,Enterprise,Active,200.00,200.00,0,0,0.00,"Clean Transaction"
2024-10-01,2024-10,1325,South,Pro,Active,50.00,50.00,0,0,0.00,"Clean Transaction"
2024-10-01,2024-10,1326,South,Enterprise,Active,200.00,200.00,0,0,0.00,"Clean Transaction"
2024-10-01,2024-10,1327,East,Enterprise,Active,200.00,200.00,0,0,0.00,"Clean Transaction"
2024-10-01,2024-10,1328,East,Pro,Active,50.00,50.00,0,0,0.00,"Clean Transaction"
2024-10-01,2024-10,1329,West,Enterprise,Active,200.00,200.00,0,0,0.00,"Clean Transaction"
2024-10-01,2024-10,1330,West,Pro,Active,50.00,50.00,0,0,0.00,"Clean Transaction"
2024-10-01,2024-10,1331,North,Pro,Active,50.00,50.00,0,0,0.00,"Clean Transaction"
2024-10-01,2024-10,1332,North,Enterprise,Active,200.00,200.00,0,0,0.00,"Clean Transaction"
2024-10-01,2024-10,1334,East,Enterprise,Active,200.00,200.00,0,0,0.00,"Clean Transaction"
2024-10-01,2024-10,1337,North,Basic,Active,10.00,10.00,0,0,0.00,"Clean Transaction"
2024-10-01,2024-10,1338,East,Enterprise,Active,200.00,200.00,0,0,0.00,"Clean Transaction"
2024-10-01,2024-10,1339,West,Basic,Active,10.00,10.00,0,0,0.00,"Clean Transaction"
2024-10-01,2024-10,1340,West,Enterprise,Active,200.00,200.00,0,0,0.00,"Clean Transaction"
2024-10-01,2024-10,1342,West,Basic,Active,10.00,10.00,0,0,0.00,"Clean Transaction"
2024-10-01,2024-10,1343,East,Pro,Active,50.00,50.00,0,0,0.00,"Clean Transaction"
2024-10-01,2024-10,1344,South,Pro,Active,50.00,50.00,0,0,0.00,"Clean Transaction"
2024-10-01,2024-10,1345,East,Basic,Active,10.00,10.00,0,0,0.00,"Clean Transaction"
2024-10-01,2024-10,1346,East,Basic,Active,10.00,10.00,0,0,0.00,"Clean Transaction"
2024-10-01,2024-10,1347,East,Pro,Active,50.00,50.00,0,0,0.00,"Clean Transaction"
2024-10-01,2024-10,1348,West,Pro,Active,50.00,50.00,0,0,0.00,"Clean Transaction"
2024-10-01,2024-10,1349,West,Basic,Active,10.00,9.10,0,0,0.90,"Partial Payment"
2024-10-01,2024-10,1351,West,Pro,Active,50.00,50.00,0,0,0.00,"Clean Transaction"
2024-10-01,2024-10,1352,North,Enterprise,Active,200.00,200.00,0,0,0.00,"Clean Transaction"
2024-10-01,2024-10,1353,North,Enterprise,Active,200.00,200.00,0,0,0.00,"Clean Transaction"
2024-10-01,2024-10,1354,West,Basic,Active,10.00,10.00,0,0,0.00,"Clean Transaction"
2024-10-01,2024-10,1355,West,Pro,Active,50.00,50.00,0,0,0.00,"Clean Transaction"
2024-10-01,2024-10,1356,East,Pro,Active,50.00,50.00,0,0,0.00,"Clean Transaction"
2024-10-01,2024-10,1357,South,Basic,Active,10.00,10.00,0,0,0.00,"Clean Transaction"
2024-10-01,2024-10,1358,West,Basic,Active,10.00,10.00,0,0,0.00,"Clean Transaction"
2024-10-01,2024-10,1359,North,Enterprise,Active,200.00,200.00,0,0,0.00,"Clean Transaction"
2024-10-01,2024-10,1360,East,Pro,Active,50.00,50.00,0,0,0.00,"Clean Transaction"
2024-10-01,2024-10,1361,West,Basic,Active,10.00,10.00,0,0,0.00,"Clean Transaction"
2024-10-01,2024-10,1362,North,Basic,Active,10.00,10.00,0,0,0.00,"Clean Transaction"
2024-10-01,2024-10,1363,North,Basic,Active,10.00,10.00,0,0,0.00,"Clean Transaction"
2024-10-01,2024-10,1364,South,Pro,Active,50.00,50.00,0,0,0.00,"Clean Transaction"
2024-10-01,2024-10,1365,East,Pro,Active,50.00,50.00,0,0,0.00,"Clean Transaction"
2024-10-01,2024-10,1366,East,Pro,Active,50.00,50.00,0,0,0.00,"Clean Transaction"
2024-10-01,2024-10,1367,South,Enterprise,Active,200.00,200.00,0,0,0.00,"Clean Transaction"
2024-10-01,2024-10,1368,South,Pro,Active,50.00,50.00,0,0,0.00,"Clean Transaction"
2024-10-01,2024-10,1370,East,Basic,Active,10.00,10.00,0,0,0.00,"Clean Transaction"
2024-10-01,2024-10,1371,West,Enterprise,Active,200.00,200.00,0,0,0.00,"Clean Transaction"
2024-10-01,2024-10,1372,West,Pro,Active,50.00,50.00,0,0,0.00,"Clean Transaction"
2024-10-01,2024-10,1373,South,Pro,Cancelled,50.00,50.00,0,0,0.00,"Clean Transaction"
2024-10-01,2024-10,1374,West,Pro,Active,50.00,50.00,0,0,0.00,"Clean Transaction"
2024-10-01,2024-10,1375,North,Basic,Active,10.00,10.00,0,0,0.00,"Clean Transaction"
2024-10-01,2024-10,1376,West,Pro,Active,50.00,50.00,0,0,0.00,"Clean Transaction"
2024-10-01,2024-10,1377,West,Basic,Active,10.00,10.00,0,0,0.00,"Clean Transaction"
2024-10-01,2024-10,1378,North,Enterprise,Active,200.00,200.00,0,0,0.00,"Clean Transaction"
2024-10-01,2024-10,1379,South,Pro,Active,50.00,50.00,0,0,0.00,"Clean Transaction"
2024-10-01,2024-10,1380,North,Enterprise,Active,200.00,200.00,0,0,0.00,"Clean Transaction"
2024-10-01,2024-10,1381,West,Pro,Active,50.00,50.00,0,0,0.00,"Clean Transaction"
2024-10-01,2024-10,1382,South,Pro,Cancelled,50.00,50.00,0,0,0.00,"Clean Transaction"
2024-10-01,2024-10,1383,West,Basic,Active,10.00,10.00,0,0,0.00,"Clean Transaction"
2024-10-01,2024-10,1384,North,Basic,Active,10.00,10.00,0,0,0.00,"Clean Transaction"
2024-10-01,2024-10,1385,North,Enterprise,Active,200.00,200.00,0,0,0.00,"Clean Transaction"
2024-10-01,2024-10,1386,West,Basic,Active,10.00,10.00,0,0,0.00,"Clean Transaction"
2024-10-01,2024-10,1387,East,Enterprise,Active,200.00,200.00,0,0,0.00,"Clean Transaction"
2024-10-01,2024-10,1388,East,Basic,Active,10.00,10.00,0,0,0.00,"Clean Transaction"
2024-10-01,2024-10,1389,North,Basic,Active,10.00,10.00,0,0,0.00,"Clean Transaction"
2024-10-01,2024-10,1390,North,Basic,Active,10.00,10.00,0,0,0.00,"Clean Transaction"
2024-10-01,2024-10,1391,East,Pro,Active,50.00,50.00,0,0,0.00,"Clean Transaction"
2024-10-01,2024-10,1392,East,Basic,Active,10.00,10.00,0,0,0.00,"Clean Transaction"
2024-10-01,2024-10,1393,West,Pro,Active,50.00,50.00,0,0,0.00,"Clean Transaction"
2024-10-01,2024-10,1394,West,Basic,Active,10.00,10.00,0,0,0.00,"Clean Transaction"
2024-10-01,2024-10,1395,East,Basic,Active,10.00,10.00,0,0,0.00,"Clean Transaction"
2024-10-01,2024-10,1396,West,Enterprise,Active,200.00,200.00,0,0,0.00,"Clean Transaction"
2024-10-01,2024-10,1397,West,Pro,Active,50.00,50.00,0,0,0.00,"Clean Transaction"
2024-10-01,2024-10,1398,South,Enterprise,Active,200.00,200.00,0,0,0.00,"Clean Transaction"
2024-10-01,2024-10,1399,West,Basic,Active,10.00,10.00,0,0,0.00,"Clean Transaction"
2024-10-01,2024-10,1400,North,Enterprise,Active,200.00,200.00,0,0,0.00,"Clean Transaction"
2024-10-01,2024-10,1401,West,Pro,Active,50.00,50.00,0,0,0.00,"Clean Transaction"
2024-10-01,2024-10,1403,East,Enterprise,Active,200.00,200.00,0,0,0.00,"Clean Transaction"
2024-10-01,2024-10,1404,North,Basic,Active,10.00,10.00,0,0,0.00,"Clean Transaction"
2024-10-01,2024-10,1405,West,Pro,Active,50.00,50.00,0,0,0.00,"Clean Transaction"
2024-10-01,2024-10,1406,West,Pro,Active,50.00,50.00,0,0,0.00,"Clean Transaction"
2024-10-01,2024-10,1407,South,Pro,Active,50.00,50.00,0,0,0.00,"Clean Transaction"
2024-10-01,2024-10,1408,West,Basic,Active,10.00,10.00,0,0,0.00,"Clean Transaction"
2024-10-01,2024-10,1409,West,Basic,Active,10.00,10.00,0,0,0.00,"Clean Transaction"
2024-10-01,2024-10,1410,South,Enterprise,Active,200.00,200.00,0,0,0.00,"Clean Transaction"
2024-10-01,2024-10,1411,East,Pro,Active,50.00,50.00,0,0,0.00,"Clean Transaction"
2024-10-01,2024-10,1412,West,Enterprise,Active,200.00,200.00,0,0,0.00,"Clean Transaction"
2024-10-01,2024-10,1413,South,Enterprise,Active,200.00,200.00,0,0,0.00,"Clean Transaction"
2024-10-01,2024-10,1414,North,Enterprise,Active,200.00,200.00,0,0,0.00,"Clean Transaction"
2024-10-01,2024-10,1415,East,Basic,Cancelled,10.00,10.00,0,0,0.00,"Clean Transaction"
2024-10-01,2024-10,1416,North,Pro,Active,50.00,50.00,0,0,0.00,"Clean Transaction"
2024-10-01,2024-10,1417,North,Enterprise,Active,200.00,200.00,0,0,0.00,"Clean Transaction"
2024-10-01,2024-10,1418,South,Enterprise,Active,200.00,200.00,0,0,0.00,"Clean Transaction"
2024-10-01,2024-10,1419,West,Pro,Active,50.00,50.00,0,0,0.00,"Clean Transaction"
2024-10-01,2024-10,1420,South,Basic,Active,10.00,10.00,0,0,0.00,"Clean Transaction"
2024-10-01,2024-10,1421,South,Pro,Active,50.00,50.00,0,0,0.00,"Clean Transaction"
2024-10-01,2024-10,1422,South,Pro,Active,50.00,50.00,0,0,0.00,"Clean Transaction"
2024-10-01,2024-10,1423,South,Enterprise,Active,200.00,200.00,0,0,0.00,"Clean Transaction"
2024-10-01,2024-10,1424,East,Basic,Active,10.00,10.00,0,0,0.00,"Clean Transaction"
2024-10-01,2024-10,1425,West,Pro,Active,50.00,50.00,0,0,0.00,"Clean Transaction"
2024-10-01,2024-10,1426,North,Basic,Active,10.00,10.00,0,0,0.00,"Clean Transaction"
2024-10-01,2024-10,1427,North,Basic,Active,10.00,10.00,0,0,0.00,"Clean Transaction"
2024-10-01,2024-10,1428,West,Basic,Active,10.00,10.00,0,0,0.00,"Clean Transaction"
2024-10-01,2024-10,1429,North,Pro,Active,50.00,50.00,0,0,0.00,"Clean Transaction"
2024-10-01,2024-10,1430,West,Pro,Active,50.00,50.00,0,0,0.00,"Clean Transaction"
2024-10-01,2024-10,1431,North,Basic,Active,10.00,10.00,0,0,0.00,"Clean Transaction"
2024-10-01,2024-10,1432,South,Pro,Active,50.00,50.00,0,0,0.00,"Clean Transaction"
2024-10-01,2024-10,1433,North,Enterprise,Active,200.00,200.00,0,0,0.00,"Clean Transaction"
2024-10-01,2024-10,1434,West,Enterprise,Active,200.00,200.00,0,0,0.00,"Clean Transaction"
2024-10-01,2024-10,1435,West,Enterprise,Active,200.00,200.00,0,0,0.00,"Clean Transaction"
2024-10-01,2024-10,1436,West,Basic,Active,10.00,10.00,0,0,0.00,"Clean Transaction"
2024-10-01,2024-10,1437,West,Basic,Active,10.00,10.00,0,0,0.00,"Clean Transaction"
2024-10-01,2024-10,1438,West,Pro,Active,50.00,50.00,0,0,0.00,"Clean Transaction"
2024-10-01,2024-10,1439,East,Enterprise,Active,200.00,200.00,0,0,0.00,"Clean Transaction"
2024-10-01,2024-10,1440,East,Pro,Active,50.00,50.00,0,0,0.00,"Clean Transaction"
2024-10-01,2024-10,1441,North,Basic,Active,10.00,10.00,0,0,0.00,"Clean Transaction"
2024-10-01,2024-10,1442,West,Enterprise,Active,200.00,200.00,0,0,0.00,"Clean Transaction"
2024-10-01,2024-10,1443,North,Enterprise,Active,200.00,200.00,0,0,0.00,"Clean Transaction"
2024-10-01,2024-10,1444,West,Enterprise,Active,200.00,200.00,0,0,0.00,"Clean Transaction"
2024-10-01,2024-10,1445,West,Pro,Active,50.00,50.00,0,0,0.00,"Clean Transaction"
2024-10-01,2024-10,1446,East,Pro,Active,50.00,50.00,0,0,0.00,"Clean Transaction"
2024-10-01,2024-10,1447,East,Basic,Active,10.00,10.00,0,0,0.00,"Clean Transaction"
2024-10-01,2024-10,1449,East,Enterprise,Active,200.00,200.00,0,0,0.00,"Clean Transaction"
2024-10-01,2024-10,1450,South,Basic,Active,10.00,10.00,0,0,0.00,"Clean Transaction"
2024-10-01,2024-10,1451,South,Basic,Active,10.00,10.00,0,0,0.00,"Clean Transaction"
2024-10-01,2024-10,1452,South,Basic,Active,10.00,9.31,0,0,0.69,"Partial Payment"
2024-10-01,2024-10,1453,South,Enterprise,Active,200.00,200.00,0,0,0.00,"Clean Transaction"
2024-10-01,2024-10,1454,South,Pro,Active,50.00,50.00,0,0,0.00,"Clean Transaction"
2024-10-01,2024-10,1455,North,Pro,Active,50.00,50.00,0,0,0.00,"Clean Transaction"
2024-10-01,2024-10,1456,East,Pro,Active,50.00,50.00,0,0,0.00,"Clean Transaction"
2024-10-01,2024-10,1457,South,Pro,Active,50.00,50.00,0,0,0.00,"Clean Transaction"
2024-10-01,2024-10,1458,West,Basic,Active,10.00,10.00,0,0,0.00,"Clean Transaction"
2024-10-01,2024-10,1459,East,Basic,Active,10.00,10.00,0,0,0.00,"Clean Transaction"
2024-10-01,2024-10,1460,East,Pro,Active,50.00,50.00,0,0,0.00,"Clean Transaction"
2024-10-01,2024-10,1461,South,Basic,Active,10.00,10.00,0,0,0.00,"Clean Transaction"
2024-10-01,2024-10,1462,North,Enterprise,Active,200.00,0.00,1,0,200.00,"Unpaid Invoice"
2024-10-01,2024-10,1463,South,Enterprise,Active,200.00,200.00,0,0,0.00,"Clean Transaction"
2024-10-01,2024-10,1464,North,Pro,Active,50.00,0.00,1,0,50.00,"Unpaid Invoice"
2024-10-01,2024-10,1465,West,Basic,Active,10.00,10.00,0,0,0.00,"Clean Transaction"
2024-10-01,2024-10,1466,East,Pro,Active,50.00,50.00,0,0,0.00,"Clean Transaction"
2024-10-01,2024-10,1468,North,Pro,Active,50.00,48.07,0,0,1.93,"Partial Payment"
2024-10-01,2024-10,1470,West,Pro,Active,50.00,50.00,0,0,0.00,"Clean Transaction"
2024-10-01,2024-10,1471,North,Pro,Active,50.00,50.00,0,0,0.00,"Clean Transaction"
2024-10-01,2024-10,1472,West,Pro,Active,50.00,50.00,0,0,0.00,"Clean Transaction"
2024-10-01,2024-10,1473,East,Pro,Active,50.00,0.00,1,0,50.00,"Unpaid Invoice"
2024-10-01,2024-10,1474,West,Basic,Active,10.00,10.00,0,0,0.00,"Clean Transaction"
2024-10-01,2024-10,1475,East,Enterprise,Active,200.00,200.00,0,0,0.00,"Clean Transaction"
2024-10-01,2024-10,1476,West,Pro,Active,50.00,50.00,0,0,0.00,"Clean Transaction"
2024-10-01,2024-10,1477,North,Pro,Active,50.00,50.00,0,0,0.00,"Clean Transaction"
2024-10-01,2024-10,1478,West,Enterprise,Active,200.00,200.00,0,0,0.00,"Clean Transaction"
2024-10-01,2024-10,1479,North,Basic,Active,10.00,0.00,1,0,10.00,"Unpaid Invoice"
2024-10-01,2024-10,1480,West,Pro,Active,50.00,50.00,0,0,0.00,"Clean Transaction"
2024-10-01,2024-10,1481,West,Pro,Active,50.00,50.00,0,0,0.00,"Clean Transaction"
2024-10-01,2024-10,1482,South,Basic,Active,10.00,10.00,0,0,0.00,"Clean Transaction"
2024-10-01,2024-10,1483,North,Enterprise,Active,200.00,200.00,0,0,0.00,"Clean Transaction"
2024-10-01,2024-10,1484,South,Pro,Active,50.00,50.00,0,0,0.00,"Clean Transaction"
2024-10-01,2024-10,1485,North,Enterprise,Active,200.00,200.00,0,0,0.00,"Clean Transaction"
2024-10-01,2024-10,1486,South,Pro,Active,50.00,50.00,0,0,0.00,"Clean Transaction"
2024-10-01,2024-10,1487,East,Basic,Active,10.00,10.00,0,0,0.00,"Clean Transaction"
2024-10-01,2024-10,1488,West,Basic,Active,10.00,10.00,0,0,0.00,"Clean Transaction"
2024-10-01,2024-10,1489,North,Pro,Active,50.00,50.00,0,0,0.00,"Clean Transaction"
2024-10-01,2024-10,1490,North,Basic,Active,10.00,10.00,0,0,0.00,"Clean Transaction"
2024-10-01,2024-10,1491,West,Enterprise,Active,200.00,0.00,1,0,200.00,"Unpaid Invoice"
2024-10-01,2024-10,1492,North,Basic,Active,10.00,10.00,0,0,0.00,"Clean Transaction"
2024-10-01,2024-10,1493,North,Basic,Active,10.00,10.00,0,0,0.00,"Clean Transaction"
2024-10-01,2024-10,1494,South,Pro,Active,50.00,50.00,0,0,0.00,"Clean Transaction"
2024-10-01,2024-10,1495,North,Enterprise,Active,200.00,182.65,0,0,17.35,"Partial Payment"
2024-10-01,2024-10,1496,East,Basic,Active,10.00,10.00,0,0,0.00,"Clean Transaction"
2024-10-01,2024-10,1498,West,Basic,Active,10.00,10.00,0,0,0.00,"Clean Transaction"
2024-10-01,2024-10,1499,North,Basic,Active,10.00,10.00,0,0,0.00,"Clean Transaction"
2024-10-01,2024-10,1500,West,Basic,Active,10.00,10.00,0,0,0.00,"Clean Transaction"
2024-10-01,2024-10,1501,East,Enterprise,Active,200.00,200.00,0,0,0.00,"Clean Transaction"
2024-10-01,2024-10,1502,North,Enterprise,Active,200.00,200.00,0,0,0.00,"Clean Transaction"
2024-10-01,2024-10,1503,North,Enterprise,Active,200.00,200.00,0,0,0.00,"Clean Transaction"
2024-10-01,2024-10,1504,West,Pro,Active,50.00,50.00,0,0,0.00,"Clean Transaction"
2024-10-01,2024-10,1505,East,Basic,Active,10.00,10.00,0,0,0.00,"Clean Transaction"
2024-10-01,2024-10,1506,North,Enterprise,Active,200.00,200.00,0,0,0.00,"Clean Transaction"
2024-10-01,2024-10,1507,West,Basic,Active,10.00,9.08,0,0,0.92,"Partial Payment"
2024-10-01,2024-10,1508,East,Basic,Active,10.00,10.00,0,0,0.00,"Clean Transaction"
2024-10-01,2024-10,1509,West,Enterprise,Active,200.00,200.00,0,0,0.00,"Clean Transaction"
2024-10-01,2024-10,1510,South,Pro,Active,50.00,50.00,0,0,0.00,"Clean Transaction"
2024-10-01,2024-10,1511,North,Basic,Active,10.00,10.00,0,0,0.00,"Clean Transaction"
2024-10-01,2024-10,1513,East,Enterprise,Active,200.00,200.00,0,0,0.00,"Clean Transaction"
2024-10-01,2024-10,1514,South,Basic,Active,10.00,10.00,0,0,0.00,"Clean Transaction"
2024-10-01,2024-10,1515,South,Pro,Active,50.00,50.00,0,0,0.00,"Clean Transaction"
2024-10-01,2024-10,1516,East,Basic,Active,10.00,10.00,0,0,0.00,"Clean Transaction"
2024-10-01,2024-10,1517,West,Pro,Active,50.00,50.00,0,0,0.00,"Clean Transaction"
2024-10-01,2024-10,1518,South,Basic,Active,10.00,10.00,0,0,0.00,"Clean Transaction"
2024-10-01,2024-10,1519,West,Basic,Active,10.00,10.00,0,0,0.00,"Clean Transaction"
2024-10-01,2024-10,1520,South,Basic,Active,10.00,10.00,0,0,0.00,"Clean Transaction"
2024-10-01,2024-10,1521,West,Pro,Active,50.00,50.00,0,0,0.00,"Clean Transaction"
2024-10-01,2024-10,1522,East,Enterprise,Active,200.00,200.00,0,0,0.00,"Clean Transaction"
2024-10-01,2024-10,1523,South,Basic,Active,10.00,9.71,0,0,0.29,"Partial Payment"
2024-10-01,2024-10,1524,East,Basic,Active,10.00,10.00,0,0,0.00,"Clean Transaction"
2024-10-01,2024-10,1525,South,Basic,Active,10.00,10.00,0,0,0.00,"Clean Transaction"
2024-10-01,2024-10,1527,East,Enterprise,Active,200.00,180.30,0,0,19.70,"Partial Payment"
2024-10-01,2024-10,1529,South,Pro,Active,50.00,50.00,0,0,0.00,"Clean Transaction"
2024-10-01,2024-10,1531,North,Enterprise,Active,200.00,200.00,0,0,0.00,"Clean Transaction"
2024-10-01,2024-10,1532,West,Basic,Active,10.00,10.00,0,0,0.00,"Clean Transaction"
2024-10-01,2024-10,1533,North,Pro,Active,50.00,50.00,0,0,0.00,"Clean Transaction"
2024-10-01,2024-10,1535,East,Basic,Active,10.00,10.00,0,0,0.00,"Clean Transaction"
2024-10-01,2024-10,1536,South,Pro,Active,50.00,50.00,0,0,0.00,"Clean Transaction"
2024-10-01,2024-10,1537,West,Pro,Active,50.00,50.00,0,0,0.00,"Clean Transaction"
2024-10-01,2024-10,1538,East,Pro,Active,50.00,50.00,0,0,0.00,"Clean Transaction"
2024-10-01,2024-10,1539,North,Basic,Cancelled,10.00,10.00,0,0,0.00,"Clean Transaction"
2024-10-01,2024-10,1540,South,Pro,Active,50.00,50.00,0,0,0.00,"Clean Transaction"
2024-10-01,2024-10,1541,East,Enterprise,Active,200.00,200.00,0,0,0.00,"Clean Transaction"
2024-10-01,2024-10,1542,South,Pro,Active,50.00,50.00,0,0,0.00,"Clean Transaction"
2024-10-01,2024-10,1543,East,Pro,Cancelled,50.00,50.00,0,0,0.00,"Clean Transaction"
2024-10-01,2024-10,1544,South,Pro,Cancelled,50.00,50.00,0,0,0.00,"Clean Transaction"
2024-10-01,2024-10,1545,North,Pro,Active,50.00,50.00,0,0,0.00,"Clean Transaction"
2024-10-01,2024-10,1546,West,Enterprise,Active,200.00,200.00,0,0,0.00,"Clean Transaction"
2024-10-01,2024-10,1548,West,Basic,Active,10.00,10.00,0,0,0.00,"Clean Transaction"
2024-10-01,2024-10,1549,South,Pro,Active,50.00,50.00,0,0,0.00,"Clean Transaction"
2024-10-01,2024-10,1550,East,Pro,Active,50.00,50.00,0,0,0.00,"Clean Transaction"
2024-10-01,2024-10,1551,North,Enterprise,Active,200.00,200.00,0,0,0.00,"Clean Transaction"
2024-10-01,2024-10,1552,West,Pro,Cancelled,50.00,50.00,0,0,0.00,"Clean Transaction"
2024-10-01,2024-10,1553,North,Pro,Active,50.00,50.00,0,0,0.00,"Clean Transaction"
2024-10-01,2024-10,1554,West,Basic,Active,10.00,10.00,0,0,0.00,"Clean Transaction"
2024-10-01,2024-10,1556,West,Basic,Active,10.00,10.00,0,0,0.00,"Clean Transaction"
2024-10-01,2024-10,1557,West,Basic,Active,10.00,10.00,0,0,0.00,"Clean Transaction"
2024-10-01,2024-10,1558,South,Enterprise,Active,200.00,200.00,0,0,0.00,"Clean Transaction"
2024-10-01,2024-10,1559,West,Basic,Active,10.00,10.00,0,0,0.00,"Clean Transaction"
2024-10-01,2024-10,1560,South,Enterprise,Active,200.00,200.00,0,0,0.00,"Clean Transaction"
2024-10-01,2024-10,1561,West,Enterprise,Active,200.00,200.00,0,0,0.00,"Clean Transaction"
2024-10-01,2024-10,1562,East,Basic,Active,10.00,10.00,0,0,0.00,"Clean Transaction"
2024-10-01,2024-10,1563,East,Enterprise,Active,200.00,200.00,0,0,0.00,"Clean Transaction"
2024-10-01,2024-10,1564,East,Pro,Active,50.00,50.00,0,0,0.00,"Clean Transaction"
2024-10-01,2024-10,1565,West,Basic,Active,10.00,10.00,0,0,0.00,"Clean Transaction"
2024-10-01,2024-10,1566,South,Enterprise,Active,200.00,200.00,0,0,0.00,"Clean Transaction"
2024-10-01,2024-10,1567,South,Basic,Active,10.00,10.00,0,0,0.00,"Clean Transaction"
2024-10-01,2024-10,1568,West,Pro,Active,50.00,50.00,0,0,0.00,"Clean Transaction"
2024-10-01,2024-10,1569,East,Pro,Active,50.00,50.00,0,0,0.00,"Clean Transaction"
2024-10-01,2024-10,1570,East,Pro,Active,50.00,50.00,0,0,0.00,"Clean Transaction"
2024-10-01,2024-10,1571,South,Basic,Active,10.00,10.00,0,0,0.00,"Clean Transaction"
2024-10-01,2024-10,1572,East,Enterprise,Active,200.00,200.00,0,0,0.00,"Clean Transaction"
2024-10-01,2024-10,1573,North,Basic,Active,10.00,10.00,0,0,0.00,"Clean Transaction"
2024-10-01,2024-10,1574,South,Basic,Active,10.00,10.00,0,0,0.00,"Clean Transaction"
2024-10-01,2024-10,1575,East,Pro,Active,50.00,50.00,0,0,0.00,"Clean Transaction"
2024-10-01,2024-10,1576,South,Pro,Active,50.00,50.00,0,0,0.00,"Clean Transaction"
2024-10-01,2024-10,1578,South,Basic,Active,10.00,10.00,0,0,0.00,"Clean Transaction"
2024-10-01,2024-10,1579,South,Basic,Active,10.00,10.00,0,0,0.00,"Clean Transaction"
2024-10-01,2024-10,1580,South,Basic,Active,10.00,9.63,0,0,0.37,"Partial Payment"
2024-10-01,2024-10,1581,South,Pro,Active,50.00,50.00,0,0,0.00,"Clean Transaction"
2024-10-01,2024-10,1582,North,Pro,Active,50.00,50.00,0,0,0.00,"Clean Transaction"
2024-10-01,2024-10,1583,West,Enterprise,Cancelled,200.00,200.00,0,0,0.00,"Clean Transaction"
2024-10-01,2024-10,1586,East,Pro,Active,50.00,50.00,0,0,0.00,"Clean Transaction"
2024-10-01,2024-10,1587,South,Basic,Active,10.00,10.00,0,0,0.00,"Clean Transaction"
2024-10-01,2024-10,1588,East,Basic,Active,10.00,10.00,0,0,0.00,"Clean Transaction"
2024-10-01,2024-10,1589,West,Enterprise,Active,200.00,200.00,0,0,0.00,"Clean Transaction"
2024-10-01,2024-10,1590,North,Basic,Active,10.00,10.00,0,0,0.00,"Clean Transaction"
2024-10-01,2024-10,1591,North,Enterprise,Active,200.00,200.00,0,0,0.00,"Clean Transaction"
2024-10-01,2024-10,1592,West,Pro,Active,50.00,50.00,0,0,0.00,"Clean Transaction"
2024-10-01,2024-10,1593,North,Basic,Active,10.00,10.00,0,0,0.00,"Clean Transaction"
2024-10-01,2024-10,1594,West,Basic,Active,10.00,10.00,0,0,0.00,"Clean Transaction"
2024-10-01,2024-10,1595,West,Pro,Active,50.00,50.00,0,0,0.00,"Clean Transaction"
2024-10-01,2024-10,1596,West,Pro,Cancelled,50.00,0.00,1,0,50.00,"Unpaid Invoice"
2024-10-01,2024-10,1597,North,Pro,Active,50.00,50.00,0,0,0.00,"Clean Transaction"
2024-10-01,2024-10,1598,East,Enterprise,Active,200.00,200.00,0,0,0.00,"Clean Transaction"
2024-10-01,2024-10,1599,West,Basic,Active,10.00,10.00,0,0,0.00,"Clean Transaction"
2024-10-01,2024-10,1600,South,Basic,Active,10.00,10.00,0,0,0.00,"Clean Transaction"
2024-10-01,2024-10,1601,North,Pro,Active,50.00,50.00,0,0,0.00,"Clean Transaction"
2024-10-01,2024-10,1602,West,Basic,Active,10.00,10.00,0,0,0.00,"Clean Transaction"
2024-10-01,2024-10,1603,West,Pro,Cancelled,50.00,50.00,0,0,0.00,"Clean Transaction"
2024-10-01,2024-10,1604,South,Basic,Active,10.00,10.00,0,0,0.00,"Clean Transaction"
2024-10-01,2024-10,1605,East,Basic,Active,10.00,10.00,0,0,0.00,"Clean Transaction"
2024-10-01,2024-10,1607,East,Enterprise,Active,200.00,200.00,0,0,0.00,"Clean Transaction"
2024-10-01,2024-10,1608,West,Pro,Active,50.00,0.00,1,0,50.00,"Unpaid Invoice"
2024-10-01,2024-10,1609,West,Pro,Active,50.00,50.00,0,0,0.00,"Clean Transaction"
2024-10-01,2024-10,1610,West,Basic,Active,10.00,10.00,0,0,0.00,"Clean Transaction"
2024-10-01,2024-10,1612,South,Basic,Active,10.00,10.00,0,0,0.00,"Clean Transaction"
2024-10-01,2024-10,1613,West,Enterprise,Active,200.00,200.00,0,0,0.00,"Clean Transaction"
2024-10-01,2024-10,1615,South,Enterprise,Active,200.00,200.00,0,0,0.00,"Clean Transaction"
2024-10-01,2024-10,1616,East,Pro,Active,50.00,50.00,0,0,0.00,"Clean Transaction"
2024-10-01,2024-10,1617,North,Basic,Active,10.00,10.00,0,0,0.00,"Clean Transaction"
2024-10-01,2024-10,1618,West,Enterprise,Active,200.00,200.00,0,0,0.00,"Clean Transaction"
2024-10-01,2024-10,1619,East,Basic,Active,10.00,10.00,0,0,0.00,"Clean Transaction"
2024-10-01,2024-10,1623,East,Basic,Active,10.00,10.00,0,0,0.00,"Clean Transaction"
2024-10-01,2024-10,1624,South,Pro,Active,50.00,50.00,0,0,0.00,"Clean Transaction"
2024-10-01,2024-10,1626,South,Pro,Active,50.00,50.00,0,0,0.00,"Clean Transaction"
2024-10-01,2024-10,1627,North,Pro,Active,50.00,50.00,0,0,0.00,"Clean Transaction"
2024-10-01,2024-10,1630,East,Enterprise,Active,200.00,200.00,0,0,0.00,"Clean Transaction"
2024-10-01,2024-10,1631,North,Pro,Active,50.00,50.00,0,0,0.00,"Clean Transaction"
2024-10-01,2024-10,1632,West,Basic,Cancelled,10.00,10.00,0,0,0.00,"Clean Transaction"
2024-10-01,2024-10,1633,North,Pro,Active,50.00,50.00,0,0,0.00,"Clean Transaction"
2024-10-01,2024-10,1634,North,Pro,Active,50.00,50.00,0,0,0.00,"Clean Transaction"
2024-10-01,2024-10,1635,South,Basic,Active,10.00,10.00,0,0,0.00,"Clean Transaction"
2024-10-01,2024-10,1636,South,Pro,Active,50.00,50.00,0,0,0.00,"Clean Transaction"
2024-10-01,2024-10,1637,North,Pro,Active,50.00,50.00,0,0,0.00,"Clean Transaction"
2024-10-01,2024-10,1638,East,Pro,Active,50.00,50.00,0,0,0.00,"Clean Transaction"
2024-10-01,2024-10,1639,South,Basic,Active,10.00,10.00,0,0,0.00,"Clean Transaction"
2024-10-01,2024-10,1640,West,Pro,Active,50.00,50.00,0,0,0.00,"Clean Transaction"
2024-10-01,2024-10,1641,South,Basic,Active,10.00,10.00,0,0,0.00,"Clean Transaction"
2024-10-01,2024-10,1642,South,Enterprise,Active,200.00,200.00,0,0,0.00,"Clean Transaction"
2024-10-01,2024-10,1643,West,Pro,Active,50.00,50.00,0,0,0.00,"Clean Transaction"
2024-10-01,2024-10,1644,North,Basic,Active,10.00,10.00,0,0,0.00,"Clean Transaction"
2024-10-01,2024-10,1645,West,Enterprise,Active,200.00,200.00,0,0,0.00,"Clean Transaction"
2024-10-01,2024-10,1646,North,Pro,Active,50.00,50.00,0,0,0.00,"Clean Transaction"
2024-10-01,2024-10,1647,North,Pro,Active,50.00,50.00,0,0,0.00,"Clean Transaction"
2024-10-01,2024-10,1648,North,Enterprise,Active,200.00,200.00,0,0,0.00,"Clean Transaction"
2024-10-01,2024-10,1649,West,Enterprise,Active,200.00,200.00,0,0,0.00,"Clean Transaction"
2024-10-01,2024-10,1650,North,Basic,Active,10.00,10.00,0,0,0.00,"Clean Transaction"
2024-10-01,2024-10,1651,East,Enterprise,Active,200.00,0.00,1,0,200.00,"Unpaid Invoice"
2024-10-01,2024-10,1652,West,Pro,Active,50.00,50.00,0,0,0.00,"Clean Transaction"
2024-10-01,2024-10,1654,North,Enterprise,Active,200.00,200.00,0,0,0.00,"Clean Transaction"
2024-10-01,2024-10,1655,South,Basic,Active,10.00,10.00,0,0,0.00,"Clean Transaction"
2024-10-01,2024-10,1656,North,Pro,Active,50.00,50.00,0,0,0.00,"Clean Transaction"
2024-10-01,2024-10,1657,East,Pro,Active,50.00,50.00,0,0,0.00,"Clean Transaction"
2024-10-01,2024-10,1658,East,Enterprise,Active,200.00,200.00,0,0,0.00,"Clean Transaction"
2024-10-01,2024-10,1661,West,Pro,Active,50.00,50.00,0,0,0.00,"Clean Transaction"
2024-10-01,2024-10,1662,East,Basic,Active,10.00,10.00,0,0,0.00,"Clean Transaction"
2024-10-01,2024-10,1663,North,Basic,Active,10.00,10.00,0,0,0.00,"Clean Transaction"
2024-10-01,2024-10,1664,South,Pro,Active,50.00,50.00,0,0,0.00,"Clean Transaction"
2024-10-01,2024-10,1665,North,Pro,Active,50.00,50.00,0,0,0.00,"Clean Transaction"
2024-10-01,2024-10,1666,North,Enterprise,Active,200.00,0.00,1,0,200.00,"Unpaid Invoice"
2024-10-01,2024-10,1667,South,Enterprise,Active,200.00,200.00,0,0,0.00,"Clean Transaction"
2024-10-01,2024-10,1668,West,Basic,Active,10.00,10.00,0,0,0.00,"Clean Transaction"
2024-10-01,2024-10,1669,North,Pro,Active,50.00,50.00,0,0,0.00,"Clean Transaction"
2024-10-01,2024-10,1670,East,Enterprise,Active,200.00,200.00,0,0,0.00,"Clean Transaction"
2024-10-01,2024-10,1671,North,Pro,Active,50.00,50.00,0,0,0.00,"Clean Transaction"
2024-10-01,2024-10,1672,South,Enterprise,Active,200.00,200.00,0,0,0.00,"Clean Transaction"
2024-10-01,2024-10,1673,South,Basic,Active,10.00,10.00,0,0,0.00,"Clean Transaction"
2024-10-01,2024-10,1674,South,Pro,Active,50.00,50.00,0,0,0.00,"Clean Transaction"
2024-10-01,2024-10,1675,West,Enterprise,Active,200.00,200.00,0,0,0.00,"Clean Transaction"
2024-10-01,2024-10,1676,North,Pro,Active,50.00,50.00,0,0,0.00,"Clean Transaction"
2024-10-01,2024-10,1677,West,Basic,Active,10.00,10.00,0,0,0.00,"Clean Transaction"
2024-10-01,2024-10,1678,West,Basic,Active,10.00,10.00,0,0,0.00,"Clean Transaction"
2024-10-01,2024-10,1679,South,Basic,Active,10.00,10.00,0,0,0.00,"Clean Transaction"
2024-10-01,2024-10,1680,South,Enterprise,Active,200.00,200.00,0,0,0.00,"Clean Transaction"
2024-10-01,2024-10,1681,West,Pro,Active,50.00,50.00,0,0,0.00,"Clean Transaction"
2024-10-01,2024-10,1682,North,Basic,Active,10.00,10.00,0,0,0.00,"Clean Transaction"
2024-10-01,2024-10,1683,East,Enterprise,Active,200.00,200.00,0,0,0.00,"Clean Transaction"
2024-10-01,2024-10,1684,West,Basic,Active,10.00,10.00,0,0,0.00,"Clean Transaction"
2024-10-01,2024-10,1685,North,Pro,Active,50.00,50.00,0,0,0.00,"Clean Transaction"
2024-10-01,2024-10,1686,South,Basic,Active,10.00,10.00,0,0,0.00,"Clean Transaction"
2024-10-01,2024-10,1687,South,Enterprise,Active,200.00,200.00,0,0,0.00,"Clean Transaction"
2024-10-01,2024-10,1688,North,Basic,Active,10.00,10.00,0,0,0.00,"Clean Transaction"
2024-10-01,2024-10,1689,East,Basic,Active,10.00,10.00,0,0,0.00,"Clean Transaction"
2024-10-01,2024-10,1690,South,Enterprise,Active,200.00,200.00,0,0,0.00,"Clean Transaction"
2024-10-01,2024-10,1691,South,Basic,Active,10.00,10.00,0,0,0.00,"Clean Transaction"
2024-10-01,2024-10,1692,South,Basic,Cancelled,10.00,10.00,0,0,0.00,"Clean Transaction"
2024-10-01,2024-10,1693,North,Basic,Active,10.00,10.00,0,0,0.00,"Clean Transaction"
2024-10-01,2024-10,1695,South,Enterprise,Active,200.00,200.00,0,0,0.00,"Clean Transaction"
2024-10-01,2024-10,1696,West,Pro,Active,50.00,50.00,0,0,0.00,"Clean Transaction"
2024-10-01,2024-10,1697,East,Basic,Active,10.00,10.00,0,0,0.00,"Clean Transaction"
2024-10-01,2024-10,1698,South,Enterprise,Active,200.00,200.00,0,0,0.00,"Clean Transaction"
2024-10-01,2024-10,1699,South,Basic,Active,10.00,10.00,0,0,0.00,"Clean Transaction"
2024-10-01,2024-10,1701,South,Basic,Active,10.00,10.00,0,0,0.00,"Clean Transaction"
2024-10-01,2024-10,1703,North,Basic,Active,10.00,9.73,0,0,0.27,"Partial Payment"
2024-10-01,2024-10,1704,West,Enterprise,Active,200.00,200.00,0,0,0.00,"Clean Transaction"
2024-10-01,2024-10,1705,North,Basic,Active,10.00,10.00,0,0,0.00,"Clean Transaction"
2024-10-01,2024-10,1706,North,Enterprise,Active,200.00,200.00,0,0,0.00,"Clean Transaction"
2024-10-01,2024-10,1707,West,Pro,Active,50.00,50.00,0,0,0.00,"Clean Transaction"
2024-10-01,2024-10,1708,West,Enterprise,Active,200.00,200.00,0,0,0.00,"Clean Transaction"
2024-10-01,2024-10,1709,West,Pro,Active,50.00,50.00,0,0,0.00,"Clean Transaction"
2024-10-01,2024-10,1710,West,Pro,Active,50.00,50.00,0,0,0.00,"Clean Transaction"
2024-10-01,2024-10,1711,East,Enterprise,Active,200.00,200.00,0,0,0.00,"Clean Transaction"
2024-10-01,2024-10,1712,South,Pro,Active,50.00,50.00,0,0,0.00,"Clean Transaction"
2024-10-01,2024-10,1713,North,Pro,Active,50.00,50.00,0,0,0.00,"Clean Transaction"
2024-10-01,2024-10,1714,West,Pro,Active,50.00,0.00,1,0,50.00,"Unpaid Invoice"
2024-10-01,2024-10,1715,West,Basic,Active,10.00,10.00,0,0,0.00,"Clean Transaction"
2024-10-01,2024-10,1716,West,Pro,Active,50.00,50.00,0,0,0.00,"Clean Transaction"
2024-10-01,2024-10,1717,East,Basic,Active,10.00,10.00,0,0,0.00,"Clean Transaction"
2024-10-01,2024-10,1718,West,Pro,Active,50.00,0.00,1,0,50.00,"Unpaid Invoice"
2024-10-01,2024-10,1719,West,Pro,Active,50.00,50.00,0,0,0.00,"Clean Transaction"
2024-10-01,2024-10,1720,West,Basic,Active,10.00,10.00,0,0,0.00,"Clean Transaction"
2024-10-01,2024-10,1721,South,Basic,Active,10.00,10.00,0,0,0.00,"Clean Transaction"
2024-10-01,2024-10,1722,East,Pro,Active,50.00,50.00,0,0,0.00,"Clean Transaction"
2024-10-01,2024-10,1724,North,Pro,Active,50.00,50.00,0,0,0.00,"Clean Transaction"
2024-10-01,2024-10,1725,North,Pro,Active,50.00,50.00,0,0,0.00,"Clean Transaction"
2024-10-01,2024-10,1726,North,Pro,Active,50.00,50.00,0,0,0.00,"Clean Transaction"
2024-10-01,2024-10,1727,East,Basic,Active,10.00,10.00,0,0,0.00,"Clean Transaction"
2024-10-01,2024-10,1729,North,Basic,Active,10.00,10.00,0,0,0.00,"Clean Transaction"
2024-10-01,2024-10,1730,West,Enterprise,Active,200.00,200.00,0,0,0.00,"Clean Transaction"
2024-10-01,2024-10,1731,East,Basic,Active,10.00,10.00,0,0,0.00,"Clean Transaction"
2024-10-01,2024-10,1732,North,Basic,Active,10.00,10.00,0,0,0.00,"Clean Transaction"
2024-10-01,2024-10,1733,North,Basic,Active,10.00,10.00,0,0,0.00,"Clean Transaction"
2024-10-01,2024-10,1734,West,Basic,Active,10.00,0.00,1,0,10.00,"Unpaid Invoice"
2024-10-01,2024-10,1735,South,Pro,Active,50.00,46.91,0,0,3.09,"Partial Payment"
2024-10-01,2024-10,1737,West,Enterprise,Active,200.00,200.00,0,0,0.00,"Clean Transaction"
2024-10-01,2024-10,1738,North,Pro,Active,50.00,50.00,0,0,0.00,"Clean Transaction"
2024-10-01,2024-10,1739,North,Pro,Active,50.00,50.00,0,0,0.00,"Clean Transaction"
2024-10-01,2024-10,1740,West,Pro,Active,50.00,50.00,0,0,0.00,"Clean Transaction"
2024-10-01,2024-10,1741,East,Basic,Active,10.00,10.00,0,0,0.00,"Clean Transaction"
2024-10-01,2024-10,1743,South,Enterprise,Active,200.00,200.00,0,0,0.00,"Clean Transaction"
2024-10-01,2024-10,1744,North,Enterprise,Active,200.00,200.00,0,0,0.00,"Clean Transaction"
2024-10-01,2024-10,1745,East,Enterprise,Active,200.00,197.25,0,0,2.75,"Partial Payment"
2024-10-01,2024-10,1746,South,Pro,Active,50.00,50.00,0,0,0.00,"Clean Transaction"
2024-10-01,2024-10,1747,East,Basic,Active,10.00,10.00,0,0,0.00,"Clean Transaction"
2024-10-01,2024-10,1748,East,Pro,Active,50.00,50.00,0,0,0.00,"Clean Transaction"
2024-10-01,2024-10,1749,North,Basic,Active,10.00,10.00,0,0,0.00,"Clean Transaction"
2024-10-01,2024-10,1750,South,Basic,Active,10.00,10.00,0,0,0.00,"Clean Transaction"
2024-10-01,2024-10,1751,West,Pro,Active,50.00,50.00,0,0,0.00,"Clean Transaction"
2024-10-01,2024-10,1752,North,Basic,Active,10.00,10.00,0,0,0.00,"Clean Transaction"
2024-10-01,2024-10,1753,South,Enterprise,Active,200.00,200.00,0,0,0.00,"Clean Transaction"
2024-10-01,2024-10,1754,South,Basic,Active,10.00,10.00,0,0,0.00,"Clean Transaction"
2024-10-01,2024-10,1755,South,Enterprise,Active,200.00,200.00,0,0,0.00,"Clean Transaction"
2024-10-01,2024-10,1756,South,Basic,Active,10.00,10.00,0,0,0.00,"Clean Transaction"
2024-10-01,2024-10,1757,South,Pro,Active,50.00,50.00,0,0,0.00,"Clean Transaction"
2024-10-01,2024-10,1758,East,Enterprise,Active,200.00,200.00,0,0,0.00,"Clean Transaction"
2024-10-01,2024-10,1759,North,Enterprise,Active,200.00,200.00,0,0,0.00,"Clean Transaction"
2024-10-01,2024-10,1760,East,Pro,Cancelled,50.00,50.00,0,0,0.00,"Clean Transaction"
2024-10-01,2024-10,1761,West,Enterprise,Active,200.00,200.00,0,0,0.00,"Clean Transaction"
2024-10-01,2024-10,1763,North,Basic,Active,10.00,10.00,0,0,0.00,"Clean Transaction"
2024-10-01,2024-10,1764,South,Enterprise,Active,200.00,200.00,0,0,0.00,"Clean Transaction"
2024-10-01,2024-10,1765,North,Pro,Active,50.00,50.00,0,0,0.00,"Clean Transaction"
2024-10-01,2024-10,1766,East,Enterprise,Active,200.00,200.00,0,0,0.00,"Clean Transaction"
2024-10-01,2024-10,1767,North,Basic,Active,10.00,10.00,0,0,0.00,"Clean Transaction"
2024-10-01,2024-10,1768,West,Pro,Active,50.00,50.00,0,0,0.00,"Clean Transaction"
2024-10-01,2024-10,1769,West,Pro,Active,50.00,50.00,0,0,0.00,"Clean Transaction"
2024-10-01,2024-10,1770,North,Basic,Active,10.00,0.00,1,0,10.00,"Unpaid Invoice"
2024-10-01,2024-10,1771,North,Enterprise,Active,200.00,200.00,0,0,0.00,"Clean Transaction"
2024-10-01,2024-10,1772,North,Pro,Active,50.00,50.00,0,0,0.00,"Clean Transaction"
2024-10-01,2024-10,1773,North,Enterprise,Active,200.00,200.00,0,0,0.00,"Clean Transaction"
2024-10-01,2024-10,1774,West,Enterprise,Active,200.00,200.00,0,0,0.00,"Clean Transaction"
2024-10-01,2024-10,1775,South,Enterprise,Active,200.00,200.00,0,0,0.00,"Clean Transaction"
2024-10-01,2024-10,1776,North,Basic,Active,10.00,10.00,0,0,0.00,"Clean Transaction"
2024-10-01,2024-10,1777,North,Pro,Active,50.00,50.00,0,0,0.00,"Clean Transaction"
2024-10-01,2024-10,1778,West,Enterprise,Active,200.00,200.00,0,0,0.00,"Clean Transaction"
2024-10-01,2024-10,1779,West,Basic,Active,10.00,10.00,0,0,0.00,"Clean Transaction"
2024-10-01,2024-10,1782,East,Basic,Active,10.00,10.00,0,0,0.00,"Clean Transaction"
2024-10-01,2024-10,1783,West,Pro,Active,50.00,50.00,0,0,0.00,"Clean Transaction"
2024-10-01,2024-10,1784,West,Enterprise,Active,200.00,200.00,0,0,0.00,"Clean Transaction"
2024-10-01,2024-10,1785,South,Pro,Active,50.00,50.00,0,0,0.00,"Clean Transaction"
2024-10-01,2024-10,1786,North,Enterprise,Active,200.00,200.00,0,0,0.00,"Clean Transaction"
2024-10-01,2024-10,1787,East,Enterprise,Active,200.00,200.00,0,0,0.00,"Clean Transaction"
2024-10-01,2024-10,1788,West,Enterprise,Active,200.00,200.00,0,0,0.00,"Clean Transaction"
2024-10-01,2024-10,1789,West,Enterprise,Active,200.00,200.00,0,0,0.00,"Clean Transaction"
2024-10-01,2024-10,1790,East,Basic,Active,10.00,10.00,0,0,0.00,"Clean Transaction"
2024-10-01,2024-10,1791,South,Enterprise,Active,200.00,200.00,0,0,0.00,"Clean Transaction"
2024-10-01,2024-10,1792,West,Pro,Active,50.00,50.00,0,0,0.00,"Clean Transaction"
2024-10-01,2024-10,1793,North,Pro,Active,50.00,50.00,0,0,0.00,"Clean Transaction"
2024-10-01,2024-10,1794,West,Basic,Active,10.00,10.00,0,0,0.00,"Clean Transaction"
2024-10-01,2024-10,1795,North,Pro,Active,50.00,50.00,0,0,0.00,"Clean Transaction"
2024-10-01,2024-10,1796,East,Enterprise,Active,200.00,200.00,0,0,0.00,"Clean Transaction"
2024-10-01,2024-10,1797,North,Pro,Active,50.00,50.00,0,0,0.00,"Clean Transaction"
2024-10-01,2024-10,1798,East,Pro,Active,50.00,50.00,0,0,0.00,"Clean Transaction"
2024-10-01,2024-10,1802,South,Pro,Active,50.00,50.00,0,0,0.00,"Clean Transaction"
2024-10-01,2024-10,1803,North,Pro,Active,50.00,50.00,0,0,0.00,"Clean Transaction"
2024-10-01,2024-10,1804,North,Enterprise,Active,200.00,200.00,0,0,0.00,"Clean Transaction"
2024-10-01,2024-10,1805,South,Basic,Active,10.00,10.00,0,0,0.00,"Clean Transaction"
2024-10-01,2024-10,1806,West,Enterprise,Active,200.00,200.00,0,0,0.00,"Clean Transaction"
2024-10-01,2024-10,1807,West,Enterprise,Active,200.00,200.00,0,0,0.00,"Clean Transaction"
2024-10-01,2024-10,1808,North,Enterprise,Active,200.00,200.00,0,0,0.00,"Clean Transaction"
2024-10-01,2024-10,1810,North,Enterprise,Active,200.00,182.24,0,0,17.76,"Partial Payment"
2024-10-01,2024-10,1811,East,Basic,Active,10.00,10.00,0,0,0.00,"Clean Transaction"
2024-10-01,2024-10,1812,East,Pro,Active,50.00,50.00,0,0,0.00,"Clean Transaction"
2024-10-01,2024-10,1813,North,Pro,Active,50.00,50.00,0,0,0.00,"Clean Transaction"
2024-10-01,2024-10,1814,West,Pro,Active,50.00,50.00,0,0,0.00,"Clean Transaction"
2024-10-01,2024-10,1815,West,Pro,Active,50.00,50.00,0,0,0.00,"Clean Transaction"
2024-10-01,2024-10,1816,North,Pro,Active,50.00,0.00,1,0,50.00,"Unpaid Invoice"
2024-10-01,2024-10,1817,North,Enterprise,Active,200.00,200.00,0,0,0.00,"Clean Transaction"
2024-10-01,2024-10,1818,East,Pro,Active,50.00,50.00,0,0,0.00,"Clean Transaction"
2024-10-01,2024-10,1820,North,Basic,Active,10.00,10.00,0,0,0.00,"Clean Transaction"
2024-10-01,2024-10,1821,East,Basic,Active,10.00,10.00,0,0,0.00,"Clean Transaction"
2024-10-01,2024-10,1822,West,Basic,Active,10.00,10.00,0,0,0.00,"Clean Transaction"
2024-10-01,2024-10,1823,South,Enterprise,Active,200.00,200.00,0,0,0.00,"Clean Transaction"
2024-10-01,2024-10,1824,East,Pro,Active,50.00,50.00,0,0,0.00,"Clean Transaction"
2024-10-01,2024-10,1825,West,Pro,Active,50.00,50.00,0,0,0.00,"Clean Transaction"
2024-10-01,2024-10,1826,West,Enterprise,Active,200.00,200.00,0,0,0.00,"Clean Transaction"
2024-10-01,2024-10,1827,East,Enterprise,Active,200.00,200.00,0,0,0.00,"Clean Transaction"
2024-10-01,2024-10,1828,South,Pro,Active,50.00,50.00,0,0,0.00,"Clean Transaction"
2024-10-01,2024-10,1829,East,Enterprise,Active,200.00,200.00,0,0,0.00,"Clean Transaction"
2024-10-01,2024-10,1830,West,Basic,Active,10.00,10.00,0,0,0.00,"Clean Transaction"
2024-10-01,2024-10,1831,North,Pro,Active,50.00,50.00,0,0,0.00,"Clean Transaction"
2024-10-01,2024-10,1832,North,Pro,Active,50.00,50.00,0,0,0.00,"Clean Transaction"
2024-10-01,2024-10,1833,East,Enterprise,Active,200.00,200.00,0,0,0.00,"Clean Transaction"
2024-10-01,2024-10,1834,West,Enterprise,Active,200.00,200.00,0,0,0.00,"Clean Transaction"
2024-10-01,2024-10,1835,North,Pro,Active,50.00,50.00,0,0,0.00,"Clean Transaction"
2024-10-01,2024-10,1836,West,Basic,Active,10.00,10.00,0,0,0.00,"Clean Transaction"
2024-10-01,2024-10,1837,East,Basic,Active,10.00,10.00,0,0,0.00,"Clean Transaction"
2024-10-01,2024-10,1838,North,Basic,Active,10.00,10.00,0,0,0.00,"Clean Transaction"
2024-10-01,2024-10,1839,West,Enterprise,Active,200.00,200.00,0,0,0.00,"Clean Transaction"
2024-10-01,2024-10,1840,North,Enterprise,Active,200.00,200.00,0,0,0.00,"Clean Transaction"
2024-10-01,2024-10,1841,East,Pro,Active,50.00,50.00,0,0,0.00,"Clean Transaction"
2024-10-01,2024-10,1842,West,Pro,Active,50.00,50.00,0,0,0.00,"Clean Transaction"
2024-10-01,2024-10,1843,North,Pro,Active,50.00,50.00,0,0,0.00,"Clean Transaction"
2024-10-01,2024-10,1844,East,Pro,Active,50.00,50.00,0,0,0.00,"Clean Transaction"
2024-10-01,2024-10,1845,North,Pro,Active,50.00,50.00,0,0,0.00,"Clean Transaction"
2024-10-01,2024-10,1846,North,Basic,Active,10.00,10.00,0,0,0.00,"Clean Transaction"
2024-10-01,2024-10,1847,South,Pro,Active,50.00,50.00,0,0,0.00,"Clean Transaction"
2024-10-01,2024-10,1848,South,Pro,Active,50.00,50.00,0,0,0.00,"Clean Transaction"
2024-10-01,2024-10,1849,East,Pro,Active,50.00,50.00,0,0,0.00,"Clean Transaction"
2024-10-01,2024-10,1851,East,Basic,Active,10.00,10.00,0,0,0.00,"Clean Transaction"
2024-10-01,2024-10,1852,South,Pro,Active,50.00,50.00,0,0,0.00,"Clean Transaction"
2024-10-01,2024-10,1853,North,Pro,Active,50.00,50.00,0,0,0.00,"Clean Transaction"
2024-10-01,2024-10,1854,East,Basic,Active,10.00,10.00,0,0,0.00,"Clean Transaction"
2024-10-01,2024-10,1855,East,Basic,Active,10.00,10.00,0,0,0.00,"Clean Transaction"
2024-10-01,2024-10,1856,North,Basic,Active,10.00,10.00,0,0,0.00,"Clean Transaction"
2024-10-01,2024-10,1857,East,Pro,Active,50.00,50.00,0,0,0.00,"Clean Transaction"
2024-10-01,2024-10,1858,East,Pro,Active,50.00,50.00,0,0,0.00,"Clean Transaction"
2024-10-01,2024-10,1859,South,Enterprise,Active,200.00,200.00,0,0,0.00,"Clean Transaction"
2024-10-01,2024-10,1860,East,Enterprise,Active,200.00,200.00,0,0,0.00,"Clean Transaction"
2024-10-01,2024-10,1861,West,Enterprise,Active,200.00,200.00,0,0,0.00,"Clean Transaction"
2024-10-01,2024-10,1862,North,Enterprise,Active,200.00,200.00,0,0,0.00,"Clean Transaction"
2024-10-01,2024-10,1863,South,Enterprise,Active,200.00,200.00,0,0,0.00,"Clean Transaction"
2024-10-01,2024-10,1864,South,Enterprise,Active,200.00,200.00,0,0,0.00,"Clean Transaction"
2024-10-01,2024-10,1865,West,Pro,Active,50.00,50.00,0,0,0.00,"Clean Transaction"
2024-10-01,2024-10,1866,North,Enterprise,Active,200.00,200.00,0,0,0.00,"Clean Transaction"
2024-10-01,2024-10,1867,North,Basic,Active,10.00,9.13,0,0,0.87,"Partial Payment"
2024-10-01,2024-10,1868,South,Enterprise,Active,200.00,200.00,0,0,0.00,"Clean Transaction"
2024-10-01,2024-10,1869,East,Enterprise,Active,200.00,200.00,0,0,0.00,"Clean Transaction"
2024-10-01,2024-10,1870,South,Pro,Active,50.00,50.00,0,0,0.00,"Clean Transaction"
2024-10-01,2024-10,1871,North,Enterprise,Active,200.00,200.00,0,0,0.00,"Clean Transaction"
2024-10-01,2024-10,1872,West,Basic,Active,10.00,10.00,0,0,0.00,"Clean Transaction"
2024-10-01,2024-10,1873,South,Basic,Active,10.00,10.00,0,0,0.00,"Clean Transaction"
2024-10-01,2024-10,1874,North,Pro,Active,50.00,50.00,0,0,0.00,"Clean Transaction"
2024-10-01,2024-10,1875,South,Basic,Active,10.00,10.00,0,0,0.00,"Clean Transaction"
2024-10-01,2024-10,1876,East,Enterprise,Active,200.00,200.00,0,0,0.00,"Clean Transaction"
2024-10-01,2024-10,1877,South,Pro,Active,50.00,50.00,0,0,0.00,"Clean Transaction"
2024-10-01,2024-10,1878,South,Pro,Active,50.00,50.00,0,0,0.00,"Clean Transaction"
2024-10-01,2024-10,1879,North,Basic,Active,10.00,10.00,0,0,0.00,"Clean Transaction"
2024-10-01,2024-10,1881,North,Pro,Active,50.00,50.00,0,0,0.00,"Clean Transaction"
2024-10-01,2024-10,1882,South,Basic,Active,10.00,10.00,0,0,0.00,"Clean Transaction"
2024-10-01,2024-10,1884,West,Basic,Active,10.00,10.00,0,0,0.00,"Clean Transaction"
2024-10-01,2024-10,1885,West,Basic,Active,10.00,10.00,0,0,0.00,"Clean Transaction"
2024-10-01,2024-10,1886,North,Basic,Active,10.00,10.00,0,0,0.00,"Clean Transaction"
2024-10-01,2024-10,1887,North,Pro,Active,50.00,50.00,0,0,0.00,"Clean Transaction"
2024-10-01,2024-10,1888,South,Basic,Active,10.00,10.00,0,0,0.00,"Clean Transaction"
2024-10-01,2024-10,1889,West,Enterprise,Active,200.00,200.00,0,0,0.00,"Clean Transaction"
2024-10-01,2024-10,1890,North,Pro,Active,50.00,50.00,0,0,0.00,"Clean Transaction"
2024-10-01,2024-10,1892,East,Enterprise,Active,200.00,200.00,0,0,0.00,"Clean Transaction"
2024-10-01,2024-10,1893,North,Enterprise,Active,200.00,200.00,0,0,0.00,"Clean Transaction"
2024-10-01,2024-10,1894,North,Pro,Active,50.00,50.00,0,0,0.00,"Clean Transaction"
2024-10-01,2024-10,1896,West,Enterprise,Active,200.00,200.00,0,0,0.00,"Clean Transaction"
2024-10-01,2024-10,1897,South,Basic,Cancelled,10.00,10.00,0,0,0.00,"Clean Transaction"
2024-10-01,2024-10,1898,West,Pro,Active,50.00,50.00,0,0,0.00,"Clean Transaction"
2024-10-01,2024-10,1899,East,Enterprise,Active,200.00,200.00,0,0,0.00,"Clean Transaction"
2024-10-01,2024-10,1900,East,Pro,Active,50.00,50.00,0,0,0.00,"Clean Transaction"
2024-10-01,2024-10,1901,North,Enterprise,Active,200.00,200.00,0,0,0.00,"Clean Transaction"
2024-10-01,2024-10,1902,West,Basic,Active,10.00,10.00,0,0,0.00,"Clean Transaction"
2024-10-01,2024-10,1903,South,Pro,Active,50.00,50.00,0,0,0.00,"Clean Transaction"
2024-10-01,2024-10,1904,East,Pro,Active,50.00,50.00,0,0,0.00,"Clean Transaction"
2024-10-01,2024-10,1905,East,Pro,Active,50.00,50.00,0,0,0.00,"Clean Transaction"
2024-10-01,2024-10,1906,South,Basic,Active,10.00,10.00,0,0,0.00,"Clean Transaction"
2024-10-01,2024-10,1907,South,Enterprise,Active,200.00,200.00,0,0,0.00,"Clean Transaction"
2024-10-01,2024-10,1908,East,Basic,Active,10.00,10.00,0,0,0.00,"Clean Transaction"
2024-10-01,2024-10,1909,East,Enterprise,Active,200.00,200.00,0,0,0.00,"Clean Transaction"
2024-10-01,2024-10,1910,South,Basic,Active,10.00,10.00,0,0,0.00,"Clean Transaction"
2024-10-01,2024-10,1911,East,Pro,Active,50.00,50.00,0,0,0.00,"Clean Transaction"
2024-10-01,2024-10,1912,North,Basic,Active,10.00,10.00,0,0,0.00,"Clean Transaction"
2024-10-01,2024-10,1914,South,Basic,Active,10.00,10.00,0,0,0.00,"Clean Transaction"
2024-10-01,2024-10,1916,South,Enterprise,Active,200.00,200.00,0,0,0.00,"Clean Transaction"
2024-10-01,2024-10,1917,South,Pro,Active,50.00,50.00,0,0,0.00,"Clean Transaction"
2024-10-01,2024-10,1918,West,Pro,Active,50.00,45.41,0,0,4.59,"Partial Payment"
2024-10-01,2024-10,1919,West,Pro,Active,50.00,50.00,0,0,0.00,"Clean Transaction"
2024-10-01,2024-10,1920,West,Pro,Active,50.00,50.00,0,0,0.00,"Clean Transaction"
2024-10-01,2024-10,1921,North,Basic,Active,10.00,9.19,0,0,0.81,"Partial Payment"
2024-10-01,2024-10,1922,East,Enterprise,Active,200.00,200.00,0,0,0.00,"Clean Transaction"
2024-10-01,2024-10,1923,North,Enterprise,Active,200.00,200.00,0,0,0.00,"Clean Transaction"
2024-10-01,2024-10,1924,East,Enterprise,Active,200.00,200.00,0,0,0.00,"Clean Transaction"
2024-10-01,2024-10,1925,North,Basic,Active,10.00,10.00,0,0,0.00,"Clean Transaction"
2024-10-01,2024-10,1926,East,Enterprise,Active,200.00,200.00,0,0,0.00,"Clean Transaction"
2024-10-01,2024-10,1927,North,Enterprise,Active,200.00,200.00,0,0,0.00,"Clean Transaction"
2024-10-01,2024-10,1928,West,Enterprise,Active,200.00,200.00,0,0,0.00,"Clean Transaction"
2024-10-01,2024-10,1929,South,Pro,Active,50.00,50.00,0,0,0.00,"Clean Transaction"
2024-10-01,2024-10,1931,East,Basic,Active,10.00,10.00,0,0,0.00,"Clean Transaction"
2024-10-01,2024-10,1932,West,Pro,Active,50.00,50.00,0,0,0.00,"Clean Transaction"
2024-10-01,2024-10,1933,North,Pro,Active,50.00,50.00,0,0,0.00,"Clean Transaction"
2024-10-01,2024-10,1934,North,Enterprise,Active,200.00,200.00,0,0,0.00,"Clean Transaction"
2024-10-01,2024-10,1935,West,Enterprise,Active,200.00,196.07,0,0,3.93,"Partial Payment"
2024-10-01,2024-10,1936,North,Pro,Active,50.00,50.00,0,0,0.00,"Clean Transaction"
2024-10-01,2024-10,1937,South,Basic,Active,10.00,10.00,0,0,0.00,"Clean Transaction"
2024-10-01,2024-10,1939,South,Pro,Active,50.00,50.00,0,0,0.00,"Clean Transaction"
2024-10-01,2024-10,1940,South,Enterprise,Active,200.00,200.00,0,0,0.00,"Clean Transaction"
2024-10-01,2024-10,1941,West,Basic,Active,10.00,10.00,0,0,0.00,"Clean Transaction"
2024-10-01,2024-10,1942,North,Basic,Active,10.00,10.00,0,0,0.00,"Clean Transaction"
2024-10-01,2024-10,1943,West,Pro,Active,50.00,50.00,0,0,0.00,"Clean Transaction"
2024-10-01,2024-10,1944,North,Enterprise,Active,200.00,200.00,0,0,0.00,"Clean Transaction"
2024-10-01,2024-10,1946,East,Enterprise,Active,200.00,200.00,0,0,0.00,"Clean Transaction"
2024-10-01,2024-10,1947,North,Enterprise,Active,200.00,200.00,0,0,0.00,"Clean Transaction"
2024-10-01,2024-10,1948,West,Basic,Active,10.00,10.00,0,0,0.00,"Clean Transaction"
2024-10-01,2024-10,1949,South,Basic,Active,10.00,10.00,0,0,0.00,"Clean Transaction"
2024-10-01,2024-10,1950,North,Pro,Active,50.00,50.00,0,0,0.00,"Clean Transaction"
2024-10-01,2024-10,1951,East,Pro,Active,50.00,50.00,0,0,0.00,"Clean Transaction"
2024-10-01,2024-10,1952,West,Basic,Active,10.00,10.00,0,0,0.00,"Clean Transaction"
2024-10-01,2024-10,1953,North,Pro,Active,50.00,50.00,0,0,0.00,"Clean Transaction"
2024-10-01,2024-10,1954,West,Enterprise,Active,200.00,200.00,0,0,0.00,"Clean Transaction"
2024-10-01,2024-10,1955,East,Pro,Active,50.00,50.00,0,0,0.00,"Clean Transaction"
2024-10-01,2024-10,1956,East,Enterprise,Active,200.00,200.00,0,0,0.00,"Clean Transaction"
2024-10-01,2024-10,1957,West,Pro,Active,50.00,50.00,0,0,0.00,"Clean Transaction"
2024-10-01,2024-10,1958,North,Pro,Active,50.00,50.00,0,0,0.00,"Clean Transaction"
2024-10-01,2024-10,1959,South,Enterprise,Active,200.00,200.00,0,0,0.00,"Clean Transaction"
2024-10-01,2024-10,1960,East,Basic,Active,10.00,10.00,0,0,0.00,"Clean Transaction"
2024-10-01,2024-10,1961,North,Enterprise,Active,200.00,200.00,0,0,0.00,"Clean Transaction"
2024-10-01,2024-10,1962,North,Basic,Active,10.00,10.00,0,0,0.00,"Clean Transaction"
2024-10-01,2024-10,1963,South,Enterprise,Cancelled,200.00,200.00,0,0,0.00,"Clean Transaction"
2024-10-01,2024-10,1964,East,Enterprise,Active,200.00,200.00,0,0,0.00,"Clean Transaction"
2024-10-01,2024-10,1965,East,Enterprise,Active,200.00,200.00,0,0,0.00,"Clean Transaction"
2024-10-01,2024-10,1966,North,Basic,Active,10.00,10.00,0,0,0.00,"Clean Transaction"
2024-10-01,2024-10,1967,North,Enterprise,Active,200.00,200.00,0,0,0.00,"Clean Transaction"
2024-10-01,2024-10,1968,South,Enterprise,Active,200.00,186.60,0,0,13.40,"Partial Payment"
2024-10-01,2024-10,1969,South,Enterprise,Active,200.00,200.00,0,0,0.00,"Clean Transaction"
2024-10-01,2024-10,1970,East,Basic,Active,10.00,10.00,0,0,0.00,"Clean Transaction"
2024-10-01,2024-10,1971,West,Pro,Cancelled,50.00,50.00,0,0,0.00,"Clean Transaction"
2024-10-01,2024-10,1973,North,Basic,Active,10.00,10.00,0,0,0.00,"Clean Transaction"
2024-10-01,2024-10,1974,East,Enterprise,Active,200.00,200.00,0,0,0.00,"Clean Transaction"
2024-10-01,2024-10,1975,West,Pro,Active,50.00,50.00,0,0,0.00,"Clean Transaction"
2024-10-01,2024-10,1976,South,Basic,Active,10.00,10.00,0,0,0.00,"Clean Transaction"
2024-10-01,2024-10,1977,West,Pro,Active,50.00,50.00,0,0,0.00,"Clean Transaction"
2024-10-01,2024-10,1978,West,Enterprise,Active,200.00,200.00,0,0,0.00,"Clean Transaction"
2024-10-01,2024-10,1979,West,Enterprise,Active,200.00,200.00,0,0,0.00,"Clean Transaction"
2024-10-01,2024-10,1980,South,Enterprise,Active,200.00,200.00,0,0,0.00,"Clean Transaction"
2024-10-01,2024-10,1981,West,Basic,Active,10.00,10.00,0,0,0.00,"Clean Transaction"
2024-10-01,2024-10,1982,West,Basic,Active,10.00,10.00,0,0,0.00,"Clean Transaction"
2024-10-01,2024-10,1983,West,Pro,Cancelled,50.00,50.00,0,0,0.00,"Clean Transaction"
2024-10-01,2024-10,1985,West,Enterprise,Active,200.00,200.00,0,0,0.00,"Clean Transaction"
2024-10-01,2024-10,1986,South,Enterprise,Cancelled,200.00,200.00,0,0,0.00,"Clean Transaction"
2024-10-01,2024-10,1987,West,Basic,Active,10.00,10.00,0,0,0.00,"Clean Transaction"
2024-10-01,2024-10,1988,West,Enterprise,Active,200.00,200.00,0,0,0.00,"Clean Transaction"
2024-10-01,2024-10,1989,South,Basic,Active,10.00,10.00,0,0,0.00,"Clean Transaction"
2024-10-01,2024-10,1990,West,Enterprise,Active,200.00,200.00,0,0,0.00,"Clean Transaction"
2024-10-01,2024-10,1992,West,Basic,Active,10.00,10.00,0,0,0.00,"Clean Transaction"
2024-10-01,2024-10,1993,South,Pro,Active,50.00,50.00,0,0,0.00,"Clean Transaction"
2024-10-01,2024-10,1994,West,Basic,Active,10.00,10.00,0,0,0.00,"Clean Transaction"
2024-10-01,2024-10,1995,West,Basic,Active,10.00,10.00,0,0,0.00,"Clean Transaction"
2024-10-01,2024-10,1996,North,Basic,Active,10.00,10.00,0,0,0.00,"Clean Transaction"
2024-10-01,2024-10,1997,North,Basic,Active,10.00,10.00,0,0,0.00,"Clean Transaction"
2024-10-01,2024-10,1998,West,Basic,Active,10.00,10.00,0,0,0.00,"Clean Transaction"
2024-10-01,2024-10,1999,West,Pro,Active,50.00,50.00,0,0,0.00,"Clean Transaction"
2024-11-01,2024-11,1002,West,Basic,Active,10.00,10.00,0,0,0.00,"Clean Transaction"
2024-11-01,2024-11,1004,East,Basic,Active,10.00,10.00,0,0,0.00,"Clean Transaction"
2024-11-01,2024-11,1005,East,Pro,Cancelled,50.00,50.00,0,0,0.00,"Clean Transaction"
2024-11-01,2024-11,1007,North,Enterprise,Active,200.00,200.00,0,0,0.00,"Clean Transaction"
2024-11-01,2024-11,1008,North,Pro,Active,50.00,45.67,0,0,4.33,"Partial Payment"
2024-11-01,2024-11,1009,East,Enterprise,Active,200.00,200.00,0,0,0.00,"Clean Transaction"
2024-11-01,2024-11,1010,South,Pro,Active,50.00,50.00,0,0,0.00,"Clean Transaction"
2024-11-01,2024-11,1011,East,Basic,Active,10.00,10.00,0,0,0.00,"Clean Transaction"
2024-11-01,2024-11,1013,East,Basic,Active,10.00,10.00,0,0,0.00,"Clean Transaction"
2024-11-01,2024-11,1014,East,Basic,Active,10.00,10.00,0,0,0.00,"Clean Transaction"
2024-11-01,2024-11,1015,West,Basic,Active,10.00,10.00,0,0,0.00,"Clean Transaction"
2024-11-01,2024-11,1016,North,Basic,Active,10.00,10.00,0,0,0.00,"Clean Transaction"
2024-11-01,2024-11,1017,West,Pro,Active,50.00,50.00,0,0,0.00,"Clean Transaction"
2024-11-01,2024-11,1018,West,Pro,Active,50.00,50.00,0,0,0.00,"Clean Transaction"
2024-11-01,2024-11,1019,West,Enterprise,Active,200.00,200.00,0,0,0.00,"Clean Transaction"
2024-11-01,2024-11,1020,East,Pro,Active,50.00,50.00,0,0,0.00,"Clean Transaction"
2024-11-01,2024-11,1021,South,Pro,Active,50.00,50.00,0,0,0.00,"Clean Transaction"
2024-11-01,2024-11,1022,North,Basic,Active,10.00,10.00,0,0,0.00,"Clean Transaction"
2024-11-01,2024-11,1023,South,Enterprise,Active,200.00,200.00,0,0,0.00,"Clean Transaction"
2024-11-01,2024-11,1024,West,Pro,Active,50.00,50.00,0,0,0.00,"Clean Transaction"
2024-11-01,2024-11,1025,West,Enterprise,Active,200.00,200.00,0,0,0.00,"Clean Transaction"
2024-11-01,2024-11,1026,South,Pro,Active,50.00,50.00,0,0,0.00,"Clean Transaction"
2024-11-01,2024-11,1027,South,Pro,Active,50.00,50.00,0,0,0.00,"Clean Transaction"
2024-11-01,2024-11,1028,South,Enterprise,Active,200.00,200.00,0,0,0.00,"Clean Transaction"
2024-11-01,2024-11,1029,West,Basic,Active,10.00,10.00,0,0,0.00,"Clean Transaction"
2024-11-01,2024-11,1030,West,Enterprise,Active,200.00,200.00,0,0,0.00,"Clean Transaction"
2024-11-01,2024-11,1031,North,Basic,Active,10.00,10.00,0,0,0.00,"Clean Transaction"
2024-11-01,2024-11,1032,North,Pro,Active,50.00,50.00,0,0,0.00,"Clean Transaction"
2024-11-01,2024-11,1034,South,Pro,Active,50.00,50.00,0,0,0.00,"Clean Transaction"
2024-11-01,2024-11,1035,South,Enterprise,Active,200.00,200.00,0,0,0.00,"Clean Transaction"
2024-11-01,2024-11,1036,North,Enterprise,Active,200.00,200.00,0,0,0.00,"Clean Transaction"
2024-11-01,2024-11,1037,West,Basic,Active,10.00,9.34,0,0,0.66,"Partial Payment"
2024-11-01,2024-11,1038,North,Enterprise,Active,200.00,200.00,0,0,0.00,"Clean Transaction"
2024-11-01,2024-11,1039,North,Basic,Active,10.00,10.00,0,0,0.00,"Clean Transaction"
2024-11-01,2024-11,1040,East,Basic,Active,10.00,10.00,0,0,0.00,"Clean Transaction"
2024-11-01,2024-11,1041,East,Pro,Active,50.00,50.00,0,0,0.00,"Clean Transaction"
2024-11-01,2024-11,1043,South,Pro,Active,50.00,50.00,0,0,0.00,"Clean Transaction"
2024-11-01,2024-11,1044,West,Pro,Active,50.00,50.00,0,0,0.00,"Clean Transaction"
2024-11-01,2024-11,1048,East,Basic,Active,10.00,10.00,0,0,0.00,"Clean Transaction"
2024-11-01,2024-11,1049,South,Enterprise,Active,200.00,200.00,0,0,0.00,"Clean Transaction"
2024-11-01,2024-11,1050,South,Pro,Active,50.00,50.00,0,0,0.00,"Clean Transaction"
2024-11-01,2024-11,1051,East,Pro,Active,50.00,50.00,0,0,0.00,"Clean Transaction"
2024-11-01,2024-11,1053,East,Enterprise,Active,200.00,200.00,0,0,0.00,"Clean Transaction"
2024-11-01,2024-11,1054,West,Basic,Active,10.00,10.00,0,0,0.00,"Clean Transaction"
2024-11-01,2024-11,1055,East,Enterprise,Active,200.00,200.00,0,0,0.00,"Clean Transaction"
2024-11-01,2024-11,1056,West,Enterprise,Active,200.00,200.00,0,0,0.00,"Clean Transaction"
2024-11-01,2024-11,1057,West,Enterprise,Active,200.00,200.00,0,0,0.00,"Clean Transaction"
2024-11-01,2024-11,1058,North,Pro,Active,50.00,0.00,1,0,50.00,"Unpaid Invoice"
2024-11-01,2024-11,1059,East,Basic,Active,10.00,10.00,0,0,0.00,"Clean Transaction"
2024-11-01,2024-11,1060,North,Pro,Active,50.00,50.00,0,0,0.00,"Clean Transaction"
2024-11-01,2024-11,1061,East,Pro,Active,50.00,50.00,0,0,0.00,"Clean Transaction"
2024-11-01,2024-11,1062,East,Pro,Active,50.00,50.00,0,0,0.00,"Clean Transaction"
2024-11-01,2024-11,1063,North,Basic,Active,10.00,10.00,0,0,0.00,"Clean Transaction"
2024-11-01,2024-11,1064,North,Basic,Active,10.00,10.00,0,0,0.00,"Clean Transaction"
2024-11-01,2024-11,1065,East,Pro,Active,50.00,50.00,0,0,0.00,"Clean Transaction"
2024-11-01,2024-11,1066,South,Basic,Active,10.00,10.00,0,0,0.00,"Clean Transaction"
2024-11-01,2024-11,1067,West,Pro,Active,50.00,50.00,0,0,0.00,"Clean Transaction"
2024-11-01,2024-11,1068,North,Enterprise,Active,200.00,200.00,0,0,0.00,"Clean Transaction"
2024-11-01,2024-11,1069,West,Enterprise,Active,200.00,200.00,0,0,0.00,"Clean Transaction"
2024-11-01,2024-11,1070,South,Enterprise,Active,200.00,200.00,0,0,0.00,"Clean Transaction"
2024-11-01,2024-11,1071,South,Enterprise,Active,200.00,200.00,0,0,0.00,"Clean Transaction"
2024-11-01,2024-11,1073,North,Enterprise,Active,200.00,200.00,0,0,0.00,"Clean Transaction"
2024-11-01,2024-11,1075,North,Enterprise,Active,200.00,200.00,0,0,0.00,"Clean Transaction"
2024-11-01,2024-11,1076,South,Enterprise,Active,200.00,200.00,0,0,0.00,"Clean Transaction"
2024-11-01,2024-11,1077,West,Basic,Active,10.00,9.75,0,0,0.25,"Partial Payment"
2024-11-01,2024-11,1078,West,Pro,Active,50.00,50.00,0,0,0.00,"Clean Transaction"
2024-11-01,2024-11,1079,East,Basic,Active,10.00,10.00,0,0,0.00,"Clean Transaction"
2024-11-01,2024-11,1080,West,Enterprise,Active,200.00,200.00,0,0,0.00,"Clean Transaction"
2024-11-01,2024-11,1081,East,Pro,Active,50.00,50.00,0,0,0.00,"Clean Transaction"
2024-11-01,2024-11,1082,West,Basic,Active,10.00,10.00,0,0,0.00,"Clean Transaction"
2024-11-01,2024-11,1085,East,Basic,Active,10.00,10.00,0,0,0.00,"Clean Transaction"
2024-11-01,2024-11,1086,East,Basic,Active,10.00,10.00,0,0,0.00,"Clean Transaction"
2024-11-01,2024-11,1087,South,Pro,Active,50.00,50.00,0,0,0.00,"Clean Transaction"
2024-11-01,2024-11,1088,North,Pro,Active,50.00,50.00,0,0,0.00,"Clean Transaction"
2024-11-01,2024-11,1089,West,Basic,Active,10.00,10.00,0,0,0.00,"Clean Transaction"
2024-11-01,2024-11,1090,South,Pro,Active,50.00,50.00,0,0,0.00,"Clean Transaction"
2024-11-01,2024-11,1091,West,Basic,Active,10.00,10.00,0,0,0.00,"Clean Transaction"
2024-11-01,2024-11,1092,West,Basic,Active,10.00,10.00,0,0,0.00,"Clean Transaction"
2024-11-01,2024-11,1093,South,Pro,Active,50.00,50.00,0,0,0.00,"Clean Transaction"
2024-11-01,2024-11,1094,South,Basic,Active,10.00,10.00,0,0,0.00,"Clean Transaction"
2024-11-01,2024-11,1095,South,Pro,Active,50.00,50.00,0,0,0.00,"Clean Transaction"
2024-11-01,2024-11,1096,South,Pro,Active,50.00,50.00,0,0,0.00,"Clean Transaction"
2024-11-01,2024-11,1097,South,Enterprise,Active,200.00,200.00,0,0,0.00,"Clean Transaction"
2024-11-01,2024-11,1098,West,Enterprise,Active,200.00,200.00,0,0,0.00,"Clean Transaction"
2024-11-01,2024-11,1099,South,Enterprise,Active,200.00,200.00,0,0,0.00,"Clean Transaction"
2024-11-01,2024-11,1100,North,Basic,Active,10.00,10.00,0,0,0.00,"Clean Transaction"
2024-11-01,2024-11,1101,East,Enterprise,Active,200.00,200.00,0,0,0.00,"Clean Transaction"
2024-11-01,2024-11,1102,South,Enterprise,Active,200.00,200.00,0,0,0.00,"Clean Transaction"
2024-11-01,2024-11,1103,South,Enterprise,Active,200.00,200.00,0,0,0.00,"Clean Transaction"
2024-11-01,2024-11,1104,West,Enterprise,Active,200.00,200.00,0,0,0.00,"Clean Transaction"
2024-11-01,2024-11,1105,South,Pro,Active,50.00,50.00,0,0,0.00,"Clean Transaction"
2024-11-01,2024-11,1106,South,Basic,Active,10.00,10.00,0,0,0.00,"Clean Transaction"
2024-11-01,2024-11,1107,South,Basic,Active,10.00,10.00,0,0,0.00,"Clean Transaction"
2024-11-01,2024-11,1108,West,Pro,Active,50.00,50.00,0,0,0.00,"Clean Transaction"
2024-11-01,2024-11,1109,South,Pro,Active,50.00,50.00,0,0,0.00,"Clean Transaction"
2024-11-01,2024-11,1110,East,Basic,Active,10.00,10.00,0,0,0.00,"Clean Transaction"
2024-11-01,2024-11,1111,West,Enterprise,Active,200.00,200.00,0,0,0.00,"Clean Transaction"
2024-11-01,2024-11,1112,East,Enterprise,Active,200.00,190.59,0,0,9.41,"Partial Payment"
2024-11-01,2024-11,1113,West,Basic,Active,10.00,10.00,0,0,0.00,"Clean Transaction"
2024-11-01,2024-11,1114,South,Basic,Active,10.00,10.00,0,0,0.00,"Clean Transaction"
2024-11-01,2024-11,1116,West,Enterprise,Active,200.00,200.00,0,0,0.00,"Clean Transaction"
2024-11-01,2024-11,1117,North,Pro,Active,50.00,49.05,0,0,0.95,"Partial Payment"
2024-11-01,2024-11,1118,South,Enterprise,Active,200.00,200.00,0,0,0.00,"Clean Transaction"
2024-11-01,2024-11,1119,West,Pro,Active,50.00,50.00,0,0,0.00,"Clean Transaction"
2024-11-01,2024-11,1120,North,Pro,Active,50.00,50.00,0,0,0.00,"Clean Transaction"
2024-11-01,2024-11,1121,West,Enterprise,Active,200.00,181.80,0,0,18.20,"Partial Payment"
2024-11-01,2024-11,1122,North,Basic,Active,10.00,10.00,0,0,0.00,"Clean Transaction"
2024-11-01,2024-11,1123,South,Enterprise,Active,200.00,200.00,0,0,0.00,"Clean Transaction"
2024-11-01,2024-11,1125,North,Pro,Active,50.00,50.00,0,0,0.00,"Clean Transaction"
2024-11-01,2024-11,1126,West,Basic,Active,10.00,10.00,0,0,0.00,"Clean Transaction"
2024-11-01,2024-11,1127,South,Pro,Active,50.00,50.00,0,0,0.00,"Clean Transaction"
2024-11-01,2024-11,1128,North,Enterprise,Active,200.00,200.00,0,0,0.00,"Clean Transaction"
2024-11-01,2024-11,1129,West,Basic,Active,10.00,10.00,0,0,0.00,"Clean Transaction"
2024-11-01,2024-11,1131,West,Pro,Active,50.00,50.00,0,0,0.00,"Clean Transaction"
2024-11-01,2024-11,1132,North,Pro,Active,50.00,50.00,0,0,0.00,"Clean Transaction"
2024-11-01,2024-11,1133,North,Enterprise,Active,200.00,200.00,0,0,0.00,"Clean Transaction"
2024-11-01,2024-11,1134,North,Enterprise,Active,200.00,200.00,0,0,0.00,"Clean Transaction"
2024-11-01,2024-11,1135,East,Enterprise,Active,200.00,200.00,0,0,0.00,"Clean Transaction"
2024-11-01,2024-11,1136,North,Basic,Active,10.00,10.00,0,0,0.00,"Clean Transaction"
2024-11-01,2024-11,1137,North,Basic,Active,10.00,10.00,0,0,0.00,"Clean Transaction"
2024-11-01,2024-11,1138,North,Enterprise,Active,200.00,200.00,0,0,0.00,"Clean Transaction"
2024-11-01,2024-11,1139,East,Pro,Active,50.00,50.00,0,0,0.00,"Clean Transaction"
2024-11-01,2024-11,1140,North,Basic,Active,10.00,10.00,0,0,0.00,"Clean Transaction"
2024-11-01,2024-11,1141,West,Pro,Active,50.00,50.00,0,0,0.00,"Clean Transaction"
2024-11-01,2024-11,1143,West,Basic,Active,10.00,10.00,0,0,0.00,"Clean Transaction"
2024-11-01,2024-11,1144,West,Enterprise,Active,200.00,200.00,0,0,0.00,"Clean Transaction"
2024-11-01,2024-11,1145,West,Basic,Active,10.00,10.00,0,0,0.00,"Clean Transaction"
2024-11-01,2024-11,1146,East,Enterprise,Cancelled,200.00,200.00,0,0,0.00,"Clean Transaction"
2024-11-01,2024-11,1147,East,Enterprise,Active,200.00,200.00,0,0,0.00,"Clean Transaction"
2024-11-01,2024-11,1148,East,Pro,Active,50.00,47.94,0,0,2.06,"Partial Payment"
2024-11-01,2024-11,1149,North,Pro,Active,50.00,50.00,0,0,0.00,"Clean Transaction"
2024-11-01,2024-11,1150,West,Basic,Active,10.00,10.00,0,0,0.00,"Clean Transaction"
2024-11-01,2024-11,1151,East,Pro,Active,50.00,50.00,0,0,0.00,"Clean Transaction"
2024-11-01,2024-11,1152,East,Pro,Active,50.00,50.00,0,0,0.00,"Clean Transaction"
2024-11-01,2024-11,1153,North,Enterprise,Active,200.00,200.00,0,0,0.00,"Clean Transaction"
2024-11-01,2024-11,1154,East,Enterprise,Active,200.00,200.00,0,0,0.00,"Clean Transaction"
2024-11-01,2024-11,1155,North,Basic,Active,10.00,10.00,0,0,0.00,"Clean Transaction"
2024-11-01,2024-11,1156,South,Pro,Active,50.00,50.00,0,0,0.00,"Clean Transaction"
2024-11-01,2024-11,1157,East,Enterprise,Active,200.00,200.00,0,0,0.00,"Clean Transaction"
2024-11-01,2024-11,1158,South,Pro,Active,50.00,50.00,0,0,0.00,"Clean Transaction"
2024-11-01,2024-11,1160,West,Basic,Active,10.00,10.00,0,0,0.00,"Clean Transaction"
2024-11-01,2024-11,1161,East,Enterprise,Active,200.00,200.00,0,0,0.00,"Clean Transaction"
2024-11-01,2024-11,1162,North,Basic,Active,10.00,10.00,0,0,0.00,"Clean Transaction"
2024-11-01,2024-11,1163,West,Basic,Active,10.00,10.00,0,0,0.00,"Clean Transaction"
2024-11-01,2024-11,1164,West,Pro,Active,50.00,50.00,0,0,0.00,"Clean Transaction"
2024-11-01,2024-11,1165,South,Basic,Active,10.00,10.00,0,0,0.00,"Clean Transaction"
2024-11-01,2024-11,1166,North,Pro,Active,50.00,50.00,0,0,0.00,"Clean Transaction"
2024-11-01,2024-11,1168,East,Pro,Active,50.00,50.00,0,0,0.00,"Clean Transaction"
2024-11-01,2024-11,1169,East,Pro,Active,50.00,50.00,0,0,0.00,"Clean Transaction"
2024-11-01,2024-11,1170,South,Pro,Active,50.00,50.00,0,0,0.00,"Clean Transaction"
2024-11-01,2024-11,1171,West,Pro,Active,50.00,50.00,0,0,0.00,"Clean Transaction"
2024-11-01,2024-11,1172,North,Pro,Active,50.00,50.00,0,0,0.00,"Clean Transaction"
2024-11-01,2024-11,1173,East,Basic,Active,10.00,10.00,0,0,0.00,"Clean Transaction"
2024-11-01,2024-11,1174,West,Basic,Active,10.00,10.00,0,0,0.00,"Clean Transaction"
2024-11-01,2024-11,1175,West,Pro,Active,50.00,50.00,0,0,0.00,"Clean Transaction"
2024-11-01,2024-11,1176,South,Pro,Active,50.00,50.00,0,0,0.00,"Clean Transaction"
2024-11-01,2024-11,1177,East,Pro,Active,50.00,50.00,0,0,0.00,"Clean Transaction"
2024-11-01,2024-11,1178,East,Basic,Active,10.00,10.00,0,0,0.00,"Clean Transaction"
2024-11-01,2024-11,1179,North,Pro,Active,50.00,50.00,0,0,0.00,"Clean Transaction"
2024-11-01,2024-11,1180,East,Basic,Active,10.00,10.00,0,0,0.00,"Clean Transaction"
2024-11-01,2024-11,1181,North,Basic,Active,10.00,10.00,0,0,0.00,"Clean Transaction"
2024-11-01,2024-11,1182,East,Basic,Active,10.00,10.00,0,0,0.00,"Clean Transaction"
2024-11-01,2024-11,1183,South,Pro,Active,50.00,50.00,0,0,0.00,"Clean Transaction"
2024-11-01,2024-11,1184,East,Basic,Active,10.00,10.00,0,0,0.00,"Clean Transaction"
2024-11-01,2024-11,1185,North,Basic,Active,10.00,10.00,0,0,0.00,"Clean Transaction"
2024-11-01,2024-11,1186,North,Pro,Active,50.00,50.00,0,0,0.00,"Clean Transaction"
2024-11-01,2024-11,1187,South,Pro,Active,50.00,50.00,0,0,0.00,"Clean Transaction"
2024-11-01,2024-11,1188,East,Basic,Active,10.00,10.00,0,0,0.00,"Clean Transaction"
2024-11-01,2024-11,1189,East,Basic,Active,10.00,10.00,0,0,0.00,"Clean Transaction"
2024-11-01,2024-11,1190,South,Enterprise,Active,200.00,200.00,0,0,0.00,"Clean Transaction"
2024-11-01,2024-11,1191,East,Enterprise,Active,200.00,200.00,0,0,0.00,"Clean Transaction"
2024-11-01,2024-11,1192,East,Enterprise,Active,200.00,200.00,0,0,0.00,"Clean Transaction"
2024-11-01,2024-11,1193,North,Pro,Active,50.00,50.00,0,0,0.00,"Clean Transaction"
2024-11-01,2024-11,1194,East,Pro,Active,50.00,50.00,0,0,0.00,"Clean Transaction"
2024-11-01,2024-11,1195,East,Enterprise,Active,200.00,200.00,0,0,0.00,"Clean Transaction"
2024-11-01,2024-11,1197,South,Basic,Active,10.00,10.00,0,0,0.00,"Clean Transaction"
2024-11-01,2024-11,1198,West,Basic,Active,10.00,10.00,0,0,0.00,"Clean Transaction"
2024-11-01,2024-11,1199,North,Pro,Active,50.00,50.00,0,0,0.00,"Clean Transaction"
2024-11-01,2024-11,1200,East,Enterprise,Active,200.00,200.00,0,0,0.00,"Clean Transaction"
2024-11-01,2024-11,1201,East,Enterprise,Active,200.00,200.00,0,0,0.00,"Clean Transaction"
2024-11-01,2024-11,1203,East,Basic,Cancelled,10.00,10.00,0,0,0.00,"Clean Transaction"
2024-11-01,2024-11,1204,North,Enterprise,Active,200.00,200.00,0,0,0.00,"Clean Transaction"
2024-11-01,2024-11,1206,North,Enterprise,Active,200.00,200.00,0,0,0.00,"Clean Transaction"
2024-11-01,2024-11,1207,West,Basic,Active,10.00,10.00,0,0,0.00,"Clean Transaction"
2024-11-01,2024-11,1208,West,Basic,Active,10.00,10.00,0,0,0.00,"Clean Transaction"
2024-11-01,2024-11,1209,South,Enterprise,Active,200.00,200.00,0,0,0.00,"Clean Transaction"
2024-11-01,2024-11,1210,North,Basic,Active,10.00,10.00,0,0,0.00,"Clean Transaction"
2024-11-01,2024-11,1212,East,Basic,Active,10.00,10.00,0,0,0.00,"Clean Transaction"
2024-11-01,2024-11,1213,North,Pro,Active,50.00,50.00,0,0,0.00,"Clean Transaction"
2024-11-01,2024-11,1214,East,Basic,Active,10.00,10.00,0,0,0.00,"Clean Transaction"
2024-11-01,2024-11,1215,East,Enterprise,Active,200.00,200.00,0,0,0.00,"Clean Transaction"
2024-11-01,2024-11,1216,North,Pro,Active,50.00,50.00,0,0,0.00,"Clean Transaction"
2024-11-01,2024-11,1217,West,Pro,Active,50.00,50.00,0,0,0.00,"Clean Transaction"
2024-11-01,2024-11,1218,North,Basic,Active,10.00,10.00,0,0,0.00,"Clean Transaction"
2024-11-01,2024-11,1219,West,Enterprise,Active,200.00,200.00,0,0,0.00,"Clean Transaction"
2024-11-01,2024-11,1220,East,Pro,Active,50.00,50.00,0,0,0.00,"Clean Transaction"
2024-11-01,2024-11,1221,East,Pro,Active,50.00,50.00,0,0,0.00,"Clean Transaction"
2024-11-01,2024-11,1222,East,Enterprise,Active,200.00,200.00,0,0,0.00,"Clean Transaction"
2024-11-01,2024-11,1223,South,Basic,Active,10.00,10.00,0,0,0.00,"Clean Transaction"
2024-11-01,2024-11,1224,West,Basic,Active,10.00,10.00,0,0,0.00,"Clean Transaction"
2024-11-01,2024-11,1225,South,Pro,Active,50.00,50.00,0,0,0.00,"Clean Transaction"
2024-11-01,2024-11,1226,South,Pro,Active,50.00,50.00,0,0,0.00,"Clean Transaction"
2024-11-01,2024-11,1228,South,Enterprise,Active,200.00,200.00,0,0,0.00,"Clean Transaction"
2024-11-01,2024-11,1231,South,Enterprise,Active,200.00,200.00,0,0,0.00,"Clean Transaction"
2024-11-01,2024-11,1232,West,Basic,Active,10.00,10.00,0,0,0.00,"Clean Transaction"
2024-11-01,2024-11,1233,West,Basic,Active,10.00,10.00,0,0,0.00,"Clean Transaction"
2024-11-01,2024-11,1234,West,Pro,Active,50.00,50.00,0,0,0.00,"Clean Transaction"
2024-11-01,2024-11,1235,West,Pro,Active,50.00,50.00,0,0,0.00,"Clean Transaction"
2024-11-01,2024-11,1237,South,Basic,Active,10.00,10.00,0,0,0.00,"Clean Transaction"
2024-11-01,2024-11,1238,South,Enterprise,Active,200.00,200.00,0,0,0.00,"Clean Transaction"
2024-11-01,2024-11,1239,East,Pro,Active,50.00,50.00,0,0,0.00,"Clean Transaction"
2024-11-01,2024-11,1240,West,Enterprise,Active,200.00,200.00,0,0,0.00,"Clean Transaction"
2024-11-01,2024-11,1241,South,Basic,Active,10.00,10.00,0,0,0.00,"Clean Transaction"
2024-11-01,2024-11,1243,West,Enterprise,Active,200.00,200.00,0,0,0.00,"Clean Transaction"
2024-11-01,2024-11,1244,North,Enterprise,Active,200.00,200.00,0,0,0.00,"Clean Transaction"
2024-11-01,2024-11,1245,East,Basic,Active,10.00,10.00,0,0,0.00,"Clean Transaction"
2024-11-01,2024-11,1246,South,Pro,Active,50.00,50.00,0,0,0.00,"Clean Transaction"
2024-11-01,2024-11,1248,North,Pro,Active,50.00,50.00,0,0,0.00,"Clean Transaction"
2024-11-01,2024-11,1249,North,Enterprise,Active,200.00,200.00,0,0,0.00,"Clean Transaction"
2024-11-01,2024-11,1250,East,Basic,Active,10.00,10.00,0,0,0.00,"Clean Transaction"
2024-11-01,2024-11,1251,South,Enterprise,Active,200.00,200.00,0,0,0.00,"Clean Transaction"
2024-11-01,2024-11,1252,North,Basic,Active,10.00,10.00,0,0,0.00,"Clean Transaction"
2024-11-01,2024-11,1253,West,Basic,Active,10.00,10.00,0,0,0.00,"Clean Transaction"
2024-11-01,2024-11,1254,North,Enterprise,Active,200.00,200.00,0,0,0.00,"Clean Transaction"
2024-11-01,2024-11,1255,North,Basic,Active,10.00,10.00,0,0,0.00,"Clean Transaction"
2024-11-01,2024-11,1256,East,Pro,Active,50.00,50.00,0,0,0.00,"Clean Transaction"
2024-11-01,2024-11,1257,East,Basic,Active,10.00,10.00,0,0,0.00,"Clean Transaction"
2024-11-01,2024-11,1258,South,Pro,Active,50.00,50.00,0,0,0.00,"Clean Transaction"
2024-11-01,2024-11,1259,West,Enterprise,Active,200.00,200.00,0,0,0.00,"Clean Transaction"
2024-11-01,2024-11,1260,East,Pro,Active,50.00,50.00,0,0,0.00,"Clean Transaction"
2024-11-01,2024-11,1261,North,Basic,Active,10.00,10.00,0,0,0.00,"Clean Transaction"
2024-11-01,2024-11,1262,South,Pro,Cancelled,50.00,50.00,0,0,0.00,"Clean Transaction"
2024-11-01,2024-11,1263,North,Enterprise,Active,200.00,200.00,0,0,0.00,"Clean Transaction"
2024-11-01,2024-11,1264,North,Enterprise,Active,200.00,200.00,0,0,0.00,"Clean Transaction"
2024-11-01,2024-11,1265,East,Enterprise,Active,200.00,200.00,0,0,0.00,"Clean Transaction"
2024-11-01,2024-11,1266,South,Basic,Active,10.00,10.00,0,0,0.00,"Clean Transaction"
2024-11-01,2024-11,1267,West,Basic,Active,10.00,10.00,0,0,0.00,"Clean Transaction"
2024-11-01,2024-11,1268,West,Basic,Active,10.00,10.00,0,0,0.00,"Clean Transaction"
2024-11-01,2024-11,1269,East,Enterprise,Active,200.00,200.00,0,0,0.00,"Clean Transaction"
2024-11-01,2024-11,1270,East,Basic,Active,10.00,10.00,0,0,0.00,"Clean Transaction"
2024-11-01,2024-11,1271,South,Enterprise,Active,200.00,200.00,0,0,0.00,"Clean Transaction"
2024-11-01,2024-11,1272,West,Pro,Active,50.00,50.00,0,0,0.00,"Clean Transaction"
2024-11-01,2024-11,1273,West,Pro,Active,50.00,50.00,0,0,0.00,"Clean Transaction"
2024-11-01,2024-11,1274,West,Pro,Active,50.00,50.00,0,0,0.00,"Clean Transaction"
2024-11-01,2024-11,1275,North,Enterprise,Active,200.00,200.00,0,0,0.00,"Clean Transaction"
2024-11-01,2024-11,1277,North,Enterprise,Active,200.00,200.00,0,0,0.00,"Clean Transaction"
2024-11-01,2024-11,1279,North,Pro,Active,50.00,50.00,0,0,0.00,"Clean Transaction"
2024-11-01,2024-11,1280,South,Enterprise,Active,200.00,200.00,0,0,0.00,"Clean Transaction"
2024-11-01,2024-11,1281,West,Pro,Active,50.00,50.00,0,0,0.00,"Clean Transaction"
2024-11-01,2024-11,1282,West,Pro,Active,50.00,0.00,1,0,50.00,"Unpaid Invoice"
2024-11-01,2024-11,1283,South,Basic,Active,10.00,10.00,0,0,0.00,"Clean Transaction"
2024-11-01,2024-11,1286,East,Basic,Active,10.00,10.00,0,0,0.00,"Clean Transaction"
2024-11-01,2024-11,1287,North,Basic,Active,10.00,10.00,0,0,0.00,"Clean Transaction"
2024-11-01,2024-11,1289,North,Enterprise,Active,200.00,200.00,0,0,0.00,"Clean Transaction"
2024-11-01,2024-11,1291,North,Basic,Active,10.00,10.00,0,0,0.00,"Clean Transaction"
2024-11-01,2024-11,1292,East,Enterprise,Active,200.00,200.00,0,0,0.00,"Clean Transaction"
2024-11-01,2024-11,1293,North,Pro,Active,50.00,50.00,0,0,0.00,"Clean Transaction"
2024-11-01,2024-11,1294,South,Pro,Active,50.00,50.00,0,0,0.00,"Clean Transaction"
2024-11-01,2024-11,1295,South,Basic,Active,10.00,10.00,0,0,0.00,"Clean Transaction"
2024-11-01,2024-11,1296,West,Basic,Active,10.00,10.00,0,0,0.00,"Clean Transaction"
2024-11-01,2024-11,1297,South,Basic,Active,10.00,10.00,0,0,0.00,"Clean Transaction"
2024-11-01,2024-11,1298,East,Basic,Active,10.00,10.00,0,0,0.00,"Clean Transaction"
2024-11-01,2024-11,1299,North,Basic,Active,10.00,10.00,0,0,0.00,"Clean Transaction"
2024-11-01,2024-11,1300,West,Enterprise,Active,200.00,200.00,0,0,0.00,"Clean Transaction"
2024-11-01,2024-11,1301,North,Basic,Active,10.00,10.00,0,0,0.00,"Clean Transaction"
2024-11-01,2024-11,1302,North,Enterprise,Active,200.00,200.00,0,0,0.00,"Clean Transaction"
2024-11-01,2024-11,1303,East,Basic,Active,10.00,10.00,0,0,0.00,"Clean Transaction"
2024-11-01,2024-11,1305,South,Enterprise,Active,200.00,200.00,0,0,0.00,"Clean Transaction"
2024-11-01,2024-11,1306,North,Basic,Active,10.00,10.00,0,0,0.00,"Clean Transaction"
2024-11-01,2024-11,1307,West,Enterprise,Active,200.00,200.00,0,0,0.00,"Clean Transaction"
2024-11-01,2024-11,1308,South,Pro,Active,50.00,50.00,0,0,0.00,"Clean Transaction"
2024-11-01,2024-11,1309,West,Pro,Active,50.00,50.00,0,0,0.00,"Clean Transaction"
2024-11-01,2024-11,1310,South,Basic,Active,10.00,10.00,0,0,0.00,"Clean Transaction"
2024-11-01,2024-11,1311,West,Enterprise,Active,200.00,200.00,0,0,0.00,"Clean Transaction"
2024-11-01,2024-11,1312,East,Enterprise,Active,200.00,200.00,0,0,0.00,"Clean Transaction"
2024-11-01,2024-11,1313,West,Basic,Active,10.00,10.00,0,0,0.00,"Clean Transaction"
2024-11-01,2024-11,1314,East,Pro,Active,50.00,50.00,0,0,0.00,"Clean Transaction"
2024-11-01,2024-11,1315,East,Pro,Active,50.00,50.00,0,0,0.00,"Clean Transaction"
2024-11-01,2024-11,1316,West,Basic,Active,10.00,10.00,0,0,0.00,"Clean Transaction"
2024-11-01,2024-11,1317,East,Enterprise,Active,200.00,200.00,0,0,0.00,"Clean Transaction"
2024-11-01,2024-11,1318,North,Basic,Active,10.00,10.00,0,0,0.00,"Clean Transaction"
2024-11-01,2024-11,1319,East,Pro,Active,50.00,50.00,0,0,0.00,"Clean Transaction"
2024-11-01,2024-11,1320,South,Pro,Cancelled,50.00,50.00,0,0,0.00,"Clean Transaction"
2024-11-01,2024-11,1321,West,Pro,Active,50.00,50.00,0,0,0.00,"Clean Transaction"
2024-11-01,2024-11,1322,North,Pro,Active,50.00,0.00,1,0,50.00,"Unpaid Invoice"
2024-11-01,2024-11,1324,South,Enterprise,Active,200.00,200.00,0,0,0.00,"Clean Transaction"
2024-11-01,2024-11,1325,South,Pro,Active,50.00,50.00,0,0,0.00,"Clean Transaction"
2024-11-01,2024-11,1326,South,Enterprise,Active,200.00,200.00,0,0,0.00,"Clean Transaction"
2024-11-01,2024-11,1327,East,Enterprise,Active,200.00,200.00,0,0,0.00,"Clean Transaction"
2024-11-01,2024-11,1328,East,Pro,Active,50.00,50.00,0,0,0.00,"Clean Transaction"
2024-11-01,2024-11,1329,West,Enterprise,Active,200.00,200.00,0,0,0.00,"Clean Transaction"
2024-11-01,2024-11,1330,West,Pro,Active,50.00,50.00,0,0,0.00,"Clean Transaction"
2024-11-01,2024-11,1331,North,Pro,Active,50.00,50.00,0,0,0.00,"Clean Transaction"
2024-11-01,2024-11,1332,North,Enterprise,Active,200.00,200.00,0,0,0.00,"Clean Transaction"
2024-11-01,2024-11,1334,East,Enterprise,Active,200.00,200.00,0,0,0.00,"Clean Transaction"
2024-11-01,2024-11,1337,North,Basic,Active,10.00,10.00,0,0,0.00,"Clean Transaction"
2024-11-01,2024-11,1338,East,Enterprise,Active,200.00,200.00,0,0,0.00,"Clean Transaction"
2024-11-01,2024-11,1339,West,Basic,Active,10.00,10.00,0,0,0.00,"Clean Transaction"
2024-11-01,2024-11,1340,West,Enterprise,Active,200.00,200.00,0,0,0.00,"Clean Transaction"
2024-11-01,2024-11,1342,West,Basic,Active,10.00,10.00,0,0,0.00,"Clean Transaction"
2024-11-01,2024-11,1343,East,Pro,Active,50.00,46.37,0,0,3.63,"Partial Payment"
2024-11-01,2024-11,1344,South,Pro,Active,50.00,50.00,0,0,0.00,"Clean Transaction"
2024-11-01,2024-11,1345,East,Basic,Active,10.00,10.00,0,0,0.00,"Clean Transaction"
2024-11-01,2024-11,1346,East,Basic,Active,10.00,10.00,0,0,0.00,"Clean Transaction"
2024-11-01,2024-11,1347,East,Pro,Active,50.00,50.00,0,0,0.00,"Clean Transaction"
2024-11-01,2024-11,1348,West,Pro,Active,50.00,50.00,0,0,0.00,"Clean Transaction"
2024-11-01,2024-11,1349,West,Basic,Active,10.00,10.00,0,0,0.00,"Clean Transaction"
2024-11-01,2024-11,1351,West,Pro,Active,50.00,50.00,0,0,0.00,"Clean Transaction"
2024-11-01,2024-11,1352,North,Enterprise,Active,200.00,200.00,0,0,0.00,"Clean Transaction"
2024-11-01,2024-11,1353,North,Enterprise,Active,200.00,200.00,0,0,0.00,"Clean Transaction"
2024-11-01,2024-11,1354,West,Basic,Active,10.00,10.00,0,0,0.00,"Clean Transaction"
2024-11-01,2024-11,1355,West,Pro,Active,50.00,50.00,0,0,0.00,"Clean Transaction"
2024-11-01,2024-11,1356,East,Pro,Active,50.00,50.00,0,0,0.00,"Clean Transaction"
2024-11-01,2024-11,1357,South,Basic,Active,10.00,10.00,0,0,0.00,"Clean Transaction"
2024-11-01,2024-11,1358,West,Basic,Active,10.00,10.00,0,0,0.00,"Clean Transaction"
2024-11-01,2024-11,1359,North,Enterprise,Active,200.00,200.00,0,0,0.00,"Clean Transaction"
2024-11-01,2024-11,1360,East,Pro,Active,50.00,50.00,0,0,0.00,"Clean Transaction"
2024-11-01,2024-11,1361,West,Basic,Active,10.00,10.00,0,0,0.00,"Clean Transaction"
2024-11-01,2024-11,1362,North,Basic,Active,10.00,10.00,0,0,0.00,"Clean Transaction"
2024-11-01,2024-11,1363,North,Basic,Active,10.00,10.00,0,0,0.00,"Clean Transaction"
2024-11-01,2024-11,1364,South,Pro,Active,50.00,50.00,0,0,0.00,"Clean Transaction"
2024-11-01,2024-11,1365,East,Pro,Active,50.00,50.00,0,0,0.00,"Clean Transaction"
2024-11-01,2024-11,1366,East,Pro,Active,50.00,50.00,0,0,0.00,"Clean Transaction"
2024-11-01,2024-11,1367,South,Enterprise,Active,200.00,200.00,0,0,0.00,"Clean Transaction"
2024-11-01,2024-11,1368,South,Pro,Active,50.00,50.00,0,0,0.00,"Clean Transaction"
2024-11-01,2024-11,1371,West,Enterprise,Active,200.00,200.00,0,0,0.00,"Clean Transaction"
2024-11-01,2024-11,1372,West,Pro,Active,50.00,50.00,0,0,0.00,"Clean Transaction"
2024-11-01,2024-11,1373,South,Pro,Cancelled,50.00,50.00,0,0,0.00,"Clean Transaction"
2024-11-01,2024-11,1374,West,Pro,Active,50.00,50.00,0,0,0.00,"Clean Transaction"
2024-11-01,2024-11,1375,North,Basic,Active,10.00,10.00,0,0,0.00,"Clean Transaction"
2024-11-01,2024-11,1376,West,Pro,Active,50.00,50.00,0,0,0.00,"Clean Transaction"
2024-11-01,2024-11,1377,West,Basic,Active,10.00,10.00,0,0,0.00,"Clean Transaction"
2024-11-01,2024-11,1378,North,Enterprise,Active,200.00,200.00,0,0,0.00,"Clean Transaction"
2024-11-01,2024-11,1379,South,Pro,Active,50.00,50.00,0,0,0.00,"Clean Transaction"
2024-11-01,2024-11,1380,North,Enterprise,Active,200.00,200.00,0,0,0.00,"Clean Transaction"
2024-11-01,2024-11,1381,West,Pro,Active,50.00,50.00,0,0,0.00,"Clean Transaction"
2024-11-01,2024-11,1382,South,Pro,Cancelled,50.00,50.00,0,0,0.00,"Clean Transaction"
2024-11-01,2024-11,1383,West,Basic,Active,10.00,10.00,0,0,0.00,"Clean Transaction"
2024-11-01,2024-11,1384,North,Basic,Active,10.00,10.00,0,0,0.00,"Clean Transaction"
2024-11-01,2024-11,1385,North,Enterprise,Active,200.00,200.00,0,0,0.00,"Clean Transaction"
2024-11-01,2024-11,1386,West,Basic,Active,10.00,10.00,0,0,0.00,"Clean Transaction"
2024-11-01,2024-11,1387,East,Enterprise,Active,200.00,191.22,0,0,8.78,"Partial Payment"
2024-11-01,2024-11,1388,East,Basic,Active,10.00,10.00,0,0,0.00,"Clean Transaction"
2024-11-01,2024-11,1389,North,Basic,Active,10.00,10.00,0,0,0.00,"Clean Transaction"
2024-11-01,2024-11,1390,North,Basic,Active,10.00,10.00,0,0,0.00,"Clean Transaction"
2024-11-01,2024-11,1391,East,Pro,Active,50.00,50.00,0,0,0.00,"Clean Transaction"
2024-11-01,2024-11,1392,East,Basic,Active,10.00,10.00,0,0,0.00,"Clean Transaction"
2024-11-01,2024-11,1393,West,Pro,Active,50.00,50.00,0,0,0.00,"Clean Transaction"
2024-11-01,2024-11,1394,West,Basic,Active,10.00,9.68,0,0,0.32,"Partial Payment"
2024-11-01,2024-11,1395,East,Basic,Active,10.00,10.00,0,0,0.00,"Clean Transaction"
2024-11-01,2024-11,1396,West,Enterprise,Active,200.00,0.00,1,0,200.00,"Unpaid Invoice"
2024-11-01,2024-11,1397,West,Pro,Active,50.00,50.00,0,0,0.00,"Clean Transaction"
2024-11-01,2024-11,1398,South,Enterprise,Active,200.00,200.00,0,0,0.00,"Clean Transaction"
2024-11-01,2024-11,1399,West,Basic,Active,10.00,10.00,0,0,0.00,"Clean Transaction"
2024-11-01,2024-11,1400,North,Enterprise,Active,200.00,200.00,0,0,0.00,"Clean Transaction"
2024-11-01,2024-11,1401,West,Pro,Active,50.00,50.00,0,0,0.00,"Clean Transaction"
2024-11-01,2024-11,1403,East,Enterprise,Active,200.00,200.00,0,0,0.00,"Clean Transaction"
2024-11-01,2024-11,1404,North,Basic,Active,10.00,10.00,0,0,0.00,"Clean Transaction"
2024-11-01,2024-11,1405,West,Pro,Active,50.00,50.00,0,0,0.00,"Clean Transaction"
2024-11-01,2024-11,1406,West,Pro,Active,50.00,50.00,0,0,0.00,"Clean Transaction"
2024-11-01,2024-11,1407,South,Pro,Active,50.00,50.00,0,0,0.00,"Clean Transaction"
2024-11-01,2024-11,1408,West,Basic,Active,10.00,10.00,0,0,0.00,"Clean Transaction"
2024-11-01,2024-11,1409,West,Basic,Active,10.00,10.00,0,0,0.00,"Clean Transaction"
2024-11-01,2024-11,1410,South,Enterprise,Active,200.00,200.00,0,0,0.00,"Clean Transaction"
2024-11-01,2024-11,1411,East,Pro,Active,50.00,50.00,0,0,0.00,"Clean Transaction"
2024-11-01,2024-11,1412,West,Enterprise,Active,200.00,200.00,0,0,0.00,"Clean Transaction"
2024-11-01,2024-11,1413,South,Enterprise,Active,200.00,200.00,0,0,0.00,"Clean Transaction"
2024-11-01,2024-11,1414,North,Enterprise,Active,200.00,200.00,0,0,0.00,"Clean Transaction"
2024-11-01,2024-11,1415,East,Basic,Cancelled,10.00,10.00,0,0,0.00,"Clean Transaction"
2024-11-01,2024-11,1416,North,Pro,Active,50.00,50.00,0,0,0.00,"Clean Transaction"
2024-11-01,2024-11,1417,North,Enterprise,Active,200.00,200.00,0,0,0.00,"Clean Transaction"
2024-11-01,2024-11,1418,South,Enterprise,Active,200.00,200.00,0,0,0.00,"Clean Transaction"
2024-11-01,2024-11,1419,West,Pro,Active,50.00,50.00,0,0,0.00,"Clean Transaction"
2024-11-01,2024-11,1420,South,Basic,Active,10.00,10.00,0,0,0.00,"Clean Transaction"
2024-11-01,2024-11,1421,South,Pro,Active,50.00,50.00,0,0,0.00,"Clean Transaction"
2024-11-01,2024-11,1422,South,Pro,Active,50.00,0.00,1,0,50.00,"Unpaid Invoice"
2024-11-01,2024-11,1423,South,Enterprise,Active,200.00,200.00,0,0,0.00,"Clean Transaction"
2024-11-01,2024-11,1424,East,Basic,Active,10.00,10.00,0,0,0.00,"Clean Transaction"
2024-11-01,2024-11,1425,West,Pro,Active,50.00,50.00,0,0,0.00,"Clean Transaction"
2024-11-01,2024-11,1426,North,Basic,Active,10.00,10.00,0,0,0.00,"Clean Transaction"
2024-11-01,2024-11,1427,North,Basic,Active,10.00,10.00,0,0,0.00,"Clean Transaction"
2024-11-01,2024-11,1428,West,Basic,Active,10.00,10.00,0,0,0.00,"Clean Transaction"
2024-11-01,2024-11,1429,North,Pro,Active,50.00,50.00,0,0,0.00,"Clean Transaction"
2024-11-01,2024-11,1430,West,Pro,Active,50.00,50.00,0,0,0.00,"Clean Transaction"
2024-11-01,2024-11,1431,North,Basic,Active,10.00,10.00,0,0,0.00,"Clean Transaction"
2024-11-01,2024-11,1432,South,Pro,Active,50.00,50.00,0,0,0.00,"Clean Transaction"
2024-11-01,2024-11,1433,North,Enterprise,Active,200.00,200.00,0,0,0.00,"Clean Transaction"
2024-11-01,2024-11,1434,West,Enterprise,Active,200.00,200.00,0,0,0.00,"Clean Transaction"
2024-11-01,2024-11,1435,West,Enterprise,Active,200.00,200.00,0,0,0.00,"Clean Transaction"
2024-11-01,2024-11,1436,West,Basic,Active,10.00,10.00,0,0,0.00,"Clean Transaction"
2024-11-01,2024-11,1437,West,Basic,Active,10.00,10.00,0,0,0.00,"Clean Transaction"
2024-11-01,2024-11,1438,West,Pro,Active,50.00,50.00,0,0,0.00,"Clean Transaction"
2024-11-01,2024-11,1439,East,Enterprise,Active,200.00,200.00,0,0,0.00,"Clean Transaction"
2024-11-01,2024-11,1440,East,Pro,Active,50.00,50.00,0,0,0.00,"Clean Transaction"
2024-11-01,2024-11,1441,North,Basic,Active,10.00,10.00,0,0,0.00,"Clean Transaction"
2024-11-01,2024-11,1442,West,Enterprise,Active,200.00,200.00,0,0,0.00,"Clean Transaction"
2024-11-01,2024-11,1443,North,Enterprise,Active,200.00,200.00,0,0,0.00,"Clean Transaction"
2024-11-01,2024-11,1444,West,Enterprise,Active,200.00,200.00,0,0,0.00,"Clean Transaction"
2024-11-01,2024-11,1445,West,Pro,Active,50.00,50.00,0,0,0.00,"Clean Transaction"
2024-11-01,2024-11,1446,East,Pro,Active,50.00,50.00,0,0,0.00,"Clean Transaction"
2024-11-01,2024-11,1447,East,Basic,Active,10.00,10.00,0,0,0.00,"Clean Transaction"
2024-11-01,2024-11,1449,East,Enterprise,Active,200.00,200.00,0,0,0.00,"Clean Transaction"
2024-11-01,2024-11,1450,South,Basic,Active,10.00,10.00,0,0,0.00,"Clean Transaction"
2024-11-01,2024-11,1451,South,Basic,Active,10.00,10.00,0,0,0.00,"Clean Transaction"
2024-11-01,2024-11,1452,South,Basic,Active,10.00,10.00,0,0,0.00,"Clean Transaction"
2024-11-01,2024-11,1453,South,Enterprise,Active,200.00,200.00,0,0,0.00,"Clean Transaction"
2024-11-01,2024-11,1454,South,Pro,Active,50.00,50.00,0,0,0.00,"Clean Transaction"
2024-11-01,2024-11,1455,North,Pro,Active,50.00,0.00,1,0,50.00,"Unpaid Invoice"
2024-11-01,2024-11,1456,East,Pro,Active,50.00,50.00,0,0,0.00,"Clean Transaction"
2024-11-01,2024-11,1457,South,Pro,Active,50.00,50.00,0,0,0.00,"Clean Transaction"
2024-11-01,2024-11,1458,West,Basic,Active,10.00,10.00,0,0,0.00,"Clean Transaction"
2024-11-01,2024-11,1459,East,Basic,Active,10.00,10.00,0,0,0.00,"Clean Transaction"
2024-11-01,2024-11,1460,East,Pro,Active,50.00,50.00,0,0,0.00,"Clean Transaction"
2024-11-01,2024-11,1461,South,Basic,Active,10.00,10.00,0,0,0.00,"Clean Transaction"
2024-11-01,2024-11,1462,North,Enterprise,Active,200.00,200.00,0,0,0.00,"Clean Transaction"
2024-11-01,2024-11,1463,South,Enterprise,Active,200.00,200.00,0,0,0.00,"Clean Transaction"
2024-11-01,2024-11,1464,North,Pro,Active,50.00,50.00,0,0,0.00,"Clean Transaction"
2024-11-01,2024-11,1465,West,Basic,Active,10.00,10.00,0,0,0.00,"Clean Transaction"
2024-11-01,2024-11,1466,East,Pro,Active,50.00,50.00,0,0,0.00,"Clean Transaction"
2024-11-01,2024-11,1468,North,Pro,Active,50.00,50.00,0,0,0.00,"Clean Transaction"
2024-11-01,2024-11,1470,West,Pro,Active,50.00,50.00,0,0,0.00,"Clean Transaction"
2024-11-01,2024-11,1471,North,Pro,Active,50.00,50.00,0,0,0.00,"Clean Transaction"
2024-11-01,2024-11,1472,West,Pro,Active,50.00,50.00,0,0,0.00,"Clean Transaction"
2024-11-01,2024-11,1473,East,Pro,Active,50.00,50.00,0,0,0.00,"Clean Transaction"
2024-11-01,2024-11,1474,West,Basic,Active,10.00,10.00,0,0,0.00,"Clean Transaction"
2024-11-01,2024-11,1475,East,Enterprise,Active,200.00,200.00,0,0,0.00,"Clean Transaction"
2024-11-01,2024-11,1476,West,Pro,Active,50.00,50.00,0,0,0.00,"Clean Transaction"
2024-11-01,2024-11,1477,North,Pro,Active,50.00,50.00,0,0,0.00,"Clean Transaction"
2024-11-01,2024-11,1478,West,Enterprise,Active,200.00,200.00,0,0,0.00,"Clean Transaction"
2024-11-01,2024-11,1479,North,Basic,Active,10.00,10.00,0,0,0.00,"Clean Transaction"
2024-11-01,2024-11,1480,West,Pro,Active,50.00,50.00,0,0,0.00,"Clean Transaction"
2024-11-01,2024-11,1481,West,Pro,Active,50.00,50.00,0,0,0.00,"Clean Transaction"
2024-11-01,2024-11,1482,South,Basic,Active,10.00,10.00,0,0,0.00,"Clean Transaction"
2024-11-01,2024-11,1483,North,Enterprise,Active,200.00,200.00,0,0,0.00,"Clean Transaction"
2024-11-01,2024-11,1484,South,Pro,Active,50.00,50.00,0,0,0.00,"Clean Transaction"
2024-11-01,2024-11,1485,North,Enterprise,Active,200.00,200.00,0,0,0.00,"Clean Transaction"
2024-11-01,2024-11,1486,South,Pro,Active,50.00,50.00,0,0,0.00,"Clean Transaction"
2024-11-01,2024-11,1487,East,Basic,Active,10.00,10.00,0,0,0.00,"Clean Transaction"
2024-11-01,2024-11,1488,West,Basic,Active,10.00,10.00,0,0,0.00,"Clean Transaction"
2024-11-01,2024-11,1489,North,Pro,Active,50.00,50.00,0,0,0.00,"Clean Transaction"
2024-11-01,2024-11,1490,North,Basic,Active,10.00,10.00,0,0,0.00,"Clean Transaction"
2024-11-01,2024-11,1491,West,Enterprise,Active,200.00,200.00,0,0,0.00,"Clean Transaction"
2024-11-01,2024-11,1492,North,Basic,Active,10.00,10.00,0,0,0.00,"Clean Transaction"
2024-11-01,2024-11,1493,North,Basic,Active,10.00,10.00,0,0,0.00,"Clean Transaction"
2024-11-01,2024-11,1494,South,Pro,Active,50.00,50.00,0,0,0.00,"Clean Transaction"
2024-11-01,2024-11,1495,North,Enterprise,Active,200.00,200.00,0,0,0.00,"Clean Transaction"
2024-11-01,2024-11,1496,East,Basic,Active,10.00,10.00,0,0,0.00,"Clean Transaction"
2024-11-01,2024-11,1498,West,Basic,Active,10.00,10.00,0,0,0.00,"Clean Transaction"
2024-11-01,2024-11,1499,North,Basic,Active,10.00,0.00,1,0,10.00,"Unpaid Invoice"
2024-11-01,2024-11,1500,West,Basic,Active,10.00,10.00,0,0,0.00,"Clean Transaction"
2024-11-01,2024-11,1501,East,Enterprise,Active,200.00,200.00,0,0,0.00,"Clean Transaction"
2024-11-01,2024-11,1502,North,Enterprise,Active,200.00,200.00,0,0,0.00,"Clean Transaction"
2024-11-01,2024-11,1503,North,Enterprise,Active,200.00,200.00,0,0,0.00,"Clean Transaction"
2024-11-01,2024-11,1504,West,Pro,Active,50.00,50.00,0,0,0.00,"Clean Transaction"
2024-11-01,2024-11,1505,East,Basic,Active,10.00,10.00,0,0,0.00,"Clean Transaction"
2024-11-01,2024-11,1506,North,Enterprise,Active,200.00,200.00,0,0,0.00,"Clean Transaction"
2024-11-01,2024-11,1507,West,Basic,Active,10.00,10.00,0,0,0.00,"Clean Transaction"
2024-11-01,2024-11,1508,East,Basic,Active,10.00,10.00,0,0,0.00,"Clean Transaction"
2024-11-01,2024-11,1509,West,Enterprise,Active,200.00,200.00,0,0,0.00,"Clean Transaction"
2024-11-01,2024-11,1510,South,Pro,Active,50.00,50.00,0,0,0.00,"Clean Transaction"
2024-11-01,2024-11,1511,North,Basic,Active,10.00,10.00,0,0,0.00,"Clean Transaction"
2024-11-01,2024-11,1513,East,Enterprise,Active,200.00,200.00,0,0,0.00,"Clean Transaction"
2024-11-01,2024-11,1514,South,Basic,Active,10.00,10.00,0,0,0.00,"Clean Transaction"
2024-11-01,2024-11,1515,South,Pro,Active,50.00,50.00,0,0,0.00,"Clean Transaction"
2024-11-01,2024-11,1516,East,Basic,Active,10.00,10.00,0,0,0.00,"Clean Transaction"
2024-11-01,2024-11,1517,West,Pro,Active,50.00,50.00,0,0,0.00,"Clean Transaction"
2024-11-01,2024-11,1518,South,Basic,Active,10.00,10.00,0,0,0.00,"Clean Transaction"
2024-11-01,2024-11,1519,West,Basic,Active,10.00,10.00,0,0,0.00,"Clean Transaction"
2024-11-01,2024-11,1520,South,Basic,Active,10.00,10.00,0,0,0.00,"Clean Transaction"
2024-11-01,2024-11,1521,West,Pro,Active,50.00,50.00,0,0,0.00,"Clean Transaction"
2024-11-01,2024-11,1522,East,Enterprise,Active,200.00,200.00,0,0,0.00,"Clean Transaction"
2024-11-01,2024-11,1523,South,Basic,Active,10.00,10.00,0,0,0.00,"Clean Transaction"
2024-11-01,2024-11,1524,East,Basic,Active,10.00,9.13,0,0,0.87,"Partial Payment"
2024-11-01,2024-11,1525,South,Basic,Active,10.00,10.00,0,0,0.00,"Clean Transaction"
2024-11-01,2024-11,1527,East,Enterprise,Active,200.00,200.00,0,0,0.00,"Clean Transaction"
2024-11-01,2024-11,1529,South,Pro,Active,50.00,50.00,0,0,0.00,"Clean Transaction"
2024-11-01,2024-11,1530,South,Enterprise,Active,200.00,200.00,0,0,0.00,"Clean Transaction"
2024-11-01,2024-11,1531,North,Enterprise,Active,200.00,200.00,0,0,0.00,"Clean Transaction"
2024-11-01,2024-11,1532,West,Basic,Active,10.00,10.00,0,0,0.00,"Clean Transaction"
2024-11-01,2024-11,1533,North,Pro,Active,50.00,46.63,0,0,3.37,"Partial Payment"
2024-11-01,2024-11,1535,East,Basic,Active,10.00,10.00,0,0,0.00,"Clean Transaction"
2024-11-01,2024-11,1536,South,Pro,Active,50.00,50.00,0,0,0.00,"Clean Transaction"
2024-11-01,2024-11,1537,West,Pro,Active,50.00,50.00,0,0,0.00,"Clean Transaction"
2024-11-01,2024-11,1538,East,Pro,Active,50.00,50.00,0,0,0.00,"Clean Transaction"
2024-11-01,2024-11,1540,South,Pro,Active,50.00,50.00,0,0,0.00,"Clean Transaction"
2024-11-01,2024-11,1541,East,Enterprise,Active,200.00,200.00,0,0,0.00,"Clean Transaction"
2024-11-01,2024-11,1542,South,Pro,Active,50.00,50.00,0,0,0.00,"Clean Transaction"
2024-11-01,2024-11,1544,South,Pro,Cancelled,50.00,50.00,0,0,0.00,"Clean Transaction"
2024-11-01,2024-11,1545,North,Pro,Active,50.00,50.00,0,0,0.00,"Clean Transaction"
2024-11-01,2024-11,1546,West,Enterprise,Active,200.00,200.00,0,0,0.00,"Clean Transaction"
2024-11-01,2024-11,1548,West,Basic,Active,10.00,10.00,0,0,0.00,"Clean Transaction"
2024-11-01,2024-11,1549,South,Pro,Active,50.00,50.00,0,0,0.00,"Clean Transaction"
2024-11-01,2024-11,1550,East,Pro,Active,50.00,50.00,0,0,0.00,"Clean Transaction"
2024-11-01,2024-11,1551,North,Enterprise,Active,200.00,200.00,0,0,0.00,"Clean Transaction"
2024-11-01,2024-11,1553,North,Pro,Active,50.00,50.00,0,0,0.00,"Clean Transaction"
2024-11-01,2024-11,1554,West,Basic,Active,10.00,10.00,0,0,0.00,"Clean Transaction"
2024-11-01,2024-11,1556,West,Basic,Active,10.00,10.00,0,0,0.00,"Clean Transaction"
2024-11-01,2024-11,1557,West,Basic,Active,10.00,10.00,0,0,0.00,"Clean Transaction"
2024-11-01,2024-11,1558,South,Enterprise,Active,200.00,200.00,0,0,0.00,"Clean Transaction"
2024-11-01,2024-11,1559,West,Basic,Active,10.00,10.00,0,0,0.00,"Clean Transaction"
2024-11-01,2024-11,1560,South,Enterprise,Active,200.00,200.00,0,0,0.00,"Clean Transaction"
2024-11-01,2024-11,1561,West,Enterprise,Active,200.00,200.00,0,0,0.00,"Clean Transaction"
2024-11-01,2024-11,1562,East,Basic,Active,10.00,9.58,0,0,0.42,"Partial Payment"
2024-11-01,2024-11,1563,East,Enterprise,Active,200.00,200.00,0,0,0.00,"Clean Transaction"
2024-11-01,2024-11,1564,East,Pro,Active,50.00,48.15,0,0,1.85,"Partial Payment"
2024-11-01,2024-11,1565,West,Basic,Active,10.00,10.00,0,0,0.00,"Clean Transaction"
2024-11-01,2024-11,1566,South,Enterprise,Active,200.00,200.00,0,0,0.00,"Clean Transaction"
2024-11-01,2024-11,1567,South,Basic,Active,10.00,10.00,0,0,0.00,"Clean Transaction"
2024-11-01,2024-11,1568,West,Pro,Active,50.00,48.00,0,0,2.00,"Partial Payment"
2024-11-01,2024-11,1569,East,Pro,Active,50.00,50.00,0,0,0.00,"Clean Transaction"
2024-11-01,2024-11,1570,East,Pro,Active,50.00,50.00,0,0,0.00,"Clean Transaction"
2024-11-01,2024-11,1571,South,Basic,Active,10.00,10.00,0,0,0.00,"Clean Transaction"
2024-11-01,2024-11,1572,East,Enterprise,Active,200.00,200.00,0,0,0.00,"Clean Transaction"
2024-11-01,2024-11,1573,North,Basic,Active,10.00,10.00,0,0,0.00,"Clean Transaction"
2024-11-01,2024-11,1574,South,Basic,Active,10.00,10.00,0,0,0.00,"Clean Transaction"
2024-11-01,2024-11,1575,East,Pro,Active,50.00,50.00,0,0,0.00,"Clean Transaction"
2024-11-01,2024-11,1576,South,Pro,Active,50.00,50.00,0,0,0.00,"Clean Transaction"
2024-11-01,2024-11,1578,South,Basic,Active,10.00,10.00,0,0,0.00,"Clean Transaction"
2024-11-01,2024-11,1579,South,Basic,Active,10.00,10.00,0,0,0.00,"Clean Transaction"
2024-11-01,2024-11,1580,South,Basic,Active,10.00,10.00,0,0,0.00,"Clean Transaction"
2024-11-01,2024-11,1581,South,Pro,Active,50.00,50.00,0,0,0.00,"Clean Transaction"
2024-11-01,2024-11,1582,North,Pro,Active,50.00,50.00,0,0,0.00,"Clean Transaction"
2024-11-01,2024-11,1583,West,Enterprise,Cancelled,200.00,200.00,0,0,0.00,"Clean Transaction"
2024-11-01,2024-11,1585,South,Enterprise,Active,200.00,200.00,0,0,0.00,"Clean Transaction"
2024-11-01,2024-11,1586,East,Pro,Active,50.00,50.00,0,0,0.00,"Clean Transaction"
2024-11-01,2024-11,1587,South,Basic,Active,10.00,10.00,0,0,0.00,"Clean Transaction"
2024-11-01,2024-11,1588,East,Basic,Active,10.00,10.00,0,0,0.00,"Clean Transaction"
2024-11-01,2024-11,1589,West,Enterprise,Active,200.00,200.00,0,0,0.00,"Clean Transaction"
2024-11-01,2024-11,1590,North,Basic,Active,10.00,10.00,0,0,0.00,"Clean Transaction"
2024-11-01,2024-11,1591,North,Enterprise,Active,200.00,200.00,0,0,0.00,"Clean Transaction"
2024-11-01,2024-11,1592,West,Pro,Active,50.00,50.00,0,0,0.00,"Clean Transaction"
2024-11-01,2024-11,1593,North,Basic,Active,10.00,10.00,0,0,0.00,"Clean Transaction"
2024-11-01,2024-11,1594,West,Basic,Active,10.00,10.00,0,0,0.00,"Clean Transaction"
2024-11-01,2024-11,1595,West,Pro,Active,50.00,50.00,0,0,0.00,"Clean Transaction"
2024-11-01,2024-11,1597,North,Pro,Active,50.00,50.00,0,0,0.00,"Clean Transaction"
2024-11-01,2024-11,1598,East,Enterprise,Active,200.00,0.00,1,0,200.00,"Unpaid Invoice"
2024-11-01,2024-11,1599,West,Basic,Active,10.00,10.00,0,0,0.00,"Clean Transaction"
2024-11-01,2024-11,1600,South,Basic,Active,10.00,10.00,0,0,0.00,"Clean Transaction"
2024-11-01,2024-11,1601,North,Pro,Active,50.00,50.00,0,0,0.00,"Clean Transaction"
2024-11-01,2024-11,1602,West,Basic,Active,10.00,10.00,0,0,0.00,"Clean Transaction"
2024-11-01,2024-11,1603,West,Pro,Cancelled,50.00,50.00,0,0,0.00,"Clean Transaction"
2024-11-01,2024-11,1604,South,Basic,Active,10.00,10.00,0,0,0.00,"Clean Transaction"
2024-11-01,2024-11,1605,East,Basic,Active,10.00,10.00,0,0,0.00,"Clean Transaction"
2024-11-01,2024-11,1607,East,Enterprise,Active,200.00,200.00,0,0,0.00,"Clean Transaction"
2024-11-01,2024-11,1608,West,Pro,Active,50.00,50.00,0,0,0.00,"Clean Transaction"
2024-11-01,2024-11,1609,West,Pro,Active,50.00,50.00,0,0,0.00,"Clean Transaction"
2024-11-01,2024-11,1610,West,Basic,Active,10.00,10.00,0,0,0.00,"Clean Transaction"
2024-11-01,2024-11,1612,South,Basic,Active,10.00,10.00,0,0,0.00,"Clean Transaction"
2024-11-01,2024-11,1613,West,Enterprise,Active,200.00,200.00,0,0,0.00,"Clean Transaction"
2024-11-01,2024-11,1615,South,Enterprise,Active,200.00,200.00,0,0,0.00,"Clean Transaction"
2024-11-01,2024-11,1616,East,Pro,Active,50.00,50.00,0,0,0.00,"Clean Transaction"
2024-11-01,2024-11,1617,North,Basic,Active,10.00,10.00,0,0,0.00,"Clean Transaction"
2024-11-01,2024-11,1618,West,Enterprise,Active,200.00,200.00,0,0,0.00,"Clean Transaction"
2024-11-01,2024-11,1619,East,Basic,Active,10.00,10.00,0,0,0.00,"Clean Transaction"
2024-11-01,2024-11,1620,East,Basic,Active,10.00,10.00,0,0,0.00,"Clean Transaction"
2024-11-01,2024-11,1623,East,Basic,Active,10.00,10.00,0,0,0.00,"Clean Transaction"
2024-11-01,2024-11,1624,South,Pro,Active,50.00,50.00,0,0,0.00,"Clean Transaction"
2024-11-01,2024-11,1626,South,Pro,Active,50.00,50.00,0,0,0.00,"Clean Transaction"
2024-11-01,2024-11,1627,North,Pro,Active,50.00,50.00,0,0,0.00,"Clean Transaction"
2024-11-01,2024-11,1628,South,Basic,Active,10.00,10.00,0,0,0.00,"Clean Transaction"
2024-11-01,2024-11,1630,East,Enterprise,Active,200.00,200.00,0,0,0.00,"Clean Transaction"
2024-11-01,2024-11,1631,North,Pro,Active,50.00,50.00,0,0,0.00,"Clean Transaction"
2024-11-01,2024-11,1632,West,Basic,Cancelled,10.00,10.00,0,0,0.00,"Clean Transaction"
2024-11-01,2024-11,1633,North,Pro,Active,50.00,50.00,0,0,0.00,"Clean Transaction"
2024-11-01,2024-11,1634,North,Pro,Active,50.00,50.00,0,0,0.00,"Clean Transaction"
2024-11-01,2024-11,1635,South,Basic,Active,10.00,10.00,0,0,0.00,"Clean Transaction"
2024-11-01,2024-11,1636,South,Pro,Active,50.00,50.00,0,0,0.00,"Clean Transaction"
2024-11-01,2024-11,1637,North,Pro,Active,50.00,50.00,0,0,0.00,"Clean Transaction"
2024-11-01,2024-11,1638,East,Pro,Active,50.00,50.00,0,0,0.00,"Clean Transaction"
2024-11-01,2024-11,1639,South,Basic,Active,10.00,10.00,0,0,0.00,"Clean Transaction"
2024-11-01,2024-11,1640,West,Pro,Active,50.00,50.00,0,0,0.00,"Clean Transaction"
2024-11-01,2024-11,1641,South,Basic,Active,10.00,10.00,0,0,0.00,"Clean Transaction"
2024-11-01,2024-11,1642,South,Enterprise,Active,200.00,200.00,0,0,0.00,"Clean Transaction"
2024-11-01,2024-11,1643,West,Pro,Active,50.00,50.00,0,0,0.00,"Clean Transaction"
2024-11-01,2024-11,1644,North,Basic,Active,10.00,10.00,0,0,0.00,"Clean Transaction"
2024-11-01,2024-11,1645,West,Enterprise,Active,200.00,200.00,0,0,0.00,"Clean Transaction"
2024-11-01,2024-11,1646,North,Pro,Active,50.00,50.00,0,0,0.00,"Clean Transaction"
2024-11-01,2024-11,1647,North,Pro,Active,50.00,50.00,0,0,0.00,"Clean Transaction"
2024-11-01,2024-11,1648,North,Enterprise,Active,200.00,200.00,0,0,0.00,"Clean Transaction"
2024-11-01,2024-11,1649,West,Enterprise,Active,200.00,200.00,0,0,0.00,"Clean Transaction"
2024-11-01,2024-11,1650,North,Basic,Active,10.00,10.00,0,0,0.00,"Clean Transaction"
2024-11-01,2024-11,1651,East,Enterprise,Active,200.00,200.00,0,0,0.00,"Clean Transaction"
2024-11-01,2024-11,1652,West,Pro,Active,50.00,50.00,0,0,0.00,"Clean Transaction"
2024-11-01,2024-11,1654,North,Enterprise,Active,200.00,200.00,0,0,0.00,"Clean Transaction"
2024-11-01,2024-11,1655,South,Basic,Active,10.00,10.00,0,0,0.00,"Clean Transaction"
2024-11-01,2024-11,1656,North,Pro,Active,50.00,50.00,0,0,0.00,"Clean Transaction"
2024-11-01,2024-11,1657,East,Pro,Active,50.00,50.00,0,0,0.00,"Clean Transaction"
2024-11-01,2024-11,1658,East,Enterprise,Active,200.00,200.00,0,0,0.00,"Clean Transaction"
2024-11-01,2024-11,1661,West,Pro,Active,50.00,50.00,0,0,0.00,"Clean Transaction"
2024-11-01,2024-11,1662,East,Basic,Active,10.00,10.00,0,0,0.00,"Clean Transaction"
2024-11-01,2024-11,1663,North,Basic,Active,10.00,10.00,0,0,0.00,"Clean Transaction"
2024-11-01,2024-11,1664,South,Pro,Active,50.00,50.00,0,0,0.00,"Clean Transaction"
2024-11-01,2024-11,1665,North,Pro,Active,50.00,50.00,0,0,0.00,"Clean Transaction"
2024-11-01,2024-11,1666,North,Enterprise,Active,200.00,200.00,0,0,0.00,"Clean Transaction"
2024-11-01,2024-11,1667,South,Enterprise,Active,200.00,200.00,0,0,0.00,"Clean Transaction"
2024-11-01,2024-11,1668,West,Basic,Active,10.00,10.00,0,0,0.00,"Clean Transaction"
2024-11-01,2024-11,1669,North,Pro,Active,50.00,50.00,0,0,0.00,"Clean Transaction"
2024-11-01,2024-11,1670,East,Enterprise,Active,200.00,200.00,0,0,0.00,"Clean Transaction"
2024-11-01,2024-11,1671,North,Pro,Active,50.00,50.00,0,0,0.00,"Clean Transaction"
2024-11-01,2024-11,1672,South,Enterprise,Active,200.00,200.00,0,0,0.00,"Clean Transaction"
2024-11-01,2024-11,1673,South,Basic,Active,10.00,9.88,0,0,0.12,"Partial Payment"
2024-11-01,2024-11,1674,South,Pro,Active,50.00,50.00,0,0,0.00,"Clean Transaction"
2024-11-01,2024-11,1675,West,Enterprise,Active,200.00,200.00,0,0,0.00,"Clean Transaction"
2024-11-01,2024-11,1676,North,Pro,Active,50.00,50.00,0,0,0.00,"Clean Transaction"
2024-11-01,2024-11,1677,West,Basic,Active,10.00,10.00,0,0,0.00,"Clean Transaction"
2024-11-01,2024-11,1678,West,Basic,Active,10.00,10.00,0,0,0.00,"Clean Transaction"
2024-11-01,2024-11,1679,South,Basic,Active,10.00,10.00,0,0,0.00,"Clean Transaction"
2024-11-01,2024-11,1680,South,Enterprise,Active,200.00,200.00,0,0,0.00,"Clean Transaction"
2024-11-01,2024-11,1681,West,Pro,Active,50.00,50.00,0,0,0.00,"Clean Transaction"
2024-11-01,2024-11,1682,North,Basic,Active,10.00,10.00,0,0,0.00,"Clean Transaction"
2024-11-01,2024-11,1683,East,Enterprise,Active,200.00,200.00,0,0,0.00,"Clean Transaction"
2024-11-01,2024-11,1684,West,Basic,Active,10.00,10.00,0,0,0.00,"Clean Transaction"
2024-11-01,2024-11,1685,North,Pro,Active,50.00,50.00,0,0,0.00,"Clean Transaction"
2024-11-01,2024-11,1686,South,Basic,Active,10.00,10.00,0,0,0.00,"Clean Transaction"
2024-11-01,2024-11,1687,South,Enterprise,Active,200.00,200.00,0,0,0.00,"Clean Transaction"
2024-11-01,2024-11,1688,North,Basic,Active,10.00,10.00,0,0,0.00,"Clean Transaction"
2024-11-01,2024-11,1689,East,Basic,Active,10.00,10.00,0,0,0.00,"Clean Transaction"
2024-11-01,2024-11,1690,South,Enterprise,Active,200.00,200.00,0,0,0.00,"Clean Transaction"
2024-11-01,2024-11,1691,South,Basic,Active,10.00,10.00,0,0,0.00,"Clean Transaction"
2024-11-01,2024-11,1692,South,Basic,Cancelled,10.00,10.00,0,0,0.00,"Clean Transaction"
2024-11-01,2024-11,1693,North,Basic,Active,10.00,10.00,0,0,0.00,"Clean Transaction"
2024-11-01,2024-11,1695,South,Enterprise,Active,200.00,200.00,0,0,0.00,"Clean Transaction"
2024-11-01,2024-11,1696,West,Pro,Active,50.00,50.00,0,0,0.00,"Clean Transaction"
2024-11-01,2024-11,1697,East,Basic,Active,10.00,10.00,0,0,0.00,"Clean Transaction"
2024-11-01,2024-11,1698,South,Enterprise,Active,200.00,200.00,0,0,0.00,"Clean Transaction"
2024-11-01,2024-11,1699,South,Basic,Active,10.00,10.00,0,0,0.00,"Clean Transaction"
2024-11-01,2024-11,1701,South,Basic,Active,10.00,10.00,0,0,0.00,"Clean Transaction"
2024-11-01,2024-11,1702,West,Basic,Cancelled,10.00,10.00,0,0,0.00,"Clean Transaction"
2024-11-01,2024-11,1703,North,Basic,Active,10.00,10.00,0,0,0.00,"Clean Transaction"
2024-11-01,2024-11,1704,West,Enterprise,Active,200.00,200.00,0,0,0.00,"Clean Transaction"
2024-11-01,2024-11,1705,North,Basic,Active,10.00,10.00,0,0,0.00,"Clean Transaction"
2024-11-01,2024-11,1706,North,Enterprise,Active,200.00,0.00,1,0,200.00,"Unpaid Invoice"
2024-11-01,2024-11,1707,West,Pro,Active,50.00,50.00,0,0,0.00,"Clean Transaction"
2024-11-01,2024-11,1708,West,Enterprise,Active,200.00,200.00,0,0,0.00,"Clean Transaction"
2024-11-01,2024-11,1709,West,Pro,Active,50.00,50.00,0,0,0.00,"Clean Transaction"
2024-11-01,2024-11,1710,West,Pro,Active,50.00,50.00,0,0,0.00,"Clean Transaction"
2024-11-01,2024-11,1711,East,Enterprise,Active,200.00,200.00,0,0,0.00,"Clean Transaction"
2024-11-01,2024-11,1712,South,Pro,Active,50.00,50.00,0,0,0.00,"Clean Transaction"
2024-11-01,2024-11,1714,West,Pro,Active,50.00,50.00,0,0,0.00,"Clean Transaction"
2024-11-01,2024-11,1715,West,Basic,Active,10.00,10.00,0,0,0.00,"Clean Transaction"
2024-11-01,2024-11,1716,West,Pro,Active,50.00,50.00,0,0,0.00,"Clean Transaction"
2024-11-01,2024-11,1717,East,Basic,Active,10.00,10.00,0,0,0.00,"Clean Transaction"
2024-11-01,2024-11,1718,West,Pro,Active,50.00,50.00,0,0,0.00,"Clean Transaction"
2024-11-01,2024-11,1719,West,Pro,Active,50.00,50.00,0,0,0.00,"Clean Transaction"
2024-11-01,2024-11,1720,West,Basic,Active,10.00,10.00,0,0,0.00,"Clean Transaction"
2024-11-01,2024-11,1721,South,Basic,Active,10.00,10.00,0,0,0.00,"Clean Transaction"
2024-11-01,2024-11,1722,East,Pro,Active,50.00,50.00,0,0,0.00,"Clean Transaction"
2024-11-01,2024-11,1724,North,Pro,Active,50.00,50.00,0,0,0.00,"Clean Transaction"
2024-11-01,2024-11,1725,North,Pro,Active,50.00,50.00,0,0,0.00,"Clean Transaction"
2024-11-01,2024-11,1726,North,Pro,Active,50.00,50.00,0,0,0.00,"Clean Transaction"
2024-11-01,2024-11,1727,East,Basic,Active,10.00,10.00,0,0,0.00,"Clean Transaction"
2024-11-01,2024-11,1728,East,Basic,Active,10.00,10.00,0,0,0.00,"Clean Transaction"
2024-11-01,2024-11,1729,North,Basic,Active,10.00,10.00,0,0,0.00,"Clean Transaction"
2024-11-01,2024-11,1730,West,Enterprise,Active,200.00,200.00,0,0,0.00,"Clean Transaction"
2024-11-01,2024-11,1731,East,Basic,Active,10.00,10.00,0,0,0.00,"Clean Transaction"
2024-11-01,2024-11,1732,North,Basic,Active,10.00,10.00,0,0,0.00,"Clean Transaction"
2024-11-01,2024-11,1733,North,Basic,Active,10.00,10.00,0,0,0.00,"Clean Transaction"
2024-11-01,2024-11,1734,West,Basic,Active,10.00,10.00,0,0,0.00,"Clean Transaction"
2024-11-01,2024-11,1735,South,Pro,Active,50.00,45.94,0,0,4.06,"Partial Payment"
2024-11-01,2024-11,1737,West,Enterprise,Active,200.00,200.00,0,0,0.00,"Clean Transaction"
2024-11-01,2024-11,1738,North,Pro,Active,50.00,50.00,0,0,0.00,"Clean Transaction"
2024-11-01,2024-11,1739,North,Pro,Active,50.00,50.00,0,0,0.00,"Clean Transaction"
2024-11-01,2024-11,1740,West,Pro,Active,50.00,50.00,0,0,0.00,"Clean Transaction"
2024-11-01,2024-11,1741,East,Basic,Active,10.00,10.00,0,0,0.00,"Clean Transaction"
2024-11-01,2024-11,1743,South,Enterprise,Active,200.00,200.00,0,0,0.00,"Clean Transaction"
2024-11-01,2024-11,1744,North,Enterprise,Active,200.00,200.00,0,0,0.00,"Clean Transaction"
2024-11-01,2024-11,1745,East,Enterprise,Active,200.00,200.00,0,0,0.00,"Clean Transaction"
2024-11-01,2024-11,1746,South,Pro,Active,50.00,50.00,0,0,0.00,"Clean Transaction"
2024-11-01,2024-11,1747,East,Basic,Active,10.00,10.00,0,0,0.00,"Clean Transaction"
2024-11-01,2024-11,1748,East,Pro,Active,50.00,50.00,0,0,0.00,"Clean Transaction"
2024-11-01,2024-11,1749,North,Basic,Active,10.00,10.00,0,0,0.00,"Clean Transaction"
2024-11-01,2024-11,1750,South,Basic,Active,10.00,10.00,0,0,0.00,"Clean Transaction"
2024-11-01,2024-11,1751,West,Pro,Active,50.00,50.00,0,0,0.00,"Clean Transaction"
2024-11-01,2024-11,1752,North,Basic,Active,10.00,10.00,0,0,0.00,"Clean Transaction"
2024-11-01,2024-11,1753,South,Enterprise,Active,200.00,200.00,0,0,0.00,"Clean Transaction"
2024-11-01,2024-11,1754,South,Basic,Active,10.00,10.00,0,0,0.00,"Clean Transaction"
2024-11-01,2024-11,1755,South,Enterprise,Active,200.00,200.00,0,0,0.00,"Clean Transaction"
2024-11-01,2024-11,1756,South,Basic,Active,10.00,10.00,0,0,0.00,"Clean Transaction"
2024-11-01,2024-11,1757,South,Pro,Active,50.00,50.00,0,0,0.00,"Clean Transaction"
2024-11-01,2024-11,1758,East,Enterprise,Active,200.00,200.00,0,0,0.00,"Clean Transaction"
2024-11-01,2024-11,1759,North,Enterprise,Active,200.00,200.00,0,0,0.00,"Clean Transaction"
2024-11-01,2024-11,1760,East,Pro,Cancelled,50.00,50.00,0,0,0.00,"Clean Transaction"
2024-11-01,2024-11,1761,West,Enterprise,Active,200.00,200.00,0,0,0.00,"Clean Transaction"
2024-11-01,2024-11,1762,South,Basic,Active,10.00,10.00,0,0,0.00,"Clean Transaction"
2024-11-01,2024-11,1763,North,Basic,Active,10.00,10.00,0,0,0.00,"Clean Transaction"
2024-11-01,2024-11,1764,South,Enterprise,Active,200.00,200.00,0,0,0.00,"Clean Transaction"
2024-11-01,2024-11,1765,North,Pro,Active,50.00,50.00,0,0,0.00,"Clean Transaction"
2024-11-01,2024-11,1766,East,Enterprise,Active,200.00,200.00,0,0,0.00,"Clean Transaction"
2024-11-01,2024-11,1767,North,Basic,Active,10.00,10.00,0,0,0.00,"Clean Transaction"
2024-11-01,2024-11,1768,West,Pro,Active,50.00,50.00,0,0,0.00,"Clean Transaction"
2024-11-01,2024-11,1769,West,Pro,Active,50.00,50.00,0,0,0.00,"Clean Transaction"
2024-11-01,2024-11,1770,North,Basic,Active,10.00,10.00,0,0,0.00,"Clean Transaction"
2024-11-01,2024-11,1771,North,Enterprise,Active,200.00,200.00,0,0,0.00,"Clean Transaction"
2024-11-01,2024-11,1772,North,Pro,Active,50.00,50.00,0,0,0.00,"Clean Transaction"
2024-11-01,2024-11,1773,North,Enterprise,Active,200.00,200.00,0,0,0.00,"Clean Transaction"
2024-11-01,2024-11,1774,West,Enterprise,Active,200.00,200.00,0,0,0.00,"Clean Transaction"
2024-11-01,2024-11,1775,South,Enterprise,Active,200.00,200.00,0,0,0.00,"Clean Transaction"
2024-11-01,2024-11,1776,North,Basic,Active,10.00,10.00,0,0,0.00,"Clean Transaction"
2024-11-01,2024-11,1777,North,Pro,Active,50.00,50.00,0,0,0.00,"Clean Transaction"
2024-11-01,2024-11,1778,West,Enterprise,Active,200.00,200.00,0,0,0.00,"Clean Transaction"
2024-11-01,2024-11,1779,West,Basic,Active,10.00,10.00,0,0,0.00,"Clean Transaction"
2024-11-01,2024-11,1781,North,Basic,Active,10.00,10.00,0,0,0.00,"Clean Transaction"
2024-11-01,2024-11,1782,East,Basic,Active,10.00,10.00,0,0,0.00,"Clean Transaction"
2024-11-01,2024-11,1783,West,Pro,Active,50.00,49.45,0,0,0.55,"Partial Payment"
2024-11-01,2024-11,1784,West,Enterprise,Active,200.00,200.00,0,0,0.00,"Clean Transaction"
2024-11-01,2024-11,1785,South,Pro,Active,50.00,50.00,0,0,0.00,"Clean Transaction"
2024-11-01,2024-11,1786,North,Enterprise,Active,200.00,200.00,0,0,0.00,"Clean Transaction"
2024-11-01,2024-11,1787,East,Enterprise,Active,200.00,200.00,0,0,0.00,"Clean Transaction"
2024-11-01,2024-11,1788,West,Enterprise,Active,200.00,200.00,0,0,0.00,"Clean Transaction"
2024-11-01,2024-11,1789,West,Enterprise,Active,200.00,200.00,0,0,0.00,"Clean Transaction"
2024-11-01,2024-11,1790,East,Basic,Active,10.00,0.00,1,0,10.00,"Unpaid Invoice"
2024-11-01,2024-11,1791,South,Enterprise,Active,200.00,200.00,0,0,0.00,"Clean Transaction"
2024-11-01,2024-11,1792,West,Pro,Active,50.00,50.00,0,0,0.00,"Clean Transaction"
2024-11-01,2024-11,1793,North,Pro,Active,50.00,50.00,0,0,0.00,"Clean Transaction"
2024-11-01,2024-11,1794,West,Basic,Active,10.00,10.00,0,0,0.00,"Clean Transaction"
2024-11-01,2024-11,1795,North,Pro,Active,50.00,50.00,0,0,0.00,"Clean Transaction"
2024-11-01,2024-11,1796,East,Enterprise,Active,200.00,200.00,0,0,0.00,"Clean Transaction"
2024-11-01,2024-11,1797,North,Pro,Active,50.00,50.00,0,0,0.00,"Clean Transaction"
2024-11-01,2024-11,1798,East,Pro,Active,50.00,50.00,0,0,0.00,"Clean Transaction"
2024-11-01,2024-11,1799,North,Enterprise,Active,200.00,200.00,0,0,0.00,"Clean Transaction"
2024-11-01,2024-11,1802,South,Pro,Active,50.00,50.00,0,0,0.00,"Clean Transaction"
2024-11-01,2024-11,1803,North,Pro,Active,50.00,50.00,0,0,0.00,"Clean Transaction"
2024-11-01,2024-11,1804,North,Enterprise,Active,200.00,200.00,0,0,0.00,"Clean Transaction"
2024-11-01,2024-11,1805,South,Basic,Active,10.00,10.00,0,0,0.00,"Clean Transaction"
2024-11-01,2024-11,1806,West,Enterprise,Active,200.00,200.00,0,0,0.00,"Clean Transaction"
2024-11-01,2024-11,1807,West,Enterprise,Active,200.00,200.00,0,0,0.00,"Clean Transaction"
2024-11-01,2024-11,1808,North,Enterprise,Active,200.00,200.00,0,0,0.00,"Clean Transaction"
2024-11-01,2024-11,1810,North,Enterprise,Active,200.00,200.00,0,0,0.00,"Clean Transaction"
2024-11-01,2024-11,1811,East,Basic,Active,10.00,10.00,0,0,0.00,"Clean Transaction"
2024-11-01,2024-11,1812,East,Pro,Active,50.00,45.55,0,0,4.45,"Partial Payment"
2024-11-01,2024-11,1813,North,Pro,Active,50.00,50.00,0,0,0.00,"Clean Transaction"
2024-11-01,2024-11,1814,West,Pro,Active,50.00,50.00,0,0,0.00,"Clean Transaction"
2024-11-01,2024-11,1815,West,Pro,Active,50.00,50.00,0,0,0.00,"Clean Transaction"
2024-11-01,2024-11,1816,North,Pro,Active,50.00,50.00,0,0,0.00,"Clean Transaction"
2024-11-01,2024-11,1817,North,Enterprise,Active,200.00,200.00,0,0,0.00,"Clean Transaction"
2024-11-01,2024-11,1818,East,Pro,Active,50.00,50.00,0,0,0.00,"Clean Transaction"
2024-11-01,2024-11,1820,North,Basic,Active,10.00,10.00,0,0,0.00,"Clean Transaction"
2024-11-01,2024-11,1821,East,Basic,Active,10.00,10.00,0,0,0.00,"Clean Transaction"
2024-11-01,2024-11,1822,West,Basic,Active,10.00,10.00,0,0,0.00,"Clean Transaction"
2024-11-01,2024-11,1823,South,Enterprise,Active,200.00,200.00,0,0,0.00,"Clean Transaction"
2024-11-01,2024-11,1824,East,Pro,Active,50.00,50.00,0,0,0.00,"Clean Transaction"
2024-11-01,2024-11,1825,West,Pro,Active,50.00,50.00,0,0,0.00,"Clean Transaction"
2024-11-01,2024-11,1826,West,Enterprise,Active,200.00,181.16,0,0,18.84,"Partial Payment"
2024-11-01,2024-11,1827,East,Enterprise,Active,200.00,200.00,0,0,0.00,"Clean Transaction"
2024-11-01,2024-11,1828,South,Pro,Active,50.00,50.00,0,0,0.00,"Clean Transaction"
2024-11-01,2024-11,1829,East,Enterprise,Active,200.00,200.00,0,0,0.00,"Clean Transaction"
2024-11-01,2024-11,1830,West,Basic,Active,10.00,10.00,0,0,0.00,"Clean Transaction"
2024-11-01,2024-11,1831,North,Pro,Active,50.00,50.00,0,0,0.00,"Clean Transaction"
2024-11-01,2024-11,1832,North,Pro,Active,50.00,50.00,0,0,0.00,"Clean Transaction"
2024-11-01,2024-11,1833,East,Enterprise,Active,200.00,200.00,0,0,0.00,"Clean Transaction"
2024-11-01,2024-11,1834,West,Enterprise,Active,200.00,200.00,0,0,0.00,"Clean Transaction"
2024-11-01,2024-11,1835,North,Pro,Active,50.00,0.00,1,0,50.00,"Unpaid Invoice"
2024-11-01,2024-11,1836,West,Basic,Active,10.00,10.00,0,0,0.00,"Clean Transaction"
2024-11-01,2024-11,1837,East,Basic,Active,10.00,10.00,0,0,0.00,"Clean Transaction"
2024-11-01,2024-11,1838,North,Basic,Active,10.00,10.00,0,0,0.00,"Clean Transaction"
2024-11-01,2024-11,1839,West,Enterprise,Active,200.00,200.00,0,0,0.00,"Clean Transaction"
2024-11-01,2024-11,1840,North,Enterprise,Active,200.00,200.00,0,0,0.00,"Clean Transaction"
2024-11-01,2024-11,1841,East,Pro,Active,50.00,50.00,0,0,0.00,"Clean Transaction"
2024-11-01,2024-11,1842,West,Pro,Active,50.00,50.00,0,0,0.00,"Clean Transaction"
2024-11-01,2024-11,1843,North,Pro,Active,50.00,0.00,1,0,50.00,"Unpaid Invoice"
2024-11-01,2024-11,1844,East,Pro,Active,50.00,50.00,0,0,0.00,"Clean Transaction"
2024-11-01,2024-11,1845,North,Pro,Active,50.00,50.00,0,0,0.00,"Clean Transaction"
2024-11-01,2024-11,1846,North,Basic,Active,10.00,10.00,0,0,0.00,"Clean Transaction"
2024-11-01,2024-11,1848,South,Pro,Active,50.00,50.00,0,0,0.00,"Clean Transaction"
2024-11-01,2024-11,1849,East,Pro,Active,50.00,50.00,0,0,0.00,"Clean Transaction"
2024-11-01,2024-11,1851,East,Basic,Active,10.00,10.00,0,0,0.00,"Clean Transaction"
2024-11-01,2024-11,1852,South,Pro,Active,50.00,50.00,0,0,0.00,"Clean Transaction"
2024-11-01,2024-11,1853,North,Pro,Active,50.00,50.00,0,0,0.00,"Clean Transaction"
2024-11-01,2024-11,1854,East,Basic,Active,10.00,10.00,0,0,0.00,"Clean Transaction"
2024-11-01,2024-11,1855,East,Basic,Active,10.00,10.00,0,0,0.00,"Clean Transaction"
2024-11-01,2024-11,1856,North,Basic,Active,10.00,10.00,0,0,0.00,"Clean Transaction"
2024-11-01,2024-11,1857,East,Pro,Active,50.00,50.00,0,0,0.00,"Clean Transaction"
2024-11-01,2024-11,1858,East,Pro,Active,50.00,50.00,0,0,0.00,"Clean Transaction"
2024-11-01,2024-11,1859,South,Enterprise,Active,200.00,200.00,0,0,0.00,"Clean Transaction"
2024-11-01,2024-11,1860,East,Enterprise,Active,200.00,200.00,0,0,0.00,"Clean Transaction"
2024-11-01,2024-11,1861,West,Enterprise,Active,200.00,200.00,0,0,0.00,"Clean Transaction"
2024-11-01,2024-11,1862,North,Enterprise,Active,200.00,200.00,0,0,0.00,"Clean Transaction"
2024-11-01,2024-11,1863,South,Enterprise,Active,200.00,200.00,0,0,0.00,"Clean Transaction"
2024-11-01,2024-11,1864,South,Enterprise,Active,200.00,200.00,0,0,0.00,"Clean Transaction"
2024-11-01,2024-11,1865,West,Pro,Active,50.00,50.00,0,0,0.00,"Clean Transaction"
2024-11-01,2024-11,1866,North,Enterprise,Active,200.00,200.00,0,0,0.00,"Clean Transaction"
2024-11-01,2024-11,1867,North,Basic,Active,10.00,9.39,0,0,0.61,"Partial Payment"
2024-11-01,2024-11,1868,South,Enterprise,Active,200.00,200.00,0,0,0.00,"Clean Transaction"
2024-11-01,2024-11,1869,East,Enterprise,Active,200.00,200.00,0,0,0.00,"Clean Transaction"
2024-11-01,2024-11,1870,South,Pro,Active,50.00,50.00,0,0,0.00,"Clean Transaction"
2024-11-01,2024-11,1871,North,Enterprise,Active,200.00,200.00,0,0,0.00,"Clean Transaction"
2024-11-01,2024-11,1872,West,Basic,Active,10.00,10.00,0,0,0.00,"Clean Transaction"
2024-11-01,2024-11,1873,South,Basic,Active,10.00,10.00,0,0,0.00,"Clean Transaction"
2024-11-01,2024-11,1874,North,Pro,Active,50.00,47.72,0,0,2.28,"Partial Payment"
2024-11-01,2024-11,1875,South,Basic,Active,10.00,10.00,0,0,0.00,"Clean Transaction"
2024-11-01,2024-11,1876,East,Enterprise,Active,200.00,200.00,0,0,0.00,"Clean Transaction"
2024-11-01,2024-11,1877,South,Pro,Active,50.00,50.00,0,0,0.00,"Clean Transaction"
2024-11-01,2024-11,1878,South,Pro,Active,50.00,50.00,0,0,0.00,"Clean Transaction"
2024-11-01,2024-11,1879,North,Basic,Active,10.00,10.00,0,0,0.00,"Clean Transaction"
2024-11-01,2024-11,1881,North,Pro,Active,50.00,50.00,0,0,0.00,"Clean Transaction"
2024-11-01,2024-11,1882,South,Basic,Active,10.00,0.00,1,0,10.00,"Unpaid Invoice"
2024-11-01,2024-11,1884,West,Basic,Active,10.00,10.00,0,0,0.00,"Clean Transaction"
2024-11-01,2024-11,1885,West,Basic,Active,10.00,10.00,0,0,0.00,"Clean Transaction"
2024-11-01,2024-11,1886,North,Basic,Active,10.00,9.55,0,0,0.45,"Partial Payment"
2024-11-01,2024-11,1887,North,Pro,Active,50.00,50.00,0,0,0.00,"Clean Transaction"
2024-11-01,2024-11,1888,South,Basic,Active,10.00,10.00,0,0,0.00,"Clean Transaction"
2024-11-01,2024-11,1889,West,Enterprise,Active,200.00,200.00,0,0,0.00,"Clean Transaction"
2024-11-01,2024-11,1890,North,Pro,Active,50.00,50.00,0,0,0.00,"Clean Transaction"
2024-11-01,2024-11,1892,East,Enterprise,Active,200.00,200.00,0,0,0.00,"Clean Transaction"
2024-11-01,2024-11,1893,North,Enterprise,Active,200.00,200.00,0,0,0.00,"Clean Transaction"
2024-11-01,2024-11,1894,North,Pro,Active,50.00,50.00,0,0,0.00,"Clean Transaction"
2024-11-01,2024-11,1896,West,Enterprise,Active,200.00,200.00,0,0,0.00,"Clean Transaction"
2024-11-01,2024-11,1898,West,Pro,Active,50.00,50.00,0,0,0.00,"Clean Transaction"
2024-11-01,2024-11,1899,East,Enterprise,Active,200.00,200.00,0,0,0.00,"Clean Transaction"
2024-11-01,2024-11,1900,East,Pro,Active,50.00,50.00,0,0,0.00,"Clean Transaction"
2024-11-01,2024-11,1901,North,Enterprise,Active,200.00,185.21,0,0,14.79,"Partial Payment"
2024-11-01,2024-11,1902,West,Basic,Active,10.00,10.00,0,0,0.00,"Clean Transaction"
2024-11-01,2024-11,1903,South,Pro,Active,50.00,50.00,0,0,0.00,"Clean Transaction"
2024-11-01,2024-11,1904,East,Pro,Active,50.00,50.00,0,0,0.00,"Clean Transaction"
2024-11-01,2024-11,1905,East,Pro,Active,50.00,50.00,0,0,0.00,"Clean Transaction"
2024-11-01,2024-11,1906,South,Basic,Active,10.00,10.00,0,0,0.00,"Clean Transaction"
2024-11-01,2024-11,1907,South,Enterprise,Active,200.00,200.00,0,0,0.00,"Clean Transaction"
2024-11-01,2024-11,1908,East,Basic,Active,10.00,10.00,0,0,0.00,"Clean Transaction"
2024-11-01,2024-11,1909,East,Enterprise,Active,200.00,200.00,0,0,0.00,"Clean Transaction"
2024-11-01,2024-11,1910,South,Basic,Active,10.00,10.00,0,0,0.00,"Clean Transaction"
2024-11-01,2024-11,1911,East,Pro,Active,50.00,50.00,0,0,0.00,"Clean Transaction"
2024-11-01,2024-11,1912,North,Basic,Active,10.00,10.00,0,0,0.00,"Clean Transaction"
2024-11-01,2024-11,1914,South,Basic,Active,10.00,10.00,0,0,0.00,"Clean Transaction"
2024-11-01,2024-11,1916,South,Enterprise,Active,200.00,200.00,0,0,0.00,"Clean Transaction"
2024-11-01,2024-11,1917,South,Pro,Active,50.00,50.00,0,0,0.00,"Clean Transaction"
2024-11-01,2024-11,1918,West,Pro,Active,50.00,50.00,0,0,0.00,"Clean Transaction"
2024-11-01,2024-11,1919,West,Pro,Active,50.00,50.00,0,0,0.00,"Clean Transaction"
2024-11-01,2024-11,1920,West,Pro,Active,50.00,50.00,0,0,0.00,"Clean Transaction"
2024-11-01,2024-11,1921,North,Basic,Active,10.00,10.00,0,0,0.00,"Clean Transaction"
2024-11-01,2024-11,1922,East,Enterprise,Active,200.00,200.00,0,0,0.00,"Clean Transaction"
2024-11-01,2024-11,1923,North,Enterprise,Active,200.00,200.00,0,0,0.00,"Clean Transaction"
2024-11-01,2024-11,1924,East,Enterprise,Active,200.00,200.00,0,0,0.00,"Clean Transaction"
2024-11-01,2024-11,1925,North,Basic,Active,10.00,10.00,0,0,0.00,"Clean Transaction"
2024-11-01,2024-11,1926,East,Enterprise,Active,200.00,200.00,0,0,0.00,"Clean Transaction"
2024-11-01,2024-11,1927,North,Enterprise,Active,200.00,200.00,0,0,0.00,"Clean Transaction"
2024-11-01,2024-11,1928,West,Enterprise,Active,200.00,200.00,0,0,0.00,"Clean Transaction"
2024-11-01,2024-11,1929,South,Pro,Active,50.00,50.00,0,0,0.00,"Clean Transaction"
2024-11-01,2024-11,1931,East,Basic,Active,10.00,10.00,0,0,0.00,"Clean Transaction"
2024-11-01,2024-11,1933,North,Pro,Active,50.00,50.00,0,0,0.00,"Clean Transaction"
2024-11-01,2024-11,1934,North,Enterprise,Active,200.00,200.00,0,0,0.00,"Clean Transaction"
2024-11-01,2024-11,1935,West,Enterprise,Active,200.00,200.00,0,0,0.00,"Clean Transaction"
2024-11-01,2024-11,1936,North,Pro,Active,50.00,50.00,0,0,0.00,"Clean Transaction"
2024-11-01,2024-11,1937,South,Basic,Active,10.00,10.00,0,0,0.00,"Clean Transaction"
2024-11-01,2024-11,1939,South,Pro,Active,50.00,50.00,0,0,0.00,"Clean Transaction"
2024-11-01,2024-11,1941,West,Basic,Active,10.00,10.00,0,0,0.00,"Clean Transaction"
2024-11-01,2024-11,1942,North,Basic,Active,10.00,10.00,0,0,0.00,"Clean Transaction"
2024-11-01,2024-11,1943,West,Pro,Active,50.00,50.00,0,0,0.00,"Clean Transaction"
2024-11-01,2024-11,1944,North,Enterprise,Active,200.00,200.00,0,0,0.00,"Clean Transaction"
2024-11-01,2024-11,1946,East,Enterprise,Active,200.00,200.00,0,0,0.00,"Clean Transaction"
2024-11-01,2024-11,1947,North,Enterprise,Active,200.00,200.00,0,0,0.00,"Clean Transaction"
2024-11-01,2024-11,1948,West,Basic,Active,10.00,10.00,0,0,0.00,"Clean Transaction"
2024-11-01,2024-11,1949,South,Basic,Active,10.00,10.00,0,0,0.00,"Clean Transaction"
2024-11-01,2024-11,1950,North,Pro,Active,50.00,50.00,0,0,0.00,"Clean Transaction"
2024-11-01,2024-11,1951,East,Pro,Active,50.00,50.00,0,0,0.00,"Clean Transaction"
2024-11-01,2024-11,1952,West,Basic,Active,10.00,10.00,0,0,0.00,"Clean Transaction"
2024-11-01,2024-11,1953,North,Pro,Active,50.00,50.00,0,0,0.00,"Clean Transaction"
2024-11-01,2024-11,1954,West,Enterprise,Active,200.00,200.00,0,0,0.00,"Clean Transaction"
2024-11-01,2024-11,1955,East,Pro,Active,50.00,50.00,0,0,0.00,"Clean Transaction"
2024-11-01,2024-11,1956,East,Enterprise,Active,200.00,200.00,0,0,0.00,"Clean Transaction"
2024-11-01,2024-11,1957,West,Pro,Active,50.00,50.00,0,0,0.00,"Clean Transaction"
2024-11-01,2024-11,1958,North,Pro,Active,50.00,50.00,0,0,0.00,"Clean Transaction"
2024-11-01,2024-11,1959,South,Enterprise,Active,200.00,200.00,0,0,0.00,"Clean Transaction"
2024-11-01,2024-11,1960,East,Basic,Active,10.00,10.00,0,0,0.00,"Clean Transaction"
2024-11-01,2024-11,1961,North,Enterprise,Active,200.00,200.00,0,0,0.00,"Clean Transaction"
2024-11-01,2024-11,1962,North,Basic,Active,10.00,10.00,0,0,0.00,"Clean Transaction"
2024-11-01,2024-11,1964,East,Enterprise,Active,200.00,200.00,0,0,0.00,"Clean Transaction"
2024-11-01,2024-11,1965,East,Enterprise,Active,200.00,195.80,0,0,4.20,"Partial Payment"
2024-11-01,2024-11,1966,North,Basic,Active,10.00,10.00,0,0,0.00,"Clean Transaction"
2024-11-01,2024-11,1967,North,Enterprise,Active,200.00,200.00,0,0,0.00,"Clean Transaction"
2024-11-01,2024-11,1968,South,Enterprise,Active,200.00,200.00,0,0,0.00,"Clean Transaction"
2024-11-01,2024-11,1969,South,Enterprise,Active,200.00,200.00,0,0,0.00,"Clean Transaction"
2024-11-01,2024-11,1970,East,Basic,Active,10.00,10.00,0,0,0.00,"Clean Transaction"
2024-11-01,2024-11,1973,North,Basic,Active,10.00,0.00,1,0,10.00,"Unpaid Invoice"
2024-11-01,2024-11,1974,East,Enterprise,Active,200.00,200.00,0,0,0.00,"Clean Transaction"
2024-11-01,2024-11,1975,West,Pro,Active,50.00,50.00,0,0,0.00,"Clean Transaction"
2024-11-01,2024-11,1976,South,Basic,Active,10.00,10.00,0,0,0.00,"Clean Transaction"
2024-11-01,2024-11,1977,West,Pro,Active,50.00,50.00,0,0,0.00,"Clean Transaction"
2024-11-01,2024-11,1978,West,Enterprise,Active,200.00,200.00,0,0,0.00,"Clean Transaction"
2024-11-01,2024-11,1979,West,Enterprise,Active,200.00,200.00,0,0,0.00,"Clean Transaction"
2024-11-01,2024-11,1980,South,Enterprise,Active,200.00,195.67,0,0,4.33,"Partial Payment"
2024-11-01,2024-11,1981,West,Basic,Active,10.00,10.00,0,0,0.00,"Clean Transaction"
2024-11-01,2024-11,1982,West,Basic,Active,10.00,10.00,0,0,0.00,"Clean Transaction"
2024-11-01,2024-11,1983,West,Pro,Cancelled,50.00,50.00,0,0,0.00,"Clean Transaction"
2024-11-01,2024-11,1985,West,Enterprise,Active,200.00,200.00,0,0,0.00,"Clean Transaction"
2024-11-01,2024-11,1987,West,Basic,Active,10.00,10.00,0,0,0.00,"Clean Transaction"
2024-11-01,2024-11,1988,West,Enterprise,Active,200.00,200.00,0,0,0.00,"Clean Transaction"
2024-11-01,2024-11,1989,South,Basic,Active,10.00,10.00,0,0,0.00,"Clean Transaction"
2024-11-01,2024-11,1990,West,Enterprise,Active,200.00,200.00,0,0,0.00,"Clean Transaction"
2024-11-01,2024-11,1992,West,Basic,Active,10.00,10.00,0,0,0.00,"Clean Transaction"
2024-11-01,2024-11,1993,South,Pro,Active,50.00,50.00,0,0,0.00,"Clean Transaction"
2024-11-01,2024-11,1994,West,Basic,Active,10.00,10.00,0,0,0.00,"Clean Transaction"
2024-11-01,2024-11,1995,West,Basic,Active,10.00,10.00,0,0,0.00,"Clean Transaction"
2024-11-01,2024-11,1996,North,Basic,Active,10.00,10.00,0,0,0.00,"Clean Transaction"
2024-11-01,2024-11,1997,North,Basic,Active,10.00,10.00,0,0,0.00,"Clean Transaction"
2024-11-01,2024-11,1998,West,Basic,Active,10.00,10.00,0,0,0.00,"Clean Transaction"
2024-11-01,2024-11,1999,West,Pro,Active,50.00,50.00,0,0,0.00,"Clean Transaction"
2024-12-01,2024-12,1002,West,Basic,Active,10.00,10.00,0,0,0.00,"Clean Transaction"
2024-12-01,2024-12,1004,East,Basic,Active,10.00,10.00,0,0,0.00,"Clean Transaction"
2024-12-01,2024-12,1007,North,Enterprise,Active,200.00,200.00,0,0,0.00,"Clean Transaction"
2024-12-01,2024-12,1008,North,Pro,Active,50.00,50.00,0,0,0.00,"Clean Transaction"
2024-12-01,2024-12,1009,East,Enterprise,Active,200.00,200.00,0,0,0.00,"Clean Transaction"
2024-12-01,2024-12,1010,South,Pro,Active,50.00,50.00,0,0,0.00,"Clean Transaction"
2024-12-01,2024-12,1011,East,Basic,Active,10.00,10.00,0,0,0.00,"Clean Transaction"
2024-12-01,2024-12,1013,East,Basic,Active,10.00,10.00,0,0,0.00,"Clean Transaction"
2024-12-01,2024-12,1014,East,Basic,Active,10.00,10.00,0,0,0.00,"Clean Transaction"
2024-12-01,2024-12,1015,West,Basic,Active,10.00,10.00,0,0,0.00,"Clean Transaction"
2024-12-01,2024-12,1016,North,Basic,Active,10.00,10.00,0,0,0.00,"Clean Transaction"
2024-12-01,2024-12,1017,West,Pro,Active,50.00,50.00,0,0,0.00,"Clean Transaction"
2024-12-01,2024-12,1018,West,Pro,Active,50.00,50.00,0,0,0.00,"Clean Transaction"
2024-12-01,2024-12,1019,West,Enterprise,Active,200.00,200.00,0,0,0.00,"Clean Transaction"
2024-12-01,2024-12,1020,East,Pro,Active,50.00,50.00,0,0,0.00,"Clean Transaction"
2024-12-01,2024-12,1021,South,Pro,Active,50.00,50.00,0,0,0.00,"Clean Transaction"
2024-12-01,2024-12,1022,North,Basic,Active,10.00,10.00,0,0,0.00,"Clean Transaction"
2024-12-01,2024-12,1023,South,Enterprise,Active,200.00,200.00,0,0,0.00,"Clean Transaction"
2024-12-01,2024-12,1024,West,Pro,Active,50.00,50.00,0,0,0.00,"Clean Transaction"
2024-12-01,2024-12,1025,West,Enterprise,Active,200.00,200.00,0,0,0.00,"Clean Transaction"
2024-12-01,2024-12,1026,South,Pro,Active,50.00,50.00,0,0,0.00,"Clean Transaction"
2024-12-01,2024-12,1027,South,Pro,Active,50.00,50.00,0,0,0.00,"Clean Transaction"
2024-12-01,2024-12,1028,South,Enterprise,Active,200.00,200.00,0,0,0.00,"Clean Transaction"
2024-12-01,2024-12,1029,West,Basic,Active,10.00,10.00,0,0,0.00,"Clean Transaction"
2024-12-01,2024-12,1030,West,Enterprise,Active,200.00,200.00,0,0,0.00,"Clean Transaction"
2024-12-01,2024-12,1031,North,Basic,Active,10.00,10.00,0,0,0.00,"Clean Transaction"
2024-12-01,2024-12,1032,North,Pro,Active,50.00,50.00,0,0,0.00,"Clean Transaction"
2024-12-01,2024-12,1034,South,Pro,Active,50.00,50.00,0,0,0.00,"Clean Transaction"
2024-12-01,2024-12,1035,South,Enterprise,Active,200.00,200.00,0,0,0.00,"Clean Transaction"
2024-12-01,2024-12,1036,North,Enterprise,Active,200.00,180.99,0,0,19.01,"Partial Payment"
2024-12-01,2024-12,1037,West,Basic,Active,10.00,10.00,0,0,0.00,"Clean Transaction"
2024-12-01,2024-12,1038,North,Enterprise,Active,200.00,200.00,0,0,0.00,"Clean Transaction"
2024-12-01,2024-12,1039,North,Basic,Active,10.00,10.00,0,0,0.00,"Clean Transaction"
2024-12-01,2024-12,1040,East,Basic,Active,10.00,10.00,0,0,0.00,"Clean Transaction"
2024-12-01,2024-12,1041,East,Pro,Active,50.00,50.00,0,0,0.00,"Clean Transaction"
2024-12-01,2024-12,1043,South,Pro,Active,50.00,50.00,0,0,0.00,"Clean Transaction"
2024-12-01,2024-12,1044,West,Pro,Active,50.00,50.00,0,0,0.00,"Clean Transaction"
2024-12-01,2024-12,1048,East,Basic,Active,10.00,10.00,0,0,0.00,"Clean Transaction"
2024-12-01,2024-12,1049,South,Enterprise,Active,200.00,200.00,0,0,0.00,"Clean Transaction"
2024-12-01,2024-12,1050,South,Pro,Active,50.00,50.00,0,0,0.00,"Clean Transaction"
2024-12-01,2024-12,1051,East,Pro,Active,50.00,50.00,0,0,0.00,"Clean Transaction"
2024-12-01,2024-12,1053,East,Enterprise,Active,200.00,200.00,0,0,0.00,"Clean Transaction"
2024-12-01,2024-12,1054,West,Basic,Active,10.00,10.00,0,0,0.00,"Clean Transaction"
2024-12-01,2024-12,1055,East,Enterprise,Active,200.00,200.00,0,0,0.00,"Clean Transaction"
2024-12-01,2024-12,1056,West,Enterprise,Active,200.00,200.00,0,0,0.00,"Clean Transaction"
2024-12-01,2024-12,1057,West,Enterprise,Active,200.00,200.00,0,0,0.00,"Clean Transaction"
2024-12-01,2024-12,1058,North,Pro,Active,50.00,50.00,0,0,0.00,"Clean Transaction"
2024-12-01,2024-12,1059,East,Basic,Active,10.00,10.00,0,0,0.00,"Clean Transaction"
2024-12-01,2024-12,1060,North,Pro,Active,50.00,50.00,0,0,0.00,"Clean Transaction"
2024-12-01,2024-12,1061,East,Pro,Active,50.00,50.00,0,0,0.00,"Clean Transaction"
2024-12-01,2024-12,1062,East,Pro,Active,50.00,50.00,0,0,0.00,"Clean Transaction"
2024-12-01,2024-12,1063,North,Basic,Active,10.00,10.00,0,0,0.00,"Clean Transaction"
2024-12-01,2024-12,1064,North,Basic,Active,10.00,10.00,0,0,0.00,"Clean Transaction"
2024-12-01,2024-12,1065,East,Pro,Active,50.00,50.00,0,0,0.00,"Clean Transaction"
2024-12-01,2024-12,1066,South,Basic,Active,10.00,10.00,0,0,0.00,"Clean Transaction"
2024-12-01,2024-12,1067,West,Pro,Active,50.00,50.00,0,0,0.00,"Clean Transaction"
2024-12-01,2024-12,1068,North,Enterprise,Active,200.00,200.00,0,0,0.00,"Clean Transaction"
2024-12-01,2024-12,1069,West,Enterprise,Active,200.00,200.00,0,0,0.00,"Clean Transaction"
2024-12-01,2024-12,1070,South,Enterprise,Active,200.00,200.00,0,0,0.00,"Clean Transaction"
2024-12-01,2024-12,1071,South,Enterprise,Active,200.00,200.00,0,0,0.00,"Clean Transaction"
2024-12-01,2024-12,1073,North,Enterprise,Active,200.00,200.00,0,0,0.00,"Clean Transaction"
2024-12-01,2024-12,1075,North,Enterprise,Active,200.00,200.00,0,0,0.00,"Clean Transaction"
2024-12-01,2024-12,1076,South,Enterprise,Active,200.00,200.00,0,0,0.00,"Clean Transaction"
2024-12-01,2024-12,1077,West,Basic,Active,10.00,10.00,0,0,0.00,"Clean Transaction"
2024-12-01,2024-12,1078,West,Pro,Active,50.00,50.00,0,0,0.00,"Clean Transaction"
2024-12-01,2024-12,1079,East,Basic,Active,10.00,10.00,0,0,0.00,"Clean Transaction"
2024-12-01,2024-12,1080,West,Enterprise,Active,200.00,200.00,0,0,0.00,"Clean Transaction"
2024-12-01,2024-12,1081,East,Pro,Active,50.00,50.00,0,0,0.00,"Clean Transaction"
2024-12-01,2024-12,1082,West,Basic,Active,10.00,10.00,0,0,0.00,"Clean Transaction"
2024-12-01,2024-12,1085,East,Basic,Active,10.00,10.00,0,0,0.00,"Clean Transaction"
2024-12-01,2024-12,1086,East,Basic,Active,10.00,0.00,1,0,10.00,"Unpaid Invoice"
2024-12-01,2024-12,1087,South,Pro,Active,50.00,50.00,0,0,0.00,"Clean Transaction"
2024-12-01,2024-12,1088,North,Pro,Active,50.00,50.00,0,0,0.00,"Clean Transaction"
2024-12-01,2024-12,1089,West,Basic,Active,10.00,10.00,0,0,0.00,"Clean Transaction"
2024-12-01,2024-12,1090,South,Pro,Active,50.00,50.00,0,0,0.00,"Clean Transaction"
2024-12-01,2024-12,1091,West,Basic,Active,10.00,10.00,0,0,0.00,"Clean Transaction"
2024-12-01,2024-12,1092,West,Basic,Active,10.00,10.00,0,0,0.00,"Clean Transaction"
2024-12-01,2024-12,1093,South,Pro,Active,50.00,50.00,0,0,0.00,"Clean Transaction"
2024-12-01,2024-12,1094,South,Basic,Active,10.00,10.00,0,0,0.00,"Clean Transaction"
2024-12-01,2024-12,1095,South,Pro,Active,50.00,50.00,0,0,0.00,"Clean Transaction"
2024-12-01,2024-12,1096,South,Pro,Active,50.00,50.00,0,0,0.00,"Clean Transaction"
2024-12-01,2024-12,1097,South,Enterprise,Active,200.00,200.00,0,0,0.00,"Clean Transaction"
2024-12-01,2024-12,1098,West,Enterprise,Active,200.00,200.00,0,0,0.00,"Clean Transaction"
2024-12-01,2024-12,1099,South,Enterprise,Active,200.00,200.00,0,0,0.00,"Clean Transaction"
2024-12-01,2024-12,1100,North,Basic,Active,10.00,10.00,0,0,0.00,"Clean Transaction"
2024-12-01,2024-12,1101,East,Enterprise,Active,200.00,200.00,0,0,0.00,"Clean Transaction"
2024-12-01,2024-12,1102,South,Enterprise,Active,200.00,200.00,0,0,0.00,"Clean Transaction"
2024-12-01,2024-12,1103,South,Enterprise,Active,200.00,200.00,0,0,0.00,"Clean Transaction"
2024-12-01,2024-12,1104,West,Enterprise,Active,200.00,200.00,0,0,0.00,"Clean Transaction"
2024-12-01,2024-12,1105,South,Pro,Active,50.00,50.00,0,0,0.00,"Clean Transaction"
2024-12-01,2024-12,1106,South,Basic,Active,10.00,10.00,0,0,0.00,"Clean Transaction"
2024-12-01,2024-12,1107,South,Basic,Active,10.00,10.00,0,0,0.00,"Clean Transaction"
2024-12-01,2024-12,1108,West,Pro,Active,50.00,50.00,0,0,0.00,"Clean Transaction"
2024-12-01,2024-12,1109,South,Pro,Active,50.00,50.00,0,0,0.00,"Clean Transaction"
2024-12-01,2024-12,1110,East,Basic,Active,10.00,10.00,0,0,0.00,"Clean Transaction"
2024-12-01,2024-12,1111,West,Enterprise,Active,200.00,200.00,0,0,0.00,"Clean Transaction"
2024-12-01,2024-12,1112,East,Enterprise,Active,200.00,200.00,0,0,0.00,"Clean Transaction"
2024-12-01,2024-12,1113,West,Basic,Active,10.00,9.52,0,0,0.48,"Partial Payment"
2024-12-01,2024-12,1114,South,Basic,Active,10.00,10.00,0,0,0.00,"Clean Transaction"
2024-12-01,2024-12,1116,West,Enterprise,Active,200.00,200.00,0,0,0.00,"Clean Transaction"
2024-12-01,2024-12,1117,North,Pro,Active,50.00,50.00,0,0,0.00,"Clean Transaction"
2024-12-01,2024-12,1118,South,Enterprise,Active,200.00,200.00,0,0,0.00,"Clean Transaction"
2024-12-01,2024-12,1119,West,Pro,Active,50.00,50.00,0,0,0.00,"Clean Transaction"
2024-12-01,2024-12,1120,North,Pro,Active,50.00,50.00,0,0,0.00,"Clean Transaction"
2024-12-01,2024-12,1121,West,Enterprise,Active,200.00,182.08,0,0,17.92,"Partial Payment"
2024-12-01,2024-12,1122,North,Basic,Active,10.00,10.00,0,0,0.00,"Clean Transaction"
2024-12-01,2024-12,1123,South,Enterprise,Active,200.00,200.00,0,0,0.00,"Clean Transaction"
2024-12-01,2024-12,1125,North,Pro,Active,50.00,50.00,0,0,0.00,"Clean Transaction"
2024-12-01,2024-12,1126,West,Basic,Active,10.00,10.00,0,0,0.00,"Clean Transaction"
2024-12-01,2024-12,1127,South,Pro,Active,50.00,50.00,0,0,0.00,"Clean Transaction"
2024-12-01,2024-12,1128,North,Enterprise,Active,200.00,200.00,0,0,0.00,"Clean Transaction"
2024-12-01,2024-12,1129,West,Basic,Active,10.00,10.00,0,0,0.00,"Clean Transaction"
2024-12-01,2024-12,1131,West,Pro,Active,50.00,50.00,0,0,0.00,"Clean Transaction"
2024-12-01,2024-12,1132,North,Pro,Active,50.00,50.00,0,0,0.00,"Clean Transaction"
2024-12-01,2024-12,1133,North,Enterprise,Active,200.00,200.00,0,0,0.00,"Clean Transaction"
2024-12-01,2024-12,1134,North,Enterprise,Active,200.00,200.00,0,0,0.00,"Clean Transaction"
2024-12-01,2024-12,1135,East,Enterprise,Active,200.00,200.00,0,0,0.00,"Clean Transaction"
2024-12-01,2024-12,1136,North,Basic,Active,10.00,10.00,0,0,0.00,"Clean Transaction"
2024-12-01,2024-12,1137,North,Basic,Active,10.00,10.00,0,0,0.00,"Clean Transaction"
2024-12-01,2024-12,1138,North,Enterprise,Active,200.00,200.00,0,0,0.00,"Clean Transaction"
2024-12-01,2024-12,1139,East,Pro,Active,50.00,50.00,0,0,0.00,"Clean Transaction"
2024-12-01,2024-12,1140,North,Basic,Active,10.00,9.60,0,0,0.40,"Partial Payment"
2024-12-01,2024-12,1141,West,Pro,Active,50.00,50.00,0,0,0.00,"Clean Transaction"
2024-12-01,2024-12,1143,West,Basic,Active,10.00,10.00,0,0,0.00,"Clean Transaction"
2024-12-01,2024-12,1144,West,Enterprise,Active,200.00,200.00,0,0,0.00,"Clean Transaction"
2024-12-01,2024-12,1145,West,Basic,Active,10.00,10.00,0,0,0.00,"Clean Transaction"
2024-12-01,2024-12,1147,East,Enterprise,Active,200.00,200.00,0,0,0.00,"Clean Transaction"
2024-12-01,2024-12,1148,East,Pro,Active,50.00,50.00,0,0,0.00,"Clean Transaction"
2024-12-01,2024-12,1149,North,Pro,Active,50.00,50.00,0,0,0.00,"Clean Transaction"
2024-12-01,2024-12,1150,West,Basic,Active,10.00,10.00,0,0,0.00,"Clean Transaction"
2024-12-01,2024-12,1151,East,Pro,Active,50.00,50.00,0,0,0.00,"Clean Transaction"
2024-12-01,2024-12,1152,East,Pro,Active,50.00,50.00,0,0,0.00,"Clean Transaction"
2024-12-01,2024-12,1153,North,Enterprise,Active,200.00,200.00,0,0,0.00,"Clean Transaction"
2024-12-01,2024-12,1154,East,Enterprise,Active,200.00,200.00,0,0,0.00,"Clean Transaction"
2024-12-01,2024-12,1155,North,Basic,Active,10.00,10.00,0,0,0.00,"Clean Transaction"
2024-12-01,2024-12,1156,South,Pro,Active,50.00,50.00,0,0,0.00,"Clean Transaction"
2024-12-01,2024-12,1157,East,Enterprise,Active,200.00,200.00,0,0,0.00,"Clean Transaction"
2024-12-01,2024-12,1158,South,Pro,Active,50.00,50.00,0,0,0.00,"Clean Transaction"
2024-12-01,2024-12,1159,North,Pro,Active,50.00,46.74,0,0,3.26,"Partial Payment"
2024-12-01,2024-12,1160,West,Basic,Active,10.00,10.00,0,0,0.00,"Clean Transaction"
2024-12-01,2024-12,1161,East,Enterprise,Active,200.00,200.00,0,0,0.00,"Clean Transaction"
2024-12-01,2024-12,1162,North,Basic,Active,10.00,10.00,0,0,0.00,"Clean Transaction"
2024-12-01,2024-12,1163,West,Basic,Active,10.00,10.00,0,0,0.00,"Clean Transaction"
2024-12-01,2024-12,1164,West,Pro,Active,50.00,50.00,0,0,0.00,"Clean Transaction"
2024-12-01,2024-12,1165,South,Basic,Active,10.00,10.00,0,0,0.00,"Clean Transaction"
2024-12-01,2024-12,1166,North,Pro,Active,50.00,50.00,0,0,0.00,"Clean Transaction"
2024-12-01,2024-12,1168,East,Pro,Active,50.00,50.00,0,0,0.00,"Clean Transaction"
2024-12-01,2024-12,1169,East,Pro,Active,50.00,50.00,0,0,0.00,"Clean Transaction"
2024-12-01,2024-12,1170,South,Pro,Active,50.00,50.00,0,0,0.00,"Clean Transaction"
2024-12-01,2024-12,1171,West,Pro,Active,50.00,50.00,0,0,0.00,"Clean Transaction"
2024-12-01,2024-12,1172,North,Pro,Active,50.00,46.47,0,0,3.53,"Partial Payment"
2024-12-01,2024-12,1173,East,Basic,Active,10.00,10.00,0,0,0.00,"Clean Transaction"
2024-12-01,2024-12,1174,West,Basic,Active,10.00,10.00,0,0,0.00,"Clean Transaction"
2024-12-01,2024-12,1175,West,Pro,Active,50.00,50.00,0,0,0.00,"Clean Transaction"
2024-12-01,2024-12,1176,South,Pro,Active,50.00,50.00,0,0,0.00,"Clean Transaction"
2024-12-01,2024-12,1177,East,Pro,Active,50.00,50.00,0,0,0.00,"Clean Transaction"
2024-12-01,2024-12,1178,East,Basic,Active,10.00,10.00,0,0,0.00,"Clean Transaction"
2024-12-01,2024-12,1179,North,Pro,Active,50.00,50.00,0,0,0.00,"Clean Transaction"
2024-12-01,2024-12,1180,East,Basic,Active,10.00,0.00,1,0,10.00,"Unpaid Invoice"
2024-12-01,2024-12,1181,North,Basic,Active,10.00,10.00,0,0,0.00,"Clean Transaction"
2024-12-01,2024-12,1182,East,Basic,Active,10.00,10.00,0,0,0.00,"Clean Transaction"
2024-12-01,2024-12,1183,South,Pro,Active,50.00,50.00,0,0,0.00,"Clean Transaction"
2024-12-01,2024-12,1184,East,Basic,Active,10.00,10.00,0,0,0.00,"Clean Transaction"
2024-12-01,2024-12,1185,North,Basic,Active,10.00,10.00,0,0,0.00,"Clean Transaction"
2024-12-01,2024-12,1186,North,Pro,Active,50.00,50.00,0,0,0.00,"Clean Transaction"
2024-12-01,2024-12,1187,South,Pro,Active,50.00,50.00,0,0,0.00,"Clean Transaction"
2024-12-01,2024-12,1188,East,Basic,Active,10.00,10.00,0,0,0.00,"Clean Transaction"
2024-12-01,2024-12,1189,East,Basic,Active,10.00,10.00,0,0,0.00,"Clean Transaction"
2024-12-01,2024-12,1190,South,Enterprise,Active,200.00,200.00,0,0,0.00,"Clean Transaction"
2024-12-01,2024-12,1191,East,Enterprise,Active,200.00,200.00,0,0,0.00,"Clean Transaction"
2024-12-01,2024-12,1192,East,Enterprise,Active,200.00,200.00,0,0,0.00,"Clean Transaction"
2024-12-01,2024-12,1193,North,Pro,Active,50.00,50.00,0,0,0.00,"Clean Transaction"
2024-12-01,2024-12,1194,East,Pro,Active,50.00,50.00,0,0,0.00,"Clean Transaction"
2024-12-01,2024-12,1195,East,Enterprise,Active,200.00,190.42,0,0,9.58,"Partial Payment"
2024-12-01,2024-12,1197,South,Basic,Active,10.00,10.00,0,0,0.00,"Clean Transaction"
2024-12-01,2024-12,1198,West,Basic,Active,10.00,10.00,0,0,0.00,"Clean Transaction"
2024-12-01,2024-12,1199,North,Pro,Active,50.00,50.00,0,0,0.00,"Clean Transaction"
2024-12-01,2024-12,1200,East,Enterprise,Active,200.00,200.00,0,0,0.00,"Clean Transaction"
2024-12-01,2024-12,1201,East,Enterprise,Active,200.00,200.00,0,0,0.00,"Clean Transaction"
2024-12-01,2024-12,1204,North,Enterprise,Active,200.00,200.00,0,0,0.00,"Clean Transaction"
2024-12-01,2024-12,1205,West,Pro,Active,50.00,50.00,0,0,0.00,"Clean Transaction"
2024-12-01,2024-12,1206,North,Enterprise,Active,200.00,200.00,0,0,0.00,"Clean Transaction"
2024-12-01,2024-12,1207,West,Basic,Active,10.00,10.00,0,0,0.00,"Clean Transaction"
2024-12-01,2024-12,1209,South,Enterprise,Active,200.00,200.00,0,0,0.00,"Clean Transaction"
2024-12-01,2024-12,1210,North,Basic,Active,10.00,10.00,0,0,0.00,"Clean Transaction"
2024-12-01,2024-12,1212,East,Basic,Active,10.00,10.00,0,0,0.00,"Clean Transaction"
2024-12-01,2024-12,1213,North,Pro,Active,50.00,50.00,0,0,0.00,"Clean Transaction"
2024-12-01,2024-12,1214,East,Basic,Active,10.00,10.00,0,0,0.00,"Clean Transaction"
2024-12-01,2024-12,1215,East,Enterprise,Active,200.00,200.00,0,0,0.00,"Clean Transaction"
2024-12-01,2024-12,1216,North,Pro,Active,50.00,50.00,0,0,0.00,"Clean Transaction"
2024-12-01,2024-12,1217,West,Pro,Active,50.00,50.00,0,0,0.00,"Clean Transaction"
2024-12-01,2024-12,1218,North,Basic,Active,10.00,10.00,0,0,0.00,"Clean Transaction"
2024-12-01,2024-12,1219,West,Enterprise,Active,200.00,200.00,0,0,0.00,"Clean Transaction"
2024-12-01,2024-12,1220,East,Pro,Active,50.00,50.00,0,0,0.00,"Clean Transaction"
2024-12-01,2024-12,1221,East,Pro,Active,50.00,50.00,0,0,0.00,"Clean Transaction"
2024-12-01,2024-12,1222,East,Enterprise,Active,200.00,200.00,0,0,0.00,"Clean Transaction"
2024-12-01,2024-12,1223,South,Basic,Active,10.00,10.00,0,0,0.00,"Clean Transaction"
2024-12-01,2024-12,1224,West,Basic,Active,10.00,10.00,0,0,0.00,"Clean Transaction"
2024-12-01,2024-12,1225,South,Pro,Active,50.00,50.00,0,0,0.00,"Clean Transaction"
2024-12-01,2024-12,1226,South,Pro,Active,50.00,50.00,0,0,0.00,"Clean Transaction"
2024-12-01,2024-12,1228,South,Enterprise,Active,200.00,200.00,0,0,0.00,"Clean Transaction"
2024-12-01,2024-12,1231,South,Enterprise,Active,200.00,200.00,0,0,0.00,"Clean Transaction"
2024-12-01,2024-12,1232,West,Basic,Active,10.00,10.00,0,0,0.00,"Clean Transaction"
2024-12-01,2024-12,1233,West,Basic,Active,10.00,10.00,0,0,0.00,"Clean Transaction"
2024-12-01,2024-12,1234,West,Pro,Active,50.00,50.00,0,0,0.00,"Clean Transaction"
2024-12-01,2024-12,1235,West,Pro,Active,50.00,50.00,0,0,0.00,"Clean Transaction"
2024-12-01,2024-12,1238,South,Enterprise,Active,200.00,200.00,0,0,0.00,"Clean Transaction"
2024-12-01,2024-12,1239,East,Pro,Active,50.00,50.00,0,0,0.00,"Clean Transaction"
2024-12-01,2024-12,1240,West,Enterprise,Active,200.00,200.00,0,0,0.00,"Clean Transaction"
2024-12-01,2024-12,1241,South,Basic,Active,10.00,9.89,0,0,0.11,"Partial Payment"
2024-12-01,2024-12,1243,West,Enterprise,Active,200.00,200.00,0,0,0.00,"Clean Transaction"
2024-12-01,2024-12,1244,North,Enterprise,Active,200.00,200.00,0,0,0.00,"Clean Transaction"
2024-12-01,2024-12,1245,East,Basic,Active,10.00,10.00,0,0,0.00,"Clean Transaction"
2024-12-01,2024-12,1246,South,Pro,Active,50.00,50.00,0,0,0.00,"Clean Transaction"
2024-12-01,2024-12,1248,North,Pro,Active,50.00,50.00,0,0,0.00,"Clean Transaction"
2024-12-01,2024-12,1249,North,Enterprise,Active,200.00,200.00,0,0,0.00,"Clean Transaction"
2024-12-01,2024-12,1250,East,Basic,Active,10.00,10.00,0,0,0.00,"Clean Transaction"
2024-12-01,2024-12,1251,South,Enterprise,Active,200.00,200.00,0,0,0.00,"Clean Transaction"
2024-12-01,2024-12,1252,North,Basic,Active,10.00,10.00,0,0,0.00,"Clean Transaction"
2024-12-01,2024-12,1253,West,Basic,Active,10.00,10.00,0,0,0.00,"Clean Transaction"
2024-12-01,2024-12,1254,North,Enterprise,Active,200.00,200.00,0,0,0.00,"Clean Transaction"
2024-12-01,2024-12,1255,North,Basic,Active,10.00,10.00,0,0,0.00,"Clean Transaction"
2024-12-01,2024-12,1256,East,Pro,Active,50.00,50.00,0,0,0.00,"Clean Transaction"
2024-12-01,2024-12,1257,East,Basic,Active,10.00,10.00,0,0,0.00,"Clean Transaction"
2024-12-01,2024-12,1258,South,Pro,Active,50.00,50.00,0,0,0.00,"Clean Transaction"
2024-12-01,2024-12,1259,West,Enterprise,Active,200.00,200.00,0,0,0.00,"Clean Transaction"
2024-12-01,2024-12,1260,East,Pro,Active,50.00,50.00,0,0,0.00,"Clean Transaction"
2024-12-01,2024-12,1261,North,Basic,Active,10.00,10.00,0,0,0.00,"Clean Transaction"
2024-12-01,2024-12,1263,North,Enterprise,Active,200.00,200.00,0,0,0.00,"Clean Transaction"
2024-12-01,2024-12,1264,North,Enterprise,Active,200.00,200.00,0,0,0.00,"Clean Transaction"
2024-12-01,2024-12,1265,East,Enterprise,Active,200.00,200.00,0,0,0.00,"Clean Transaction"
2024-12-01,2024-12,1266,South,Basic,Active,10.00,10.00,0,0,0.00,"Clean Transaction"
2024-12-01,2024-12,1267,West,Basic,Active,10.00,10.00,0,0,0.00,"Clean Transaction"
2024-12-01,2024-12,1268,West,Basic,Active,10.00,10.00,0,0,0.00,"Clean Transaction"
2024-12-01,2024-12,1269,East,Enterprise,Active,200.00,200.00,0,0,0.00,"Clean Transaction"
2024-12-01,2024-12,1270,East,Basic,Active,10.00,9.47,0,0,0.53,"Partial Payment"
2024-12-01,2024-12,1271,South,Enterprise,Active,200.00,200.00,0,0,0.00,"Clean Transaction"
2024-12-01,2024-12,1272,West,Pro,Active,50.00,50.00,0,0,0.00,"Clean Transaction"
2024-12-01,2024-12,1273,West,Pro,Active,50.00,50.00,0,0,0.00,"Clean Transaction"
2024-12-01,2024-12,1274,West,Pro,Active,50.00,50.00,0,0,0.00,"Clean Transaction"
2024-12-01,2024-12,1275,North,Enterprise,Active,200.00,200.00,0,0,0.00,"Clean Transaction"
2024-12-01,2024-12,1277,North,Enterprise,Active,200.00,200.00,0,0,0.00,"Clean Transaction"
2024-12-01,2024-12,1279,North,Pro,Active,50.00,50.00,0,0,0.00,"Clean Transaction"
2024-12-01,2024-12,1280,South,Enterprise,Active,200.00,200.00,0,0,0.00,"Clean Transaction"
2024-12-01,2024-12,1281,West,Pro,Active,50.00,50.00,0,0,0.00,"Clean Transaction"
2024-12-01,2024-12,1282,West,Pro,Active,50.00,50.00,0,0,0.00,"Clean Transaction"
2024-12-01,2024-12,1283,South,Basic,Active,10.00,10.00,0,0,0.00,"Clean Transaction"
2024-12-01,2024-12,1286,East,Basic,Active,10.00,10.00,0,0,0.00,"Clean Transaction"
2024-12-01,2024-12,1287,North,Basic,Active,10.00,10.00,0,0,0.00,"Clean Transaction"
2024-12-01,2024-12,1289,North,Enterprise,Active,200.00,200.00,0,0,0.00,"Clean Transaction"
2024-12-01,2024-12,1291,North,Basic,Active,10.00,0.00,1,0,10.00,"Unpaid Invoice"
2024-12-01,2024-12,1292,East,Enterprise,Active,200.00,200.00,0,0,0.00,"Clean Transaction"
2024-12-01,2024-12,1293,North,Pro,Active,50.00,50.00,0,0,0.00,"Clean Transaction"
2024-12-01,2024-12,1294,South,Pro,Active,50.00,50.00,0,0,0.00,"Clean Transaction"
2024-12-01,2024-12,1295,South,Basic,Active,10.00,10.00,0,0,0.00,"Clean Transaction"
2024-12-01,2024-12,1296,West,Basic,Active,10.00,10.00,0,0,0.00,"Clean Transaction"
2024-12-01,2024-12,1297,South,Basic,Active,10.00,10.00,0,0,0.00,"Clean Transaction"
2024-12-01,2024-12,1298,East,Basic,Active,10.00,10.00,0,0,0.00,"Clean Transaction"
2024-12-01,2024-12,1299,North,Basic,Active,10.00,10.00,0,0,0.00,"Clean Transaction"
2024-12-01,2024-12,1300,West,Enterprise,Active,200.00,200.00,0,0,0.00,"Clean Transaction"
2024-12-01,2024-12,1301,North,Basic,Active,10.00,10.00,0,0,0.00,"Clean Transaction"
2024-12-01,2024-12,1302,North,Enterprise,Active,200.00,200.00,0,0,0.00,"Clean Transaction"
2024-12-01,2024-12,1303,East,Basic,Active,10.00,10.00,0,0,0.00,"Clean Transaction"
2024-12-01,2024-12,1305,South,Enterprise,Active,200.00,200.00,0,0,0.00,"Clean Transaction"
2024-12-01,2024-12,1306,North,Basic,Active,10.00,10.00,0,0,0.00,"Clean Transaction"
2024-12-01,2024-12,1307,West,Enterprise,Active,200.00,200.00,0,0,0.00,"Clean Transaction"
2024-12-01,2024-12,1308,South,Pro,Active,50.00,50.00,0,0,0.00,"Clean Transaction"
2024-12-01,2024-12,1309,West,Pro,Active,50.00,50.00,0,0,0.00,"Clean Transaction"
2024-12-01,2024-12,1310,South,Basic,Active,10.00,10.00,0,0,0.00,"Clean Transaction"
2024-12-01,2024-12,1311,West,Enterprise,Active,200.00,200.00,0,0,0.00,"Clean Transaction"
2024-12-01,2024-12,1312,East,Enterprise,Active,200.00,200.00,0,0,0.00,"Clean Transaction"
2024-12-01,2024-12,1313,West,Basic,Active,10.00,10.00,0,0,0.00,"Clean Transaction"
2024-12-01,2024-12,1314,East,Pro,Active,50.00,50.00,0,0,0.00,"Clean Transaction"
2024-12-01,2024-12,1315,East,Pro,Active,50.00,50.00,0,0,0.00,"Clean Transaction"
2024-12-01,2024-12,1316,West,Basic,Active,10.00,10.00,0,0,0.00,"Clean Transaction"
2024-12-01,2024-12,1317,East,Enterprise,Active,200.00,200.00,0,0,0.00,"Clean Transaction"
2024-12-01,2024-12,1318,North,Basic,Active,10.00,10.00,0,0,0.00,"Clean Transaction"
2024-12-01,2024-12,1319,East,Pro,Active,50.00,50.00,0,0,0.00,"Clean Transaction"
2024-12-01,2024-12,1320,South,Pro,Cancelled,50.00,50.00,0,0,0.00,"Clean Transaction"
2024-12-01,2024-12,1321,West,Pro,Active,50.00,50.00,0,0,0.00,"Clean Transaction"
2024-12-01,2024-12,1322,North,Pro,Active,50.00,50.00,0,0,0.00,"Clean Transaction"
2024-12-01,2024-12,1324,South,Enterprise,Active,200.00,200.00,0,0,0.00,"Clean Transaction"
2024-12-01,2024-12,1325,South,Pro,Active,50.00,50.00,0,0,0.00,"Clean Transaction"
2024-12-01,2024-12,1326,South,Enterprise,Active,200.00,200.00,0,0,0.00,"Clean Transaction"
2024-12-01,2024-12,1327,East,Enterprise,Active,200.00,200.00,0,0,0.00,"Clean Transaction"
2024-12-01,2024-12,1328,East,Pro,Active,50.00,50.00,0,0,0.00,"Clean Transaction"
2024-12-01,2024-12,1329,West,Enterprise,Active,200.00,200.00,0,0,0.00,"Clean Transaction"
2024-12-01,2024-12,1330,West,Pro,Active,50.00,50.00,0,0,0.00,"Clean Transaction"
2024-12-01,2024-12,1331,North,Pro,Active,50.00,50.00,0,0,0.00,"Clean Transaction"
2024-12-01,2024-12,1332,North,Enterprise,Active,200.00,200.00,0,0,0.00,"Clean Transaction"
2024-12-01,2024-12,1334,East,Enterprise,Active,200.00,200.00,0,0,0.00,"Clean Transaction"
2024-12-01,2024-12,1337,North,Basic,Active,10.00,10.00,0,0,0.00,"Clean Transaction"
2024-12-01,2024-12,1338,East,Enterprise,Active,200.00,200.00,0,0,0.00,"Clean Transaction"
2024-12-01,2024-12,1339,West,Basic,Active,10.00,10.00,0,0,0.00,"Clean Transaction"
2024-12-01,2024-12,1340,West,Enterprise,Active,200.00,200.00,0,0,0.00,"Clean Transaction"
2024-12-01,2024-12,1342,West,Basic,Active,10.00,10.00,0,0,0.00,"Clean Transaction"
2024-12-01,2024-12,1344,South,Pro,Active,50.00,50.00,0,0,0.00,"Clean Transaction"
2024-12-01,2024-12,1345,East,Basic,Active,10.00,10.00,0,0,0.00,"Clean Transaction"
2024-12-01,2024-12,1346,East,Basic,Active,10.00,10.00,0,0,0.00,"Clean Transaction"
2024-12-01,2024-12,1347,East,Pro,Active,50.00,0.00,1,0,50.00,"Unpaid Invoice"
2024-12-01,2024-12,1348,West,Pro,Active,50.00,50.00,0,0,0.00,"Clean Transaction"
2024-12-01,2024-12,1349,West,Basic,Active,10.00,10.00,0,0,0.00,"Clean Transaction"
2024-12-01,2024-12,1351,West,Pro,Active,50.00,50.00,0,0,0.00,"Clean Transaction"
2024-12-01,2024-12,1352,North,Enterprise,Active,200.00,200.00,0,0,0.00,"Clean Transaction"
2024-12-01,2024-12,1353,North,Enterprise,Active,200.00,200.00,0,0,0.00,"Clean Transaction"
2024-12-01,2024-12,1354,West,Basic,Active,10.00,10.00,0,0,0.00,"Clean Transaction"
2024-12-01,2024-12,1355,West,Pro,Active,50.00,50.00,0,0,0.00,"Clean Transaction"
2024-12-01,2024-12,1356,East,Pro,Active,50.00,50.00,0,0,0.00,"Clean Transaction"
2024-12-01,2024-12,1357,South,Basic,Active,10.00,10.00,0,0,0.00,"Clean Transaction"
2024-12-01,2024-12,1358,West,Basic,Active,10.00,10.00,0,0,0.00,"Clean Transaction"
2024-12-01,2024-12,1359,North,Enterprise,Active,200.00,200.00,0,0,0.00,"Clean Transaction"
2024-12-01,2024-12,1360,East,Pro,Active,50.00,50.00,0,0,0.00,"Clean Transaction"
2024-12-01,2024-12,1361,West,Basic,Active,10.00,10.00,0,0,0.00,"Clean Transaction"
2024-12-01,2024-12,1362,North,Basic,Active,10.00,10.00,0,0,0.00,"Clean Transaction"
2024-12-01,2024-12,1363,North,Basic,Active,10.00,10.00,0,0,0.00,"Clean Transaction"
2024-12-01,2024-12,1364,South,Pro,Active,50.00,50.00,0,0,0.00,"Clean Transaction"
2024-12-01,2024-12,1365,East,Pro,Active,50.00,50.00,0,0,0.00,"Clean Transaction"
2024-12-01,2024-12,1366,East,Pro,Active,50.00,50.00,0,0,0.00,"Clean Transaction"
2024-12-01,2024-12,1367,South,Enterprise,Active,200.00,200.00,0,0,0.00,"Clean Transaction"
2024-12-01,2024-12,1368,South,Pro,Active,50.00,50.00,0,0,0.00,"Clean Transaction"
2024-12-01,2024-12,1370,East,Basic,Active,10.00,10.00,0,0,0.00,"Clean Transaction"
2024-12-01,2024-12,1371,West,Enterprise,Active,200.00,200.00,0,0,0.00,"Clean Transaction"
2024-12-01,2024-12,1372,West,Pro,Active,50.00,50.00,0,0,0.00,"Clean Transaction"
2024-12-01,2024-12,1375,North,Basic,Active,10.00,10.00,0,0,0.00,"Clean Transaction"
2024-12-01,2024-12,1376,West,Pro,Active,50.00,50.00,0,0,0.00,"Clean Transaction"
2024-12-01,2024-12,1377,West,Basic,Active,10.00,10.00,0,0,0.00,"Clean Transaction"
2024-12-01,2024-12,1378,North,Enterprise,Active,200.00,200.00,0,0,0.00,"Clean Transaction"
2024-12-01,2024-12,1379,South,Pro,Active,50.00,50.00,0,0,0.00,"Clean Transaction"
2024-12-01,2024-12,1380,North,Enterprise,Active,200.00,200.00,0,0,0.00,"Clean Transaction"
2024-12-01,2024-12,1381,West,Pro,Active,50.00,50.00,0,0,0.00,"Clean Transaction"
2024-12-01,2024-12,1383,West,Basic,Active,10.00,10.00,0,0,0.00,"Clean Transaction"
2024-12-01,2024-12,1384,North,Basic,Active,10.00,10.00,0,0,0.00,"Clean Transaction"
2024-12-01,2024-12,1385,North,Enterprise,Active,200.00,200.00,0,0,0.00,"Clean Transaction"
2024-12-01,2024-12,1386,West,Basic,Active,10.00,10.00,0,0,0.00,"Clean Transaction"
2024-12-01,2024-12,1387,East,Enterprise,Active,200.00,200.00,0,0,0.00,"Clean Transaction"
2024-12-01,2024-12,1388,East,Basic,Active,10.00,10.00,0,0,0.00,"Clean Transaction"
2024-12-01,2024-12,1389,North,Basic,Active,10.00,10.00,0,0,0.00,"Clean Transaction"
2024-12-01,2024-12,1390,North,Basic,Active,10.00,10.00,0,0,0.00,"Clean Transaction"
2024-12-01,2024-12,1391,East,Pro,Active,50.00,50.00,0,0,0.00,"Clean Transaction"
2024-12-01,2024-12,1392,East,Basic,Active,10.00,10.00,0,0,0.00,"Clean Transaction"
2024-12-01,2024-12,1393,West,Pro,Active,50.00,50.00,0,0,0.00,"Clean Transaction"
2024-12-01,2024-12,1394,West,Basic,Active,10.00,9.58,0,0,0.42,"Partial Payment"
2024-12-01,2024-12,1395,East,Basic,Active,10.00,10.00,0,0,0.00,"Clean Transaction"
2024-12-01,2024-12,1396,West,Enterprise,Active,200.00,200.00,0,0,0.00,"Clean Transaction"
2024-12-01,2024-12,1397,West,Pro,Active,50.00,50.00,0,0,0.00,"Clean Transaction"
2024-12-01,2024-12,1398,South,Enterprise,Active,200.00,200.00,0,0,0.00,"Clean Transaction"
2024-12-01,2024-12,1399,West,Basic,Active,10.00,10.00,0,0,0.00,"Clean Transaction"
2024-12-01,2024-12,1400,North,Enterprise,Active,200.00,200.00,0,0,0.00,"Clean Transaction"
2024-12-01,2024-12,1401,West,Pro,Active,50.00,50.00,0,0,0.00,"Clean Transaction"
2024-12-01,2024-12,1403,East,Enterprise,Active,200.00,200.00,0,0,0.00,"Clean Transaction"
2024-12-01,2024-12,1404,North,Basic,Active,10.00,10.00,0,0,0.00,"Clean Transaction"
2024-12-01,2024-12,1405,West,Pro,Active,50.00,50.00,0,0,0.00,"Clean Transaction"
2024-12-01,2024-12,1406,West,Pro,Active,50.00,50.00,0,0,0.00,"Clean Transaction"
2024-12-01,2024-12,1407,South,Pro,Active,50.00,50.00,0,0,0.00,"Clean Transaction"
2024-12-01,2024-12,1408,West,Basic,Active,10.00,10.00,0,0,0.00,"Clean Transaction"
2024-12-01,2024-12,1409,West,Basic,Active,10.00,0.00,1,0,10.00,"Unpaid Invoice"
2024-12-01,2024-12,1410,South,Enterprise,Active,200.00,200.00,0,0,0.00,"Clean Transaction"
2024-12-01,2024-12,1411,East,Pro,Active,50.00,50.00,0,0,0.00,"Clean Transaction"
2024-12-01,2024-12,1412,West,Enterprise,Active,200.00,200.00,0,0,0.00,"Clean Transaction"
2024-12-01,2024-12,1414,North,Enterprise,Active,200.00,200.00,0,0,0.00,"Clean Transaction"
2024-12-01,2024-12,1416,North,Pro,Active,50.00,50.00,0,0,0.00,"Clean Transaction"
2024-12-01,2024-12,1417,North,Enterprise,Active,200.00,200.00,0,0,0.00,"Clean Transaction"
2024-12-01,2024-12,1418,South,Enterprise,Active,200.00,200.00,0,0,0.00,"Clean Transaction"
2024-12-01,2024-12,1419,West,Pro,Active,50.00,50.00,0,0,0.00,"Clean Transaction"
2024-12-01,2024-12,1420,South,Basic,Active,10.00,10.00,0,0,0.00,"Clean Transaction"
2024-12-01,2024-12,1421,South,Pro,Active,50.00,50.00,0,0,0.00,"Clean Transaction"
2024-12-01,2024-12,1422,South,Pro,Active,50.00,50.00,0,0,0.00,"Clean Transaction"
2024-12-01,2024-12,1423,South,Enterprise,Active,200.00,200.00,0,0,0.00,"Clean Transaction"
2024-12-01,2024-12,1424,East,Basic,Active,10.00,10.00,0,0,0.00,"Clean Transaction"
2024-12-01,2024-12,1425,West,Pro,Active,50.00,50.00,0,0,0.00,"Clean Transaction"
2024-12-01,2024-12,1426,North,Basic,Active,10.00,10.00,0,0,0.00,"Clean Transaction"
2024-12-01,2024-12,1427,North,Basic,Active,10.00,10.00,0,0,0.00,"Clean Transaction"
2024-12-01,2024-12,1428,West,Basic,Active,10.00,10.00,0,0,0.00,"Clean Transaction"
2024-12-01,2024-12,1429,North,Pro,Active,50.00,50.00,0,0,0.00,"Clean Transaction"
2024-12-01,2024-12,1430,West,Pro,Active,50.00,50.00,0,0,0.00,"Clean Transaction"
2024-12-01,2024-12,1431,North,Basic,Active,10.00,10.00,0,0,0.00,"Clean Transaction"
2024-12-01,2024-12,1432,South,Pro,Active,50.00,50.00,0,0,0.00,"Clean Transaction"
2024-12-01,2024-12,1433,North,Enterprise,Active,200.00,200.00,0,0,0.00,"Clean Transaction"
2024-12-01,2024-12,1434,West,Enterprise,Active,200.00,200.00,0,0,0.00,"Clean Transaction"
2024-12-01,2024-12,1435,West,Enterprise,Active,200.00,200.00,0,0,0.00,"Clean Transaction"
2024-12-01,2024-12,1436,West,Basic,Active,10.00,10.00,0,0,0.00,"Clean Transaction"
2024-12-01,2024-12,1437,West,Basic,Active,10.00,10.00,0,0,0.00,"Clean Transaction"
2024-12-01,2024-12,1438,West,Pro,Active,50.00,50.00,0,0,0.00,"Clean Transaction"
2024-12-01,2024-12,1439,East,Enterprise,Active,200.00,200.00,0,0,0.00,"Clean Transaction"
2024-12-01,2024-12,1440,East,Pro,Active,50.00,50.00,0,0,0.00,"Clean Transaction"
2024-12-01,2024-12,1441,North,Basic,Active,10.00,10.00,0,0,0.00,"Clean Transaction"
2024-12-01,2024-12,1442,West,Enterprise,Active,200.00,0.00,1,0,200.00,"Unpaid Invoice"
2024-12-01,2024-12,1443,North,Enterprise,Active,200.00,200.00,0,0,0.00,"Clean Transaction"
2024-12-01,2024-12,1444,West,Enterprise,Active,200.00,200.00,0,0,0.00,"Clean Transaction"
2024-12-01,2024-12,1445,West,Pro,Active,50.00,50.00,0,0,0.00,"Clean Transaction"
2024-12-01,2024-12,1446,East,Pro,Active,50.00,50.00,0,0,0.00,"Clean Transaction"
2024-12-01,2024-12,1447,East,Basic,Active,10.00,10.00,0,0,0.00,"Clean Transaction"
2024-12-01,2024-12,1449,East,Enterprise,Active,200.00,200.00,0,0,0.00,"Clean Transaction"
2024-12-01,2024-12,1450,South,Basic,Active,10.00,10.00,0,0,0.00,"Clean Transaction"
2024-12-01,2024-12,1451,South,Basic,Active,10.00,10.00,0,0,0.00,"Clean Transaction"
2024-12-01,2024-12,1452,South,Basic,Active,10.00,10.00,0,0,0.00,"Clean Transaction"
2024-12-01,2024-12,1453,South,Enterprise,Active,200.00,200.00,0,0,0.00,"Clean Transaction"
2024-12-01,2024-12,1454,South,Pro,Active,50.00,50.00,0,0,0.00,"Clean Transaction"
2024-12-01,2024-12,1455,North,Pro,Active,50.00,50.00,0,0,0.00,"Clean Transaction"
2024-12-01,2024-12,1456,East,Pro,Active,50.00,50.00,0,0,0.00,"Clean Transaction"
2024-12-01,2024-12,1457,South,Pro,Active,50.00,50.00,0,0,0.00,"Clean Transaction"
2024-12-01,2024-12,1458,West,Basic,Active,10.00,10.00,0,0,0.00,"Clean Transaction"
2024-12-01,2024-12,1459,East,Basic,Active,10.00,10.00,0,0,0.00,"Clean Transaction"
2024-12-01,2024-12,1460,East,Pro,Active,50.00,48.48,0,0,1.52,"Partial Payment"
2024-12-01,2024-12,1461,South,Basic,Active,10.00,10.00,0,0,0.00,"Clean Transaction"
2024-12-01,2024-12,1462,North,Enterprise,Active,200.00,200.00,0,0,0.00,"Clean Transaction"
2024-12-01,2024-12,1463,South,Enterprise,Active,200.00,200.00,0,0,0.00,"Clean Transaction"
2024-12-01,2024-12,1464,North,Pro,Active,50.00,50.00,0,0,0.00,"Clean Transaction"
2024-12-01,2024-12,1465,West,Basic,Active,10.00,10.00,0,0,0.00,"Clean Transaction"
2024-12-01,2024-12,1466,East,Pro,Active,50.00,50.00,0,0,0.00,"Clean Transaction"
2024-12-01,2024-12,1468,North,Pro,Active,50.00,50.00,0,0,0.00,"Clean Transaction"
2024-12-01,2024-12,1470,West,Pro,Active,50.00,50.00,0,0,0.00,"Clean Transaction"
2024-12-01,2024-12,1471,North,Pro,Active,50.00,50.00,0,0,0.00,"Clean Transaction"
2024-12-01,2024-12,1472,West,Pro,Active,50.00,50.00,0,0,0.00,"Clean Transaction"
2024-12-01,2024-12,1473,East,Pro,Active,50.00,50.00,0,0,0.00,"Clean Transaction"
2024-12-01,2024-12,1474,West,Basic,Active,10.00,10.00,0,0,0.00,"Clean Transaction"
2024-12-01,2024-12,1475,East,Enterprise,Active,200.00,200.00,0,0,0.00,"Clean Transaction"
2024-12-01,2024-12,1476,West,Pro,Active,50.00,50.00,0,0,0.00,"Clean Transaction"
2024-12-01,2024-12,1477,North,Pro,Active,50.00,50.00,0,0,0.00,"Clean Transaction"
2024-12-01,2024-12,1478,West,Enterprise,Active,200.00,200.00,0,0,0.00,"Clean Transaction"
2024-12-01,2024-12,1479,North,Basic,Active,10.00,10.00,0,0,0.00,"Clean Transaction"
2024-12-01,2024-12,1480,West,Pro,Active,50.00,50.00,0,0,0.00,"Clean Transaction"
2024-12-01,2024-12,1481,West,Pro,Active,50.00,50.00,0,0,0.00,"Clean Transaction"
2024-12-01,2024-12,1482,South,Basic,Active,10.00,10.00,0,0,0.00,"Clean Transaction"
2024-12-01,2024-12,1483,North,Enterprise,Active,200.00,200.00,0,0,0.00,"Clean Transaction"
2024-12-01,2024-12,1484,South,Pro,Active,50.00,50.00,0,0,0.00,"Clean Transaction"
2024-12-01,2024-12,1485,North,Enterprise,Active,200.00,200.00,0,0,0.00,"Clean Transaction"
2024-12-01,2024-12,1486,South,Pro,Active,50.00,50.00,0,0,0.00,"Clean Transaction"
2024-12-01,2024-12,1487,East,Basic,Active,10.00,10.00,0,0,0.00,"Clean Transaction"
2024-12-01,2024-12,1488,West,Basic,Active,10.00,10.00,0,0,0.00,"Clean Transaction"
2024-12-01,2024-12,1489,North,Pro,Active,50.00,49.43,0,0,0.57,"Partial Payment"
2024-12-01,2024-12,1490,North,Basic,Active,10.00,10.00,0,0,0.00,"Clean Transaction"
2024-12-01,2024-12,1491,West,Enterprise,Active,200.00,200.00,0,0,0.00,"Clean Transaction"
2024-12-01,2024-12,1492,North,Basic,Active,10.00,10.00,0,0,0.00,"Clean Transaction"
2024-12-01,2024-12,1493,North,Basic,Active,10.00,10.00,0,0,0.00,"Clean Transaction"
2024-12-01,2024-12,1494,South,Pro,Active,50.00,50.00,0,0,0.00,"Clean Transaction"
2024-12-01,2024-12,1495,North,Enterprise,Active,200.00,200.00,0,0,0.00,"Clean Transaction"
2024-12-01,2024-12,1496,East,Basic,Active,10.00,10.00,0,0,0.00,"Clean Transaction"
2024-12-01,2024-12,1498,West,Basic,Active,10.00,10.00,0,0,0.00,"Clean Transaction"
2024-12-01,2024-12,1499,North,Basic,Active,10.00,10.00,0,0,0.00,"Clean Transaction"
2024-12-01,2024-12,1500,West,Basic,Active,10.00,10.00,0,0,0.00,"Clean Transaction"
2024-12-01,2024-12,1501,East,Enterprise,Active,200.00,200.00,0,0,0.00,"Clean Transaction"
2024-12-01,2024-12,1502,North,Enterprise,Active,200.00,200.00,0,0,0.00,"Clean Transaction"
2024-12-01,2024-12,1503,North,Enterprise,Active,200.00,200.00,0,0,0.00,"Clean Transaction"
2024-12-01,2024-12,1504,West,Pro,Active,50.00,50.00,0,0,0.00,"Clean Transaction"
2024-12-01,2024-12,1505,East,Basic,Active,10.00,10.00,0,0,0.00,"Clean Transaction"
2024-12-01,2024-12,1506,North,Enterprise,Active,200.00,200.00,0,0,0.00,"Clean Transaction"
2024-12-01,2024-12,1507,West,Basic,Active,10.00,10.00,0,0,0.00,"Clean Transaction"
2024-12-01,2024-12,1508,East,Basic,Active,10.00,10.00,0,0,0.00,"Clean Transaction"
2024-12-01,2024-12,1509,West,Enterprise,Active,200.00,200.00,0,0,0.00,"Clean Transaction"
2024-12-01,2024-12,1510,South,Pro,Active,50.00,50.00,0,0,0.00,"Clean Transaction"
2024-12-01,2024-12,1511,North,Basic,Active,10.00,10.00,0,0,0.00,"Clean Transaction"
2024-12-01,2024-12,1513,East,Enterprise,Active,200.00,200.00,0,0,0.00,"Clean Transaction"
2024-12-01,2024-12,1514,South,Basic,Active,10.00,10.00,0,0,0.00,"Clean Transaction"
2024-12-01,2024-12,1515,South,Pro,Active,50.00,50.00,0,0,0.00,"Clean Transaction"
2024-12-01,2024-12,1516,East,Basic,Active,10.00,10.00,0,0,0.00,"Clean Transaction"
2024-12-01,2024-12,1517,West,Pro,Active,50.00,50.00,0,0,0.00,"Clean Transaction"
2024-12-01,2024-12,1518,South,Basic,Active,10.00,10.00,0,0,0.00,"Clean Transaction"
2024-12-01,2024-12,1519,West,Basic,Active,10.00,10.00,0,0,0.00,"Clean Transaction"
2024-12-01,2024-12,1520,South,Basic,Active,10.00,10.00,0,0,0.00,"Clean Transaction"
2024-12-01,2024-12,1521,West,Pro,Active,50.00,50.00,0,0,0.00,"Clean Transaction"
2024-12-01,2024-12,1522,East,Enterprise,Active,200.00,200.00,0,0,0.00,"Clean Transaction"
2024-12-01,2024-12,1523,South,Basic,Active,10.00,10.00,0,0,0.00,"Clean Transaction"
2024-12-01,2024-12,1524,East,Basic,Active,10.00,10.00,0,0,0.00,"Clean Transaction"
2024-12-01,2024-12,1525,South,Basic,Active,10.00,10.00,0,0,0.00,"Clean Transaction"
2024-12-01,2024-12,1527,East,Enterprise,Active,200.00,200.00,0,0,0.00,"Clean Transaction"
2024-12-01,2024-12,1529,South,Pro,Active,50.00,50.00,0,0,0.00,"Clean Transaction"
2024-12-01,2024-12,1530,South,Enterprise,Active,200.00,200.00,0,0,0.00,"Clean Transaction"
2024-12-01,2024-12,1531,North,Enterprise,Active,200.00,200.00,0,0,0.00,"Clean Transaction"
2024-12-01,2024-12,1532,West,Basic,Active,10.00,10.00,0,0,0.00,"Clean Transaction"
2024-12-01,2024-12,1533,North,Pro,Active,50.00,50.00,0,0,0.00,"Clean Transaction"
2024-12-01,2024-12,1535,East,Basic,Active,10.00,10.00,0,0,0.00,"Clean Transaction"
2024-12-01,2024-12,1536,South,Pro,Active,50.00,50.00,0,0,0.00,"Clean Transaction"
2024-12-01,2024-12,1537,West,Pro,Active,50.00,50.00,0,0,0.00,"Clean Transaction"
2024-12-01,2024-12,1538,East,Pro,Active,50.00,50.00,0,0,0.00,"Clean Transaction"
2024-12-01,2024-12,1540,South,Pro,Active,50.00,50.00,0,0,0.00,"Clean Transaction"
2024-12-01,2024-12,1541,East,Enterprise,Active,200.00,200.00,0,0,0.00,"Clean Transaction"
2024-12-01,2024-12,1542,South,Pro,Active,50.00,50.00,0,0,0.00,"Clean Transaction"
2024-12-01,2024-12,1544,South,Pro,Cancelled,50.00,50.00,0,0,0.00,"Clean Transaction"
2024-12-01,2024-12,1545,North,Pro,Active,50.00,50.00,0,0,0.00,"Clean Transaction"
2024-12-01,2024-12,1546,West,Enterprise,Active,200.00,200.00,0,0,0.00,"Clean Transaction"
2024-12-01,2024-12,1548,West,Basic,Active,10.00,10.00,0,0,0.00,"Clean Transaction"
2024-12-01,2024-12,1549,South,Pro,Active,50.00,50.00,0,0,0.00,"Clean Transaction"
2024-12-01,2024-12,1550,East,Pro,Active,50.00,50.00,0,0,0.00,"Clean Transaction"
2024-12-01,2024-12,1551,North,Enterprise,Active,200.00,200.00,0,0,0.00,"Clean Transaction"
2024-12-01,2024-12,1553,North,Pro,Active,50.00,50.00,0,0,0.00,"Clean Transaction"
2024-12-01,2024-12,1554,West,Basic,Active,10.00,10.00,0,0,0.00,"Clean Transaction"
2024-12-01,2024-12,1556,West,Basic,Active,10.00,10.00,0,0,0.00,"Clean Transaction"
2024-12-01,2024-12,1557,West,Basic,Active,10.00,10.00,0,0,0.00,"Clean Transaction"
2024-12-01,2024-12,1558,South,Enterprise,Active,200.00,200.00,0,0,0.00,"Clean Transaction"
2024-12-01,2024-12,1559,West,Basic,Active,10.00,10.00,0,0,0.00,"Clean Transaction"
2024-12-01,2024-12,1560,South,Enterprise,Active,200.00,200.00,0,0,0.00,"Clean Transaction"
2024-12-01,2024-12,1561,West,Enterprise,Active,200.00,200.00,0,0,0.00,"Clean Transaction"
2024-12-01,2024-12,1562,East,Basic,Active,10.00,10.00,0,0,0.00,"Clean Transaction"
2024-12-01,2024-12,1563,East,Enterprise,Active,200.00,200.00,0,0,0.00,"Clean Transaction"
2024-12-01,2024-12,1564,East,Pro,Active,50.00,50.00,0,0,0.00,"Clean Transaction"
2024-12-01,2024-12,1565,West,Basic,Active,10.00,10.00,0,0,0.00,"Clean Transaction"
2024-12-01,2024-12,1566,South,Enterprise,Active,200.00,200.00,0,0,0.00,"Clean Transaction"
2024-12-01,2024-12,1567,South,Basic,Active,10.00,10.00,0,0,0.00,"Clean Transaction"
2024-12-01,2024-12,1568,West,Pro,Active,50.00,50.00,0,0,0.00,"Clean Transaction"
2024-12-01,2024-12,1569,East,Pro,Active,50.00,50.00,0,0,0.00,"Clean Transaction"
2024-12-01,2024-12,1570,East,Pro,Active,50.00,50.00,0,0,0.00,"Clean Transaction"
2024-12-01,2024-12,1571,South,Basic,Active,10.00,10.00,0,0,0.00,"Clean Transaction"
2024-12-01,2024-12,1572,East,Enterprise,Active,200.00,192.03,0,0,7.97,"Partial Payment"
2024-12-01,2024-12,1573,North,Basic,Active,10.00,10.00,0,0,0.00,"Clean Transaction"
2024-12-01,2024-12,1574,South,Basic,Active,10.00,10.00,0,0,0.00,"Clean Transaction"
2024-12-01,2024-12,1575,East,Pro,Active,50.00,50.00,0,0,0.00,"Clean Transaction"
2024-12-01,2024-12,1576,South,Pro,Active,50.00,50.00,0,0,0.00,"Clean Transaction"
2024-12-01,2024-12,1578,South,Basic,Active,10.00,10.00,0,0,0.00,"Clean Transaction"
2024-12-01,2024-12,1579,South,Basic,Active,10.00,10.00,0,0,0.00,"Clean Transaction"
2024-12-01,2024-12,1580,South,Basic,Active,10.00,10.00,0,0,0.00,"Clean Transaction"
2024-12-01,2024-12,1581,South,Pro,Active,50.00,50.00,0,0,0.00,"Clean Transaction"
2024-12-01,2024-12,1582,North,Pro,Active,50.00,50.00,0,0,0.00,"Clean Transaction"
2024-12-01,2024-12,1585,South,Enterprise,Active,200.00,200.00,0,0,0.00,"Clean Transaction"
2024-12-01,2024-12,1586,East,Pro,Active,50.00,50.00,0,0,0.00,"Clean Transaction"
2024-12-01,2024-12,1587,South,Basic,Active,10.00,10.00,0,0,0.00,"Clean Transaction"
2024-12-01,2024-12,1588,East,Basic,Active,10.00,10.00,0,0,0.00,"Clean Transaction"
2024-12-01,2024-12,1589,West,Enterprise,Active,200.00,200.00,0,0,0.00,"Clean Transaction"
2024-12-01,2024-12,1590,North,Basic,Active,10.00,9.56,0,0,0.44,"Partial Payment"
2024-12-01,2024-12,1591,North,Enterprise,Active,200.00,200.00,0,0,0.00,"Clean Transaction"
2024-12-01,2024-12,1592,West,Pro,Active,50.00,50.00,0,0,0.00,"Clean Transaction"
2024-12-01,2024-12,1593,North,Basic,Active,10.00,10.00,0,0,0.00,"Clean Transaction"
2024-12-01,2024-12,1594,West,Basic,Active,10.00,10.00,0,0,0.00,"Clean Transaction"
2024-12-01,2024-12,1595,West,Pro,Active,50.00,50.00,0,0,0.00,"Clean Transaction"
2024-12-01,2024-12,1597,North,Pro,Active,50.00,50.00,0,0,0.00,"Clean Transaction"
2024-12-01,2024-12,1598,East,Enterprise,Active,200.00,200.00,0,0,0.00,"Clean Transaction"
2024-12-01,2024-12,1599,West,Basic,Active,10.00,10.00,0,0,0.00,"Clean Transaction"
2024-12-01,2024-12,1600,South,Basic,Active,10.00,10.00,0,0,0.00,"Clean Transaction"
2024-12-01,2024-12,1601,North,Pro,Active,50.00,50.00,0,0,0.00,"Clean Transaction"
2024-12-01,2024-12,1602,West,Basic,Active,10.00,10.00,0,0,0.00,"Clean Transaction"
2024-12-01,2024-12,1604,South,Basic,Active,10.00,10.00,0,0,0.00,"Clean Transaction"
2024-12-01,2024-12,1605,East,Basic,Active,10.00,10.00,0,0,0.00,"Clean Transaction"
2024-12-01,2024-12,1607,East,Enterprise,Active,200.00,200.00,0,0,0.00,"Clean Transaction"
2024-12-01,2024-12,1608,West,Pro,Active,50.00,50.00,0,0,0.00,"Clean Transaction"
2024-12-01,2024-12,1609,West,Pro,Active,50.00,50.00,0,0,0.00,"Clean Transaction"
2024-12-01,2024-12,1610,West,Basic,Active,10.00,10.00,0,0,0.00,"Clean Transaction"
2024-12-01,2024-12,1612,South,Basic,Active,10.00,10.00,0,0,0.00,"Clean Transaction"
2024-12-01,2024-12,1613,West,Enterprise,Active,200.00,200.00,0,0,0.00,"Clean Transaction"
2024-12-01,2024-12,1615,South,Enterprise,Active,200.00,200.00,0,0,0.00,"Clean Transaction"
2024-12-01,2024-12,1616,East,Pro,Active,50.00,50.00,0,0,0.00,"Clean Transaction"
2024-12-01,2024-12,1617,North,Basic,Active,10.00,10.00,0,0,0.00,"Clean Transaction"
2024-12-01,2024-12,1618,West,Enterprise,Active,200.00,200.00,0,0,0.00,"Clean Transaction"
2024-12-01,2024-12,1619,East,Basic,Active,10.00,10.00,0,0,0.00,"Clean Transaction"
2024-12-01,2024-12,1620,East,Basic,Active,10.00,10.00,0,0,0.00,"Clean Transaction"
2024-12-01,2024-12,1623,East,Basic,Active,10.00,10.00,0,0,0.00,"Clean Transaction"
2024-12-01,2024-12,1624,South,Pro,Active,50.00,50.00,0,0,0.00,"Clean Transaction"
2024-12-01,2024-12,1626,South,Pro,Active,50.00,50.00,0,0,0.00,"Clean Transaction"
2024-12-01,2024-12,1627,North,Pro,Active,50.00,50.00,0,0,0.00,"Clean Transaction"
2024-12-01,2024-12,1628,South,Basic,Active,10.00,10.00,0,0,0.00,"Clean Transaction"
2024-12-01,2024-12,1630,East,Enterprise,Active,200.00,200.00,0,0,0.00,"Clean Transaction"
2024-12-01,2024-12,1631,North,Pro,Active,50.00,50.00,0,0,0.00,"Clean Transaction"
2024-12-01,2024-12,1632,West,Basic,Cancelled,10.00,10.00,0,0,0.00,"Clean Transaction"
2024-12-01,2024-12,1633,North,Pro,Active,50.00,50.00,0,0,0.00,"Clean Transaction"
2024-12-01,2024-12,1634,North,Pro,Active,50.00,50.00,0,0,0.00,"Clean Transaction"
2024-12-01,2024-12,1635,South,Basic,Active,10.00,10.00,0,0,0.00,"Clean Transaction"
2024-12-01,2024-12,1636,South,Pro,Active,50.00,50.00,0,0,0.00,"Clean Transaction"
2024-12-01,2024-12,1637,North,Pro,Active,50.00,50.00,0,0,0.00,"Clean Transaction"
2024-12-01,2024-12,1638,East,Pro,Active,50.00,50.00,0,0,0.00,"Clean Transaction"
2024-12-01,2024-12,1639,South,Basic,Active,10.00,10.00,0,0,0.00,"Clean Transaction"
2024-12-01,2024-12,1640,West,Pro,Active,50.00,50.00,0,0,0.00,"Clean Transaction"
2024-12-01,2024-12,1641,South,Basic,Active,10.00,10.00,0,0,0.00,"Clean Transaction"
2024-12-01,2024-12,1642,South,Enterprise,Active,200.00,200.00,0,0,0.00,"Clean Transaction"
2024-12-01,2024-12,1643,West,Pro,Active,50.00,50.00,0,0,0.00,"Clean Transaction"
2024-12-01,2024-12,1644,North,Basic,Active,10.00,10.00,0,0,0.00,"Clean Transaction"
2024-12-01,2024-12,1645,West,Enterprise,Active,200.00,200.00,0,0,0.00,"Clean Transaction"
2024-12-01,2024-12,1647,North,Pro,Active,50.00,50.00,0,0,0.00,"Clean Transaction"
2024-12-01,2024-12,1648,North,Enterprise,Active,200.00,200.00,0,0,0.00,"Clean Transaction"
2024-12-01,2024-12,1649,West,Enterprise,Active,200.00,200.00,0,0,0.00,"Clean Transaction"
2024-12-01,2024-12,1650,North,Basic,Active,10.00,10.00,0,0,0.00,"Clean Transaction"
2024-12-01,2024-12,1651,East,Enterprise,Active,200.00,200.00,0,0,0.00,"Clean Transaction"
2024-12-01,2024-12,1652,West,Pro,Active,50.00,50.00,0,0,0.00,"Clean Transaction"
2024-12-01,2024-12,1654,North,Enterprise,Active,200.00,200.00,0,0,0.00,"Clean Transaction"
2024-12-01,2024-12,1655,South,Basic,Active,10.00,10.00,0,0,0.00,"Clean Transaction"
2024-12-01,2024-12,1656,North,Pro,Active,50.00,50.00,0,0,0.00,"Clean Transaction"
2024-12-01,2024-12,1657,East,Pro,Active,50.00,50.00,0,0,0.00,"Clean Transaction"
2024-12-01,2024-12,1658,East,Enterprise,Active,200.00,200.00,0,0,0.00,"Clean Transaction"
2024-12-01,2024-12,1661,West,Pro,Active,50.00,50.00,0,0,0.00,"Clean Transaction"
2024-12-01,2024-12,1662,East,Basic,Active,10.00,10.00,0,0,0.00,"Clean Transaction"
2024-12-01,2024-12,1663,North,Basic,Active,10.00,0.00,1,0,10.00,"Unpaid Invoice"
2024-12-01,2024-12,1664,South,Pro,Active,50.00,50.00,0,0,0.00,"Clean Transaction"
2024-12-01,2024-12,1665,North,Pro,Active,50.00,50.00,0,0,0.00,"Clean Transaction"
2024-12-01,2024-12,1666,North,Enterprise,Active,200.00,200.00,0,0,0.00,"Clean Transaction"
2024-12-01,2024-12,1667,South,Enterprise,Active,200.00,200.00,0,0,0.00,"Clean Transaction"
2024-12-01,2024-12,1668,West,Basic,Active,10.00,10.00,0,0,0.00,"Clean Transaction"
2024-12-01,2024-12,1669,North,Pro,Active,50.00,50.00,0,0,0.00,"Clean Transaction"
2024-12-01,2024-12,1670,East,Enterprise,Active,200.00,200.00,0,0,0.00,"Clean Transaction"
2024-12-01,2024-12,1671,North,Pro,Active,50.00,50.00,0,0,0.00,"Clean Transaction"
2024-12-01,2024-12,1672,South,Enterprise,Active,200.00,200.00,0,0,0.00,"Clean Transaction"
2024-12-01,2024-12,1673,South,Basic,Active,10.00,9.28,0,0,0.72,"Partial Payment"
2024-12-01,2024-12,1674,South,Pro,Active,50.00,50.00,0,0,0.00,"Clean Transaction"
2024-12-01,2024-12,1675,West,Enterprise,Active,200.00,200.00,0,0,0.00,"Clean Transaction"
2024-12-01,2024-12,1676,North,Pro,Active,50.00,50.00,0,0,0.00,"Clean Transaction"
2024-12-01,2024-12,1677,West,Basic,Active,10.00,10.00,0,0,0.00,"Clean Transaction"
2024-12-01,2024-12,1678,West,Basic,Active,10.00,10.00,0,0,0.00,"Clean Transaction"
2024-12-01,2024-12,1679,South,Basic,Active,10.00,10.00,0,0,0.00,"Clean Transaction"
2024-12-01,2024-12,1680,South,Enterprise,Active,200.00,200.00,0,0,0.00,"Clean Transaction"
2024-12-01,2024-12,1681,West,Pro,Active,50.00,50.00,0,0,0.00,"Clean Transaction"
2024-12-01,2024-12,1682,North,Basic,Active,10.00,10.00,0,0,0.00,"Clean Transaction"
2024-12-01,2024-12,1683,East,Enterprise,Active,200.00,200.00,0,0,0.00,"Clean Transaction"
2024-12-01,2024-12,1684,West,Basic,Active,10.00,10.00,0,0,0.00,"Clean Transaction"
2024-12-01,2024-12,1685,North,Pro,Active,50.00,50.00,0,0,0.00,"Clean Transaction"
2024-12-01,2024-12,1686,South,Basic,Active,10.00,10.00,0,0,0.00,"Clean Transaction"
2024-12-01,2024-12,1687,South,Enterprise,Active,200.00,0.00,1,0,200.00,"Unpaid Invoice"
2024-12-01,2024-12,1688,North,Basic,Active,10.00,10.00,0,0,0.00,"Clean Transaction"
2024-12-01,2024-12,1689,East,Basic,Active,10.00,10.00,0,0,0.00,"Clean Transaction"
2024-12-01,2024-12,1690,South,Enterprise,Active,200.00,200.00,0,0,0.00,"Clean Transaction"
2024-12-01,2024-12,1691,South,Basic,Active,10.00,10.00,0,0,0.00,"Clean Transaction"
2024-12-01,2024-12,1693,North,Basic,Active,10.00,10.00,0,0,0.00,"Clean Transaction"
2024-12-01,2024-12,1694,West,Enterprise,Active,200.00,200.00,0,0,0.00,"Clean Transaction"
2024-12-01,2024-12,1695,South,Enterprise,Active,200.00,200.00,0,0,0.00,"Clean Transaction"
2024-12-01,2024-12,1696,West,Pro,Active,50.00,50.00,0,0,0.00,"Clean Transaction"
2024-12-01,2024-12,1697,East,Basic,Active,10.00,10.00,0,0,0.00,"Clean Transaction"
2024-12-01,2024-12,1698,South,Enterprise,Active,200.00,0.00,1,0,200.00,"Unpaid Invoice"
2024-12-01,2024-12,1699,South,Basic,Active,10.00,10.00,0,0,0.00,"Clean Transaction"
2024-12-01,2024-12,1701,South,Basic,Active,10.00,10.00,0,0,0.00,"Clean Transaction"
2024-12-01,2024-12,1703,North,Basic,Active,10.00,10.00,0,0,0.00,"Clean Transaction"
2024-12-01,2024-12,1704,West,Enterprise,Active,200.00,200.00,0,0,0.00,"Clean Transaction"
2024-12-01,2024-12,1705,North,Basic,Active,10.00,10.00,0,0,0.00,"Clean Transaction"
2024-12-01,2024-12,1706,North,Enterprise,Active,200.00,200.00,0,0,0.00,"Clean Transaction"
2024-12-01,2024-12,1707,West,Pro,Active,50.00,50.00,0,0,0.00,"Clean Transaction"
2024-12-01,2024-12,1708,West,Enterprise,Active,200.00,200.00,0,0,0.00,"Clean Transaction"
2024-12-01,2024-12,1709,West,Pro,Active,50.00,50.00,0,0,0.00,"Clean Transaction"
2024-12-01,2024-12,1710,West,Pro,Active,50.00,50.00,0,0,0.00,"Clean Transaction"
2024-12-01,2024-12,1711,East,Enterprise,Active,200.00,200.00,0,0,0.00,"Clean Transaction"
2024-12-01,2024-12,1712,South,Pro,Active,50.00,50.00,0,0,0.00,"Clean Transaction"
2024-12-01,2024-12,1713,North,Pro,Active,50.00,50.00,0,0,0.00,"Clean Transaction"
2024-12-01,2024-12,1714,West,Pro,Active,50.00,50.00,0,0,0.00,"Clean Transaction"
2024-12-01,2024-12,1715,West,Basic,Active,10.00,10.00,0,0,0.00,"Clean Transaction"
2024-12-01,2024-12,1716,West,Pro,Active,50.00,50.00,0,0,0.00,"Clean Transaction"
2024-12-01,2024-12,1717,East,Basic,Active,10.00,10.00,0,0,0.00,"Clean Transaction"
2024-12-01,2024-12,1718,West,Pro,Active,50.00,50.00,0,0,0.00,"Clean Transaction"
2024-12-01,2024-12,1719,West,Pro,Active,50.00,50.00,0,0,0.00,"Clean Transaction"
2024-12-01,2024-12,1720,West,Basic,Active,10.00,10.00,0,0,0.00,"Clean Transaction"
2024-12-01,2024-12,1721,South,Basic,Active,10.00,10.00,0,0,0.00,"Clean Transaction"
2024-12-01,2024-12,1722,East,Pro,Active,50.00,50.00,0,0,0.00,"Clean Transaction"
2024-12-01,2024-12,1724,North,Pro,Active,50.00,50.00,0,0,0.00,"Clean Transaction"
2024-12-01,2024-12,1725,North,Pro,Active,50.00,50.00,0,0,0.00,"Clean Transaction"
2024-12-01,2024-12,1726,North,Pro,Active,50.00,50.00,0,0,0.00,"Clean Transaction"
2024-12-01,2024-12,1727,East,Basic,Active,10.00,10.00,0,0,0.00,"Clean Transaction"
2024-12-01,2024-12,1728,East,Basic,Active,10.00,10.00,0,0,0.00,"Clean Transaction"
2024-12-01,2024-12,1729,North,Basic,Active,10.00,10.00,0,0,0.00,"Clean Transaction"
2024-12-01,2024-12,1731,East,Basic,Active,10.00,10.00,0,0,0.00,"Clean Transaction"
2024-12-01,2024-12,1732,North,Basic,Active,10.00,10.00,0,0,0.00,"Clean Transaction"
2024-12-01,2024-12,1733,North,Basic,Active,10.00,10.00,0,0,0.00,"Clean Transaction"
2024-12-01,2024-12,1734,West,Basic,Active,10.00,10.00,0,0,0.00,"Clean Transaction"
2024-12-01,2024-12,1735,South,Pro,Active,50.00,50.00,0,0,0.00,"Clean Transaction"
2024-12-01,2024-12,1737,West,Enterprise,Active,200.00,200.00,0,0,0.00,"Clean Transaction"
2024-12-01,2024-12,1738,North,Pro,Active,50.00,50.00,0,0,0.00,"Clean Transaction"
2024-12-01,2024-12,1739,North,Pro,Active,50.00,50.00,0,0,0.00,"Clean Transaction"
2024-12-01,2024-12,1740,West,Pro,Active,50.00,50.00,0,0,0.00,"Clean Transaction"
2024-12-01,2024-12,1741,East,Basic,Active,10.00,10.00,0,0,0.00,"Clean Transaction"
2024-12-01,2024-12,1743,South,Enterprise,Active,200.00,200.00,0,0,0.00,"Clean Transaction"
2024-12-01,2024-12,1744,North,Enterprise,Active,200.00,200.00,0,0,0.00,"Clean Transaction"
2024-12-01,2024-12,1745,East,Enterprise,Active,200.00,200.00,0,0,0.00,"Clean Transaction"
2024-12-01,2024-12,1746,South,Pro,Active,50.00,50.00,0,0,0.00,"Clean Transaction"
2024-12-01,2024-12,1747,East,Basic,Active,10.00,10.00,0,0,0.00,"Clean Transaction"
2024-12-01,2024-12,1749,North,Basic,Active,10.00,10.00,0,0,0.00,"Clean Transaction"
2024-12-01,2024-12,1750,South,Basic,Active,10.00,10.00,0,0,0.00,"Clean Transaction"
2024-12-01,2024-12,1751,West,Pro,Active,50.00,50.00,0,0,0.00,"Clean Transaction"
2024-12-01,2024-12,1752,North,Basic,Active,10.00,10.00,0,0,0.00,"Clean Transaction"
2024-12-01,2024-12,1753,South,Enterprise,Active,200.00,200.00,0,0,0.00,"Clean Transaction"
2024-12-01,2024-12,1754,South,Basic,Active,10.00,10.00,0,0,0.00,"Clean Transaction"
2024-12-01,2024-12,1755,South,Enterprise,Active,200.00,200.00,0,0,0.00,"Clean Transaction"
2024-12-01,2024-12,1756,South,Basic,Active,10.00,10.00,0,0,0.00,"Clean Transaction"
2024-12-01,2024-12,1757,South,Pro,Active,50.00,50.00,0,0,0.00,"Clean Transaction"
2024-12-01,2024-12,1758,East,Enterprise,Active,200.00,200.00,0,0,0.00,"Clean Transaction"
2024-12-01,2024-12,1759,North,Enterprise,Active,200.00,200.00,0,0,0.00,"Clean Transaction"
2024-12-01,2024-12,1760,East,Pro,Cancelled,50.00,50.00,0,0,0.00,"Clean Transaction"
2024-12-01,2024-12,1761,West,Enterprise,Active,200.00,200.00,0,0,0.00,"Clean Transaction"
2024-12-01,2024-12,1762,South,Basic,Active,10.00,10.00,0,0,0.00,"Clean Transaction"
2024-12-01,2024-12,1763,North,Basic,Active,10.00,10.00,0,0,0.00,"Clean Transaction"
2024-12-01,2024-12,1764,South,Enterprise,Active,200.00,200.00,0,0,0.00,"Clean Transaction"
2024-12-01,2024-12,1765,North,Pro,Active,50.00,50.00,0,0,0.00,"Clean Transaction"
2024-12-01,2024-12,1766,East,Enterprise,Active,200.00,200.00,0,0,0.00,"Clean Transaction"
2024-12-01,2024-12,1767,North,Basic,Active,10.00,10.00,0,0,0.00,"Clean Transaction"
2024-12-01,2024-12,1768,West,Pro,Active,50.00,50.00,0,0,0.00,"Clean Transaction"
2024-12-01,2024-12,1769,West,Pro,Active,50.00,50.00,0,0,0.00,"Clean Transaction"
2024-12-01,2024-12,1770,North,Basic,Active,10.00,10.00,0,0,0.00,"Clean Transaction"
2024-12-01,2024-12,1771,North,Enterprise,Active,200.00,200.00,0,0,0.00,"Clean Transaction"
2024-12-01,2024-12,1772,North,Pro,Active,50.00,50.00,0,0,0.00,"Clean Transaction"
2024-12-01,2024-12,1773,North,Enterprise,Active,200.00,200.00,0,0,0.00,"Clean Transaction"
2024-12-01,2024-12,1774,West,Enterprise,Active,200.00,200.00,0,0,0.00,"Clean Transaction"
2024-12-01,2024-12,1775,South,Enterprise,Active,200.00,200.00,0,0,0.00,"Clean Transaction"
2024-12-01,2024-12,1776,North,Basic,Active,10.00,10.00,0,0,0.00,"Clean Transaction"
2024-12-01,2024-12,1777,North,Pro,Active,50.00,0.00,1,0,50.00,"Unpaid Invoice"
2024-12-01,2024-12,1778,West,Enterprise,Active,200.00,200.00,0,0,0.00,"Clean Transaction"
2024-12-01,2024-12,1779,West,Basic,Active,10.00,10.00,0,0,0.00,"Clean Transaction"
2024-12-01,2024-12,1781,North,Basic,Active,10.00,10.00,0,0,0.00,"Clean Transaction"
2024-12-01,2024-12,1782,East,Basic,Active,10.00,10.00,0,0,0.00,"Clean Transaction"
2024-12-01,2024-12,1783,West,Pro,Active,50.00,50.00,0,0,0.00,"Clean Transaction"
2024-12-01,2024-12,1784,West,Enterprise,Active,200.00,200.00,0,0,0.00,"Clean Transaction"
2024-12-01,2024-12,1785,South,Pro,Active,50.00,50.00,0,0,0.00,"Clean Transaction"
2024-12-01,2024-12,1786,North,Enterprise,Active,200.00,200.00,0,0,0.00,"Clean Transaction"
2024-12-01,2024-12,1787,East,Enterprise,Active,200.00,200.00,0,0,0.00,"Clean Transaction"
2024-12-01,2024-12,1788,West,Enterprise,Active,200.00,200.00,0,0,0.00,"Clean Transaction"
2024-12-01,2024-12,1789,West,Enterprise,Active,200.00,200.00,0,0,0.00,"Clean Transaction"
2024-12-01,2024-12,1790,East,Basic,Active,10.00,10.00,0,0,0.00,"Clean Transaction"
2024-12-01,2024-12,1791,South,Enterprise,Active,200.00,0.00,1,0,200.00,"Unpaid Invoice"
2024-12-01,2024-12,1792,West,Pro,Active,50.00,50.00,0,0,0.00,"Clean Transaction"
2024-12-01,2024-12,1793,North,Pro,Active,50.00,50.00,0,0,0.00,"Clean Transaction"
2024-12-01,2024-12,1794,West,Basic,Active,10.00,10.00,0,0,0.00,"Clean Transaction"
2024-12-01,2024-12,1795,North,Pro,Active,50.00,50.00,0,0,0.00,"Clean Transaction"
2024-12-01,2024-12,1796,East,Enterprise,Active,200.00,200.00,0,0,0.00,"Clean Transaction"
2024-12-01,2024-12,1797,North,Pro,Active,50.00,50.00,0,0,0.00,"Clean Transaction"
2024-12-01,2024-12,1798,East,Pro,Active,50.00,50.00,0,0,0.00,"Clean Transaction"
2024-12-01,2024-12,1799,North,Enterprise,Active,200.00,200.00,0,0,0.00,"Clean Transaction"
2024-12-01,2024-12,1802,South,Pro,Active,50.00,50.00,0,0,0.00,"Clean Transaction"
2024-12-01,2024-12,1803,North,Pro,Active,50.00,47.11,0,0,2.89,"Partial Payment"
2024-12-01,2024-12,1804,North,Enterprise,Active,200.00,200.00,0,0,0.00,"Clean Transaction"
2024-12-01,2024-12,1805,South,Basic,Active,10.00,10.00,0,0,0.00,"Clean Transaction"
2024-12-01,2024-12,1806,West,Enterprise,Active,200.00,200.00,0,0,0.00,"Clean Transaction"
2024-12-01,2024-12,1807,West,Enterprise,Active,200.00,200.00,0,0,0.00,"Clean Transaction"
2024-12-01,2024-12,1808,North,Enterprise,Active,200.00,200.00,0,0,0.00,"Clean Transaction"
2024-12-01,2024-12,1810,North,Enterprise,Active,200.00,200.00,0,0,0.00,"Clean Transaction"
2024-12-01,2024-12,1811,East,Basic,Active,10.00,10.00,0,0,0.00,"Clean Transaction"
2024-12-01,2024-12,1812,East,Pro,Active,50.00,50.00,0,0,0.00,"Clean Transaction"
2024-12-01,2024-12,1813,North,Pro,Active,50.00,50.00,0,0,0.00,"Clean Transaction"
2024-12-01,2024-12,1814,West,Pro,Active,50.00,50.00,0,0,0.00,"Clean Transaction"
2024-12-01,2024-12,1815,West,Pro,Active,50.00,50.00,0,0,0.00,"Clean Transaction"
2024-12-01,2024-12,1816,North,Pro,Active,50.00,50.00,0,0,0.00,"Clean Transaction"
2024-12-01,2024-12,1817,North,Enterprise,Active,200.00,200.00,0,0,0.00,"Clean Transaction"
2024-12-01,2024-12,1818,East,Pro,Active,50.00,50.00,0,0,0.00,"Clean Transaction"
2024-12-01,2024-12,1820,North,Basic,Active,10.00,10.00,0,0,0.00,"Clean Transaction"
2024-12-01,2024-12,1821,East,Basic,Active,10.00,9.11,0,0,0.89,"Partial Payment"
2024-12-01,2024-12,1822,West,Basic,Active,10.00,10.00,0,0,0.00,"Clean Transaction"
2024-12-01,2024-12,1823,South,Enterprise,Active,200.00,200.00,0,0,0.00,"Clean Transaction"
2024-12-01,2024-12,1824,East,Pro,Active,50.00,50.00,0,0,0.00,"Clean Transaction"
2024-12-01,2024-12,1825,West,Pro,Active,50.00,50.00,0,0,0.00,"Clean Transaction"
2024-12-01,2024-12,1826,West,Enterprise,Active,200.00,200.00,0,0,0.00,"Clean Transaction"
2024-12-01,2024-12,1827,East,Enterprise,Active,200.00,200.00,0,0,0.00,"Clean Transaction"
2024-12-01,2024-12,1828,South,Pro,Active,50.00,50.00,0,0,0.00,"Clean Transaction"
2024-12-01,2024-12,1829,East,Enterprise,Active,200.00,200.00,0,0,0.00,"Clean Transaction"
2024-12-01,2024-12,1830,West,Basic,Active,10.00,10.00,0,0,0.00,"Clean Transaction"
2024-12-01,2024-12,1831,North,Pro,Active,50.00,50.00,0,0,0.00,"Clean Transaction"
2024-12-01,2024-12,1832,North,Pro,Active,50.00,50.00,0,0,0.00,"Clean Transaction"
2024-12-01,2024-12,1833,East,Enterprise,Active,200.00,0.00,1,0,200.00,"Unpaid Invoice"
2024-12-01,2024-12,1834,West,Enterprise,Active,200.00,200.00,0,0,0.00,"Clean Transaction"
2024-12-01,2024-12,1835,North,Pro,Active,50.00,50.00,0,0,0.00,"Clean Transaction"
2024-12-01,2024-12,1836,West,Basic,Active,10.00,10.00,0,0,0.00,"Clean Transaction"
2024-12-01,2024-12,1837,East,Basic,Active,10.00,10.00,0,0,0.00,"Clean Transaction"
2024-12-01,2024-12,1838,North,Basic,Active,10.00,10.00,0,0,0.00,"Clean Transaction"
2024-12-01,2024-12,1839,West,Enterprise,Active,200.00,200.00,0,0,0.00,"Clean Transaction"
2024-12-01,2024-12,1840,North,Enterprise,Active,200.00,200.00,0,0,0.00,"Clean Transaction"
2024-12-01,2024-12,1841,East,Pro,Active,50.00,50.00,0,0,0.00,"Clean Transaction"
2024-12-01,2024-12,1842,West,Pro,Active,50.00,50.00,0,0,0.00,"Clean Transaction"
2024-12-01,2024-12,1843,North,Pro,Active,50.00,50.00,0,0,0.00,"Clean Transaction"
2024-12-01,2024-12,1844,East,Pro,Active,50.00,50.00,0,0,0.00,"Clean Transaction"
2024-12-01,2024-12,1845,North,Pro,Active,50.00,0.00,1,0,50.00,"Unpaid Invoice"
2024-12-01,2024-12,1846,North,Basic,Active,10.00,10.00,0,0,0.00,"Clean Transaction"
2024-12-01,2024-12,1847,South,Pro,Active,50.00,50.00,0,0,0.00,"Clean Transaction"
2024-12-01,2024-12,1848,South,Pro,Active,50.00,50.00,0,0,0.00,"Clean Transaction"
2024-12-01,2024-12,1849,East,Pro,Active,50.00,50.00,0,0,0.00,"Clean Transaction"
2024-12-01,2024-12,1851,East,Basic,Active,10.00,10.00,0,0,0.00,"Clean Transaction"
2024-12-01,2024-12,1852,South,Pro,Active,50.00,50.00,0,0,0.00,"Clean Transaction"
2024-12-01,2024-12,1853,North,Pro,Active,50.00,50.00,0,0,0.00,"Clean Transaction"
2024-12-01,2024-12,1854,East,Basic,Active,10.00,0.00,1,0,10.00,"Unpaid Invoice"
2024-12-01,2024-12,1855,East,Basic,Active,10.00,10.00,0,0,0.00,"Clean Transaction"
2024-12-01,2024-12,1856,North,Basic,Active,10.00,10.00,0,0,0.00,"Clean Transaction"
2024-12-01,2024-12,1857,East,Pro,Active,50.00,50.00,0,0,0.00,"Clean Transaction"
2024-12-01,2024-12,1858,East,Pro,Active,50.00,50.00,0,0,0.00,"Clean Transaction"
2024-12-01,2024-12,1859,South,Enterprise,Active,200.00,200.00,0,0,0.00,"Clean Transaction"
2024-12-01,2024-12,1860,East,Enterprise,Active,200.00,200.00,0,0,0.00,"Clean Transaction"
2024-12-01,2024-12,1861,West,Enterprise,Active,200.00,200.00,0,0,0.00,"Clean Transaction"
2024-12-01,2024-12,1862,North,Enterprise,Active,200.00,200.00,0,0,0.00,"Clean Transaction"
2024-12-01,2024-12,1863,South,Enterprise,Active,200.00,200.00,0,0,0.00,"Clean Transaction"
2024-12-01,2024-12,1864,South,Enterprise,Active,200.00,180.34,0,0,19.66,"Partial Payment"
2024-12-01,2024-12,1865,West,Pro,Active,50.00,50.00,0,0,0.00,"Clean Transaction"
2024-12-01,2024-12,1866,North,Enterprise,Active,200.00,200.00,0,0,0.00,"Clean Transaction"
2024-12-01,2024-12,1867,North,Basic,Active,10.00,10.00,0,0,0.00,"Clean Transaction"
2024-12-01,2024-12,1868,South,Enterprise,Active,200.00,200.00,0,0,0.00,"Clean Transaction"
2024-12-01,2024-12,1869,East,Enterprise,Active,200.00,200.00,0,0,0.00,"Clean Transaction"
2024-12-01,2024-12,1870,South,Pro,Active,50.00,50.00,0,0,0.00,"Clean Transaction"
2024-12-01,2024-12,1871,North,Enterprise,Active,200.00,200.00,0,0,0.00,"Clean Transaction"
2024-12-01,2024-12,1872,West,Basic,Active,10.00,10.00,0,0,0.00,"Clean Transaction"
2024-12-01,2024-12,1873,South,Basic,Active,10.00,10.00,0,0,0.00,"Clean Transaction"
2024-12-01,2024-12,1874,North,Pro,Active,50.00,50.00,0,0,0.00,"Clean Transaction"
2024-12-01,2024-12,1875,South,Basic,Active,10.00,10.00,0,0,0.00,"Clean Transaction"
2024-12-01,2024-12,1876,East,Enterprise,Active,200.00,200.00,0,0,0.00,"Clean Transaction"
2024-12-01,2024-12,1877,South,Pro,Active,50.00,50.00,0,0,0.00,"Clean Transaction"
2024-12-01,2024-12,1878,South,Pro,Active,50.00,50.00,0,0,0.00,"Clean Transaction"
2024-12-01,2024-12,1879,North,Basic,Active,10.00,10.00,0,0,0.00,"Clean Transaction"
2024-12-01,2024-12,1881,North,Pro,Active,50.00,50.00,0,0,0.00,"Clean Transaction"
2024-12-01,2024-12,1882,South,Basic,Active,10.00,10.00,0,0,0.00,"Clean Transaction"
2024-12-01,2024-12,1884,West,Basic,Active,10.00,10.00,0,0,0.00,"Clean Transaction"
2024-12-01,2024-12,1885,West,Basic,Active,10.00,10.00,0,0,0.00,"Clean Transaction"
2024-12-01,2024-12,1886,North,Basic,Active,10.00,10.00,0,0,0.00,"Clean Transaction"
2024-12-01,2024-12,1887,North,Pro,Active,50.00,50.00,0,0,0.00,"Clean Transaction"
2024-12-01,2024-12,1888,South,Basic,Active,10.00,10.00,0,0,0.00,"Clean Transaction"
2024-12-01,2024-12,1889,West,Enterprise,Active,200.00,200.00,0,0,0.00,"Clean Transaction"
2024-12-01,2024-12,1890,North,Pro,Active,50.00,50.00,0,0,0.00,"Clean Transaction"
2024-12-01,2024-12,1892,East,Enterprise,Active,200.00,192.18,0,0,7.82,"Partial Payment"
2024-12-01,2024-12,1893,North,Enterprise,Active,200.00,200.00,0,0,0.00,"Clean Transaction"
2024-12-01,2024-12,1894,North,Pro,Active,50.00,50.00,0,0,0.00,"Clean Transaction"
2024-12-01,2024-12,1896,West,Enterprise,Active,200.00,0.00,1,0,200.00,"Unpaid Invoice"
2024-12-01,2024-12,1898,West,Pro,Active,50.00,50.00,0,0,0.00,"Clean Transaction"
2024-12-01,2024-12,1899,East,Enterprise,Active,200.00,200.00,0,0,0.00,"Clean Transaction"
2024-12-01,2024-12,1900,East,Pro,Active,50.00,50.00,0,0,0.00,"Clean Transaction"
2024-12-01,2024-12,1901,North,Enterprise,Active,200.00,200.00,0,0,0.00,"Clean Transaction"
2024-12-01,2024-12,1902,West,Basic,Active,10.00,10.00,0,0,0.00,"Clean Transaction"
2024-12-01,2024-12,1903,South,Pro,Active,50.00,50.00,0,0,0.00,"Clean Transaction"
2024-12-01,2024-12,1904,East,Pro,Active,50.00,50.00,0,0,0.00,"Clean Transaction"
2024-12-01,2024-12,1905,East,Pro,Active,50.00,50.00,0,0,0.00,"Clean Transaction"
2024-12-01,2024-12,1906,South,Basic,Active,10.00,0.00,1,0,10.00,"Unpaid Invoice"
2024-12-01,2024-12,1907,South,Enterprise,Active,200.00,200.00,0,0,0.00,"Clean Transaction"
2024-12-01,2024-12,1908,East,Basic,Active,10.00,10.00,0,0,0.00,"Clean Transaction"
2024-12-01,2024-12,1909,East,Enterprise,Active,200.00,200.00,0,0,0.00,"Clean Transaction"
2024-12-01,2024-12,1910,South,Basic,Active,10.00,10.00,0,0,0.00,"Clean Transaction"
2024-12-01,2024-12,1911,East,Pro,Active,50.00,50.00,0,0,0.00,"Clean Transaction"
2024-12-01,2024-12,1912,North,Basic,Active,10.00,10.00,0,0,0.00,"Clean Transaction"
2024-12-01,2024-12,1914,South,Basic,Active,10.00,10.00,0,0,0.00,"Clean Transaction"
2024-12-01,2024-12,1916,South,Enterprise,Active,200.00,200.00,0,0,0.00,"Clean Transaction"
2024-12-01,2024-12,1917,South,Pro,Active,50.00,50.00,0,0,0.00,"Clean Transaction"
2024-12-01,2024-12,1918,West,Pro,Active,50.00,50.00,0,0,0.00,"Clean Transaction"
2024-12-01,2024-12,1919,West,Pro,Active,50.00,50.00,0,0,0.00,"Clean Transaction"
2024-12-01,2024-12,1920,West,Pro,Active,50.00,50.00,0,0,0.00,"Clean Transaction"
2024-12-01,2024-12,1921,North,Basic,Active,10.00,10.00,0,0,0.00,"Clean Transaction"
2024-12-01,2024-12,1922,East,Enterprise,Active,200.00,200.00,0,0,0.00,"Clean Transaction"
2024-12-01,2024-12,1923,North,Enterprise,Active,200.00,200.00,0,0,0.00,"Clean Transaction"
2024-12-01,2024-12,1924,East,Enterprise,Active,200.00,200.00,0,0,0.00,"Clean Transaction"
2024-12-01,2024-12,1925,North,Basic,Active,10.00,10.00,0,0,0.00,"Clean Transaction"
2024-12-01,2024-12,1926,East,Enterprise,Active,200.00,200.00,0,0,0.00,"Clean Transaction"
2024-12-01,2024-12,1927,North,Enterprise,Active,200.00,200.00,0,0,0.00,"Clean Transaction"
2024-12-01,2024-12,1928,West,Enterprise,Active,200.00,200.00,0,0,0.00,"Clean Transaction"
2024-12-01,2024-12,1929,South,Pro,Active,50.00,50.00,0,0,0.00,"Clean Transaction"
2024-12-01,2024-12,1931,East,Basic,Active,10.00,10.00,0,0,0.00,"Clean Transaction"
2024-12-01,2024-12,1932,West,Pro,Active,50.00,50.00,0,0,0.00,"Clean Transaction"
2024-12-01,2024-12,1933,North,Pro,Active,50.00,50.00,0,0,0.00,"Clean Transaction"
2024-12-01,2024-12,1934,North,Enterprise,Active,200.00,200.00,0,0,0.00,"Clean Transaction"
2024-12-01,2024-12,1935,West,Enterprise,Active,200.00,0.00,1,0,200.00,"Unpaid Invoice"
2024-12-01,2024-12,1936,North,Pro,Active,50.00,50.00,0,0,0.00,"Clean Transaction"
2024-12-01,2024-12,1937,South,Basic,Active,10.00,10.00,0,0,0.00,"Clean Transaction"
2024-12-01,2024-12,1939,South,Pro,Active,50.00,50.00,0,0,0.00,"Clean Transaction"
2024-12-01,2024-12,1940,South,Enterprise,Active,200.00,200.00,0,0,0.00,"Clean Transaction"
2024-12-01,2024-12,1941,West,Basic,Active,10.00,10.00,0,0,0.00,"Clean Transaction"
2024-12-01,2024-12,1942,North,Basic,Active,10.00,10.00,0,0,0.00,"Clean Transaction"
2024-12-01,2024-12,1943,West,Pro,Active,50.00,50.00,0,0,0.00,"Clean Transaction"
2024-12-01,2024-12,1944,North,Enterprise,Active,200.00,200.00,0,0,0.00,"Clean Transaction"
2024-12-01,2024-12,1946,East,Enterprise,Active,200.00,200.00,0,0,0.00,"Clean Transaction"
2024-12-01,2024-12,1947,North,Enterprise,Active,200.00,200.00,0,0,0.00,"Clean Transaction"
2024-12-01,2024-12,1948,West,Basic,Active,10.00,10.00,0,0,0.00,"Clean Transaction"
2024-12-01,2024-12,1949,South,Basic,Active,10.00,10.00,0,0,0.00,"Clean Transaction"
2024-12-01,2024-12,1950,North,Pro,Active,50.00,50.00,0,0,0.00,"Clean Transaction"
2024-12-01,2024-12,1951,East,Pro,Active,50.00,50.00,0,0,0.00,"Clean Transaction"
2024-12-01,2024-12,1952,West,Basic,Active,10.00,10.00,0,0,0.00,"Clean Transaction"
2024-12-01,2024-12,1953,North,Pro,Active,50.00,50.00,0,0,0.00,"Clean Transaction"
2024-12-01,2024-12,1954,West,Enterprise,Active,200.00,200.00,0,0,0.00,"Clean Transaction"
2024-12-01,2024-12,1955,East,Pro,Active,50.00,50.00,0,0,0.00,"Clean Transaction"
2024-12-01,2024-12,1956,East,Enterprise,Active,200.00,200.00,0,0,0.00,"Clean Transaction"
2024-12-01,2024-12,1957,West,Pro,Active,50.00,50.00,0,0,0.00,"Clean Transaction"
2024-12-01,2024-12,1958,North,Pro,Active,50.00,50.00,0,0,0.00,"Clean Transaction"
2024-12-01,2024-12,1959,South,Enterprise,Active,200.00,200.00,0,0,0.00,"Clean Transaction"
2024-12-01,2024-12,1960,East,Basic,Active,10.00,10.00,0,0,0.00,"Clean Transaction"
2024-12-01,2024-12,1961,North,Enterprise,Active,200.00,200.00,0,0,0.00,"Clean Transaction"
2024-12-01,2024-12,1962,North,Basic,Active,10.00,10.00,0,0,0.00,"Clean Transaction"
2024-12-01,2024-12,1964,East,Enterprise,Active,200.00,200.00,0,0,0.00,"Clean Transaction"
2024-12-01,2024-12,1965,East,Enterprise,Active,200.00,200.00,0,0,0.00,"Clean Transaction"
2024-12-01,2024-12,1966,North,Basic,Active,10.00,10.00,0,0,0.00,"Clean Transaction"
2024-12-01,2024-12,1967,North,Enterprise,Active,200.00,200.00,0,0,0.00,"Clean Transaction"
2024-12-01,2024-12,1968,South,Enterprise,Active,200.00,200.00,0,0,0.00,"Clean Transaction"
2024-12-01,2024-12,1969,South,Enterprise,Active,200.00,200.00,0,0,0.00,"Clean Transaction"
2024-12-01,2024-12,1973,North,Basic,Active,10.00,10.00,0,0,0.00,"Clean Transaction"
2024-12-01,2024-12,1974,East,Enterprise,Active,200.00,200.00,0,0,0.00,"Clean Transaction"
2024-12-01,2024-12,1975,West,Pro,Active,50.00,50.00,0,0,0.00,"Clean Transaction"
2024-12-01,2024-12,1976,South,Basic,Active,10.00,10.00,0,0,0.00,"Clean Transaction"
2024-12-01,2024-12,1977,West,Pro,Active,50.00,50.00,0,0,0.00,"Clean Transaction"
2024-12-01,2024-12,1978,West,Enterprise,Active,200.00,200.00,0,0,0.00,"Clean Transaction"
2024-12-01,2024-12,1979,West,Enterprise,Active,200.00,200.00,0,0,0.00,"Clean Transaction"
2024-12-01,2024-12,1980,South,Enterprise,Active,200.00,200.00,0,0,0.00,"Clean Transaction"
2024-12-01,2024-12,1981,West,Basic,Active,10.00,10.00,0,0,0.00,"Clean Transaction"
2024-12-01,2024-12,1982,West,Basic,Active,10.00,9.00,0,0,1.00,"Partial Payment"
2024-12-01,2024-12,1985,West,Enterprise,Active,200.00,200.00,0,0,0.00,"Clean Transaction"
2024-12-01,2024-12,1987,West,Basic,Active,10.00,10.00,0,0,0.00,"Clean Transaction"
2024-12-01,2024-12,1988,West,Enterprise,Active,200.00,200.00,0,0,0.00,"Clean Transaction"
2024-12-01,2024-12,1989,South,Basic,Active,10.00,10.00,0,0,0.00,"Clean Transaction"
2024-12-01,2024-12,1990,West,Enterprise,Active,200.00,200.00,0,0,0.00,"Clean Transaction"
2024-12-01,2024-12,1992,West,Basic,Active,10.00,10.00,0,0,0.00,"Clean Transaction"
2024-12-01,2024-12,1993,South,Pro,Active,50.00,50.00,0,0,0.00,"Clean Transaction"
2024-12-01,2024-12,1994,West,Basic,Active,10.00,10.00,0,0,0.00,"Clean Transaction"
2024-12-01,2024-12,1995,West,Basic,Active,10.00,10.00,0,0,0.00,"Clean Transaction"
2024-12-01,2024-12,1996,North,Basic,Active,10.00,10.00,0,0,0.00,"Clean Transaction"
2024-12-01,2024-12,1998,West,Basic,Active,10.00,10.00,0,0,0.00,"Clean Transaction"
2024-12-01,2024-12,1999,West,Pro,Active,50.00,50.00,0,0,0.00,"Clean Transaction"
2024-09-30,2024-09,1013,East,Basic,Active,0.00,0.00,0,1,10.00,"Missing Invoice"
2024-09-30,2024-09,1232,West,Basic,Active,0.00,0.00,0,1,10.00,"Missing Invoice"
2024-09-30,2024-09,1370,East,Basic,Active,0.00,0.00,0,1,10.00,"Missing Invoice"
2024-09-30,2024-09,1436,West,Basic,Active,0.00,0.00,0,1,10.00,"Missing Invoice"
2024-09-30,2024-09,1605,East,Basic,Active,0.00,0.00,0,1,10.00,"Missing Invoice"
2024-09-30,2024-09,1811,East,Basic,Active,0.00,0.00,0,1,10.00,"Missing Invoice"
2024-09-30,2024-09,1177,East,Pro,Active,0.00,0.00,0,1,50.00,"Missing Invoice"
2024-09-30,2024-09,1194,East,Pro,Active,0.00,0.00,0,1,50.00,"Missing Invoice"
2024-09-30,2024-09,1347,East,Pro,Active,0.00,0.00,0,1,50.00,"Missing Invoice"
2024-09-30,2024-09,1421,South,Pro,Active,0.00,0.00,0,1,50.00,"Missing Invoice"
2024-09-30,2024-09,1480,West,Pro,Active,0.00,0.00,0,1,50.00,"Missing Invoice"
2024-09-30,2024-09,1504,West,Pro,Active,0.00,0.00,0,1,50.00,"Missing Invoice"
2024-09-30,2024-09,1533,North,Pro,Active,0.00,0.00,0,1,50.00,"Missing Invoice"
